[08] попытка 1/3: Unique contribution
usage: image_gen.py edit [-h] [--model MODEL] [--prompt PROMPT]
                         [--prompt-file PROMPT_FILE] [--n N] [--size SIZE]
                         [--quality QUALITY] [--background BACKGROUND]
                         [--output-format OUTPUT_FORMAT]
                         [--output-compression OUTPUT_COMPRESSION]
                         [--moderation MODERATION] [--out OUT]
                         [--out-dir OUT_DIR] [--force] [--dry-run] [--augment]
                         [--no-augment] [--use-case USE_CASE] [--scene SCENE]
                         [--subject SUBJECT] [--style STYLE]
                         [--composition COMPOSITION] [--lighting LIGHTING]
                         [--palette PALETTE] [--materials MATERIALS]
                         [--text TEXT] [--constraints CONSTRAINTS]
                         [--negative NEGATIVE]
                         [--downscale-max-dim DOWNSCALE_MAX_DIM]
                         [--downscale-suffix DOWNSCALE_SUFFIX] --image IMAGE
                         [--mask MASK] [--input-fidelity INPUT_FIDELITY]
image_gen.py edit: error: ambiguous option: --output could match --output-format, --output-compression
[08] сбой сети/API; повтор через 20 секунд
[08] попытка 2/3: Unique contribution
usage: image_gen.py edit [-h] [--model MODEL] [--prompt PROMPT]
                         [--prompt-file PROMPT_FILE] [--n N] [--size SIZE]
                         [--quality QUALITY] [--background BACKGROUND]
                         [--output-format OUTPUT_FORMAT]
                         [--output-compression OUTPUT_COMPRESSION]
                         [--moderation MODERATION] [--out OUT]
                         [--out-dir OUT_DIR] [--force] [--dry-run] [--augment]
                         [--no-augment] [--use-case USE_CASE] [--scene SCENE]
                         [--subject SUBJECT] [--style STYLE]
                         [--composition COMPOSITION] [--lighting LIGHTING]
                         [--palette PALETTE] [--materials MATERIALS]
                         [--text TEXT] [--constraints CONSTRAINTS]
                         [--negative NEGATIVE]
                         [--downscale-max-dim DOWNSCALE_MAX_DIM]
                         [--downscale-suffix DOWNSCALE_SUFFIX] --image IMAGE
                         [--mask MASK] [--input-fidelity INPUT_FIDELITY]
image_gen.py edit: error: ambiguous option: --output could match --output-format, --output-compression
[08] сбой сети/API; повтор через 20 секунд
[08] попытка 3/3: Unique contribution
usage: image_gen.py edit [-h] [--model MODEL] [--prompt PROMPT]
                         [--prompt-file PROMPT_FILE] [--n N] [--size SIZE]
                         [--quality QUALITY] [--background BACKGROUND]
                         [--output-format OUTPUT_FORMAT]
                         [--output-compression OUTPUT_COMPRESSION]
                         [--moderation MODERATION] [--out OUT]
                         [--out-dir OUT_DIR] [--force] [--dry-run] [--augment]
                         [--no-augment] [--use-case USE_CASE] [--scene SCENE]
                         [--subject SUBJECT] [--style STYLE]
                         [--composition COMPOSITION] [--lighting LIGHTING]
                         [--palette PALETTE] [--materials MATERIALS]
                         [--text TEXT] [--constraints CONSTRAINTS]
                         [--negative NEGATIVE]
                         [--downscale-max-dim DOWNSCALE_MAX_DIM]
                         [--downscale-suffix DOWNSCALE_SUFFIX] --image IMAGE
                         [--mask MASK] [--input-fidelity INPUT_FIDELITY]
image_gen.py edit: error: ambiguous option: --output could match --output-format, --output-compression
[08] сбой сети/API; повтор через 20 секунд
[08] не удалось после трёх попыток — записано в render.log
[09] попытка 1/3: Focus
usage: image_gen.py edit [-h] [--model MODEL] [--prompt PROMPT]
                         [--prompt-file PROMPT_FILE] [--n N] [--size SIZE]
                         [--quality QUALITY] [--background BACKGROUND]
                         [--output-format OUTPUT_FORMAT]
                         [--output-compression OUTPUT_COMPRESSION]
                         [--moderation MODERATION] [--out OUT]
                         [--out-dir OUT_DIR] [--force] [--dry-run] [--augment]
                         [--no-augment] [--use-case USE_CASE] [--scene SCENE]
                         [--subject SUBJECT] [--style STYLE]
                         [--composition COMPOSITION] [--lighting LIGHTING]
                         [--palette PALETTE] [--materials MATERIALS]
                         [--text TEXT] [--constraints CONSTRAINTS]
                         [--negative NEGATIVE]
                         [--downscale-max-dim DOWNSCALE_MAX_DIM]
                         [--downscale-suffix DOWNSCALE_SUFFIX] --image IMAGE
                         [--mask MASK] [--input-fidelity INPUT_FIDELITY]
image_gen.py edit: error: ambiguous option: --output could match --output-format, --output-compression
[09] сбой сети/API; повтор через 20 секунд
[09] попытка 2/3: Focus
usage: image_gen.py edit [-h] [--model MODEL] [--prompt PROMPT]
                         [--prompt-file PROMPT_FILE] [--n N] [--size SIZE]
                         [--quality QUALITY] [--background BACKGROUND]
                         [--output-format OUTPUT_FORMAT]
                         [--output-compression OUTPUT_COMPRESSION]
                         [--moderation MODERATION] [--out OUT]
                         [--out-dir OUT_DIR] [--force] [--dry-run] [--augment]
                         [--no-augment] [--use-case USE_CASE] [--scene SCENE]
                         [--subject SUBJECT] [--style STYLE]
                         [--composition COMPOSITION] [--lighting LIGHTING]
                         [--palette PALETTE] [--materials MATERIALS]
                         [--text TEXT] [--constraints CONSTRAINTS]
                         [--negative NEGATIVE]
                         [--downscale-max-dim DOWNSCALE_MAX_DIM]
                         [--downscale-suffix DOWNSCALE_SUFFIX] --image IMAGE
                         [--mask MASK] [--input-fidelity INPUT_FIDELITY]
image_gen.py edit: error: ambiguous option: --output could match --output-format, --output-compression
[09] сбой сети/API; повтор через 20 секунд
[09] попытка 3/3: Focus
usage: image_gen.py edit [-h] [--model MODEL] [--prompt PROMPT]
                         [--prompt-file PROMPT_FILE] [--n N] [--size SIZE]
                         [--quality QUALITY] [--background BACKGROUND]
                         [--output-format OUTPUT_FORMAT]
                         [--output-compression OUTPUT_COMPRESSION]
                         [--moderation MODERATION] [--out OUT]
                         [--out-dir OUT_DIR] [--force] [--dry-run] [--augment]
                         [--no-augment] [--use-case USE_CASE] [--scene SCENE]
                         [--subject SUBJECT] [--style STYLE]
                         [--composition COMPOSITION] [--lighting LIGHTING]
                         [--palette PALETTE] [--materials MATERIALS]
                         [--text TEXT] [--constraints CONSTRAINTS]
                         [--negative NEGATIVE]
                         [--downscale-max-dim DOWNSCALE_MAX_DIM]
                         [--downscale-suffix DOWNSCALE_SUFFIX] --image IMAGE
                         [--mask MASK] [--input-fidelity INPUT_FIDELITY]
image_gen.py edit: error: ambiguous option: --output could match --output-format, --output-compression
[09] сбой сети/API; повтор через 20 секунд
[09] не удалось после трёх попыток — записано в render.log
[10] попытка 1/3: Authentic behaviour
usage: image_gen.py edit [-h] [--model MODEL] [--prompt PROMPT]
                         [--prompt-file PROMPT_FILE] [--n N] [--size SIZE]
                         [--quality QUALITY] [--background BACKGROUND]
                         [--output-format OUTPUT_FORMAT]
                         [--output-compression OUTPUT_COMPRESSION]
                         [--moderation MODERATION] [--out OUT]
                         [--out-dir OUT_DIR] [--force] [--dry-run] [--augment]
                         [--no-augment] [--use-case USE_CASE] [--scene SCENE]
                         [--subject SUBJECT] [--style STYLE]
                         [--composition COMPOSITION] [--lighting LIGHTING]
                         [--palette PALETTE] [--materials MATERIALS]
                         [--text TEXT] [--constraints CONSTRAINTS]
                         [--negative NEGATIVE]
                         [--downscale-max-dim DOWNSCALE_MAX_DIM]
                         [--downscale-suffix DOWNSCALE_SUFFIX] --image IMAGE
                         [--mask MASK] [--input-fidelity INPUT_FIDELITY]
image_gen.py edit: error: ambiguous option: --output could match --output-format, --output-compression
[10] сбой сети/API; повтор через 20 секунд
[10] попытка 2/3: Authentic behaviour
usage: image_gen.py edit [-h] [--model MODEL] [--prompt PROMPT]
                         [--prompt-file PROMPT_FILE] [--n N] [--size SIZE]
                         [--quality QUALITY] [--background BACKGROUND]
                         [--output-format OUTPUT_FORMAT]
                         [--output-compression OUTPUT_COMPRESSION]
                         [--moderation MODERATION] [--out OUT]
                         [--out-dir OUT_DIR] [--force] [--dry-run] [--augment]
                         [--no-augment] [--use-case USE_CASE] [--scene SCENE]
                         [--subject SUBJECT] [--style STYLE]
                         [--composition COMPOSITION] [--lighting LIGHTING]
                         [--palette PALETTE] [--materials MATERIALS]
                         [--text TEXT] [--constraints CONSTRAINTS]
                         [--negative NEGATIVE]
                         [--downscale-max-dim DOWNSCALE_MAX_DIM]
                         [--downscale-suffix DOWNSCALE_SUFFIX] --image IMAGE
                         [--mask MASK] [--input-fidelity INPUT_FIDELITY]
image_gen.py edit: error: ambiguous option: --output could match --output-format, --output-compression
[10] сбой сети/API; повтор через 20 секунд
[10] попытка 3/3: Authentic behaviour
usage: image_gen.py edit [-h] [--model MODEL] [--prompt PROMPT]
                         [--prompt-file PROMPT_FILE] [--n N] [--size SIZE]
                         [--quality QUALITY] [--background BACKGROUND]
                         [--output-format OUTPUT_FORMAT]
                         [--output-compression OUTPUT_COMPRESSION]
                         [--moderation MODERATION] [--out OUT]
                         [--out-dir OUT_DIR] [--force] [--dry-run] [--augment]
                         [--no-augment] [--use-case USE_CASE] [--scene SCENE]
                         [--subject SUBJECT] [--style STYLE]
                         [--composition COMPOSITION] [--lighting LIGHTING]
                         [--palette PALETTE] [--materials MATERIALS]
                         [--text TEXT] [--constraints CONSTRAINTS]
                         [--negative NEGATIVE]
                         [--downscale-max-dim DOWNSCALE_MAX_DIM]
                         [--downscale-suffix DOWNSCALE_SUFFIX] --image IMAGE
                         [--mask MASK] [--input-fidelity INPUT_FIDELITY]
image_gen.py edit: error: ambiguous option: --output could match --output-format, --output-compression
[10] сбой сети/API; повтор через 20 секунд
[10] не удалось после трёх попыток — записано в render.log
[11] попытка 1/3: Ideas
usage: image_gen.py edit [-h] [--model MODEL] [--prompt PROMPT]
                         [--prompt-file PROMPT_FILE] [--n N] [--size SIZE]
                         [--quality QUALITY] [--background BACKGROUND]
                         [--output-format OUTPUT_FORMAT]
                         [--output-compression OUTPUT_COMPRESSION]
                         [--moderation MODERATION] [--out OUT]
                         [--out-dir OUT_DIR] [--force] [--dry-run] [--augment]
                         [--no-augment] [--use-case USE_CASE] [--scene SCENE]
                         [--subject SUBJECT] [--style STYLE]
                         [--composition COMPOSITION] [--lighting LIGHTING]
                         [--palette PALETTE] [--materials MATERIALS]
                         [--text TEXT] [--constraints CONSTRAINTS]
                         [--negative NEGATIVE]
                         [--downscale-max-dim DOWNSCALE_MAX_DIM]
                         [--downscale-suffix DOWNSCALE_SUFFIX] --image IMAGE
                         [--mask MASK] [--input-fidelity INPUT_FIDELITY]
image_gen.py edit: error: ambiguous option: --output could match --output-format, --output-compression
[11] сбой сети/API; повтор через 20 секунд
[11] попытка 2/3: Ideas
usage: image_gen.py edit [-h] [--model MODEL] [--prompt PROMPT]
                         [--prompt-file PROMPT_FILE] [--n N] [--size SIZE]
                         [--quality QUALITY] [--background BACKGROUND]
                         [--output-format OUTPUT_FORMAT]
                         [--output-compression OUTPUT_COMPRESSION]
                         [--moderation MODERATION] [--out OUT]
                         [--out-dir OUT_DIR] [--force] [--dry-run] [--augment]
                         [--no-augment] [--use-case USE_CASE] [--scene SCENE]
                         [--subject SUBJECT] [--style STYLE]
                         [--composition COMPOSITION] [--lighting LIGHTING]
                         [--palette PALETTE] [--materials MATERIALS]
                         [--text TEXT] [--constraints CONSTRAINTS]
                         [--negative NEGATIVE]
                         [--downscale-max-dim DOWNSCALE_MAX_DIM]
                         [--downscale-suffix DOWNSCALE_SUFFIX] --image IMAGE
                         [--mask MASK] [--input-fidelity INPUT_FIDELITY]
image_gen.py edit: error: ambiguous option: --output could match --output-format, --output-compression
[11] сбой сети/API; повтор через 20 секунд
[11] попытка 3/3: Ideas
usage: image_gen.py edit [-h] [--model MODEL] [--prompt PROMPT]
                         [--prompt-file PROMPT_FILE] [--n N] [--size SIZE]
                         [--quality QUALITY] [--background BACKGROUND]
                         [--output-format OUTPUT_FORMAT]
                         [--output-compression OUTPUT_COMPRESSION]
                         [--moderation MODERATION] [--out OUT]
                         [--out-dir OUT_DIR] [--force] [--dry-run] [--augment]
                         [--no-augment] [--use-case USE_CASE] [--scene SCENE]
                         [--subject SUBJECT] [--style STYLE]
                         [--composition COMPOSITION] [--lighting LIGHTING]
                         [--palette PALETTE] [--materials MATERIALS]
                         [--text TEXT] [--constraints CONSTRAINTS]
                         [--negative NEGATIVE]
                         [--downscale-max-dim DOWNSCALE_MAX_DIM]
                         [--downscale-suffix DOWNSCALE_SUFFIX] --image IMAGE
                         [--mask MASK] [--input-fidelity INPUT_FIDELITY]
image_gen.py edit: error: ambiguous option: --output could match --output-format, --output-compression
[11] сбой сети/API; повтор через 20 секунд
[11] не удалось после трёх попыток — записано в render.log
[12] попытка 1/3: Selective expression
usage: image_gen.py edit [-h] [--model MODEL] [--prompt PROMPT]
                         [--prompt-file PROMPT_FILE] [--n N] [--size SIZE]
                         [--quality QUALITY] [--background BACKGROUND]
                         [--output-format OUTPUT_FORMAT]
                         [--output-compression OUTPUT_COMPRESSION]
                         [--moderation MODERATION] [--out OUT]
                         [--out-dir OUT_DIR] [--force] [--dry-run] [--augment]
                         [--no-augment] [--use-case USE_CASE] [--scene SCENE]
                         [--subject SUBJECT] [--style STYLE]
                         [--composition COMPOSITION] [--lighting LIGHTING]
                         [--palette PALETTE] [--materials MATERIALS]
                         [--text TEXT] [--constraints CONSTRAINTS]
                         [--negative NEGATIVE]
                         [--downscale-max-dim DOWNSCALE_MAX_DIM]
                         [--downscale-suffix DOWNSCALE_SUFFIX] --image IMAGE
                         [--mask MASK] [--input-fidelity INPUT_FIDELITY]
image_gen.py edit: error: ambiguous option: --output could match --output-format, --output-compression
[12] сбой сети/API; повтор через 20 секунд
[12] попытка 2/3: Selective expression
usage: image_gen.py edit [-h] [--model MODEL] [--prompt PROMPT]
                         [--prompt-file PROMPT_FILE] [--n N] [--size SIZE]
                         [--quality QUALITY] [--background BACKGROUND]
                         [--output-format OUTPUT_FORMAT]
                         [--output-compression OUTPUT_COMPRESSION]
                         [--moderation MODERATION] [--out OUT]
                         [--out-dir OUT_DIR] [--force] [--dry-run] [--augment]
                         [--no-augment] [--use-case USE_CASE] [--scene SCENE]
                         [--subject SUBJECT] [--style STYLE]
                         [--composition COMPOSITION] [--lighting LIGHTING]
                         [--palette PALETTE] [--materials MATERIALS]
                         [--text TEXT] [--constraints CONSTRAINTS]
                         [--negative NEGATIVE]
                         [--downscale-max-dim DOWNSCALE_MAX_DIM]
                         [--downscale-suffix DOWNSCALE_SUFFIX] --image IMAGE
                         [--mask MASK] [--input-fidelity INPUT_FIDELITY]
image_gen.py edit: error: ambiguous option: --output could match --output-format, --output-compression
[12] сбой сети/API; повтор через 20 секунд
[12] попытка 3/3: Selective expression
usage: image_gen.py edit [-h] [--model MODEL] [--prompt PROMPT]
                         [--prompt-file PROMPT_FILE] [--n N] [--size SIZE]
                         [--quality QUALITY] [--background BACKGROUND]
                         [--output-format OUTPUT_FORMAT]
                         [--output-compression OUTPUT_COMPRESSION]
                         [--moderation MODERATION] [--out OUT]
                         [--out-dir OUT_DIR] [--force] [--dry-run] [--augment]
                         [--no-augment] [--use-case USE_CASE] [--scene SCENE]
                         [--subject SUBJECT] [--style STYLE]
                         [--composition COMPOSITION] [--lighting LIGHTING]
                         [--palette PALETTE] [--materials MATERIALS]
                         [--text TEXT] [--constraints CONSTRAINTS]
                         [--negative NEGATIVE]
                         [--downscale-max-dim DOWNSCALE_MAX_DIM]
                         [--downscale-suffix DOWNSCALE_SUFFIX] --image IMAGE
                         [--mask MASK] [--input-fidelity INPUT_FIDELITY]
image_gen.py edit: error: ambiguous option: --output could match --output-format, --output-compression
[12] сбой сети/API; повтор через 20 секунд
[12] не удалось после трёх попыток — записано в render.log
[14] попытка 1/3: Power and resources
usage: image_gen.py edit [-h] [--model MODEL] [--prompt PROMPT]
                         [--prompt-file PROMPT_FILE] [--n N] [--size SIZE]
                         [--quality QUALITY] [--background BACKGROUND]
                         [--output-format OUTPUT_FORMAT]
                         [--output-compression OUTPUT_COMPRESSION]
                         [--moderation MODERATION] [--out OUT]
                         [--out-dir OUT_DIR] [--force] [--dry-run] [--augment]
                         [--no-augment] [--use-case USE_CASE] [--scene SCENE]
                         [--subject SUBJECT] [--style STYLE]
                         [--composition COMPOSITION] [--lighting LIGHTING]
                         [--palette PALETTE] [--materials MATERIALS]
                         [--text TEXT] [--constraints CONSTRAINTS]
                         [--negative NEGATIVE]
                         [--downscale-max-dim DOWNSCALE_MAX_DIM]
                         [--downscale-suffix DOWNSCALE_SUFFIX] --image IMAGE
                         [--mask MASK] [--input-fidelity INPUT_FIDELITY]
image_gen.py edit: error: ambiguous option: --output could match --output-format, --output-compression
[14] сбой сети/API; повтор через 20 секунд
[14] попытка 2/3: Power and resources
usage: image_gen.py edit [-h] [--model MODEL] [--prompt PROMPT]
                         [--prompt-file PROMPT_FILE] [--n N] [--size SIZE]
                         [--quality QUALITY] [--background BACKGROUND]
                         [--output-format OUTPUT_FORMAT]
                         [--output-compression OUTPUT_COMPRESSION]
                         [--moderation MODERATION] [--out OUT]
                         [--out-dir OUT_DIR] [--force] [--dry-run] [--augment]
                         [--no-augment] [--use-case USE_CASE] [--scene SCENE]
                         [--subject SUBJECT] [--style STYLE]
                         [--composition COMPOSITION] [--lighting LIGHTING]
                         [--palette PALETTE] [--materials MATERIALS]
                         [--text TEXT] [--constraints CONSTRAINTS]
                         [--negative NEGATIVE]
                         [--downscale-max-dim DOWNSCALE_MAX_DIM]
                         [--downscale-suffix DOWNSCALE_SUFFIX] --image IMAGE
                         [--mask MASK] [--input-fidelity INPUT_FIDELITY]
image_gen.py edit: error: ambiguous option: --output could match --output-format, --output-compression
[14] сбой сети/API; повтор через 20 секунд
[14] попытка 3/3: Power and resources
usage: image_gen.py edit [-h] [--model MODEL] [--prompt PROMPT]
                         [--prompt-file PROMPT_FILE] [--n N] [--size SIZE]
                         [--quality QUALITY] [--background BACKGROUND]
                         [--output-format OUTPUT_FORMAT]
                         [--output-compression OUTPUT_COMPRESSION]
                         [--moderation MODERATION] [--out OUT]
                         [--out-dir OUT_DIR] [--force] [--dry-run] [--augment]
                         [--no-augment] [--use-case USE_CASE] [--scene SCENE]
                         [--subject SUBJECT] [--style STYLE]
                         [--composition COMPOSITION] [--lighting LIGHTING]
                         [--palette PALETTE] [--materials MATERIALS]
                         [--text TEXT] [--constraints CONSTRAINTS]
                         [--negative NEGATIVE]
                         [--downscale-max-dim DOWNSCALE_MAX_DIM]
                         [--downscale-suffix DOWNSCALE_SUFFIX] --image IMAGE
                         [--mask MASK] [--input-fidelity INPUT_FIDELITY]
image_gen.py edit: error: ambiguous option: --output could match --output-format, --output-compression
[14] сбой сети/API; повтор через 20 секунд
[14] не удалось после трёх попыток — записано в render.log
[15] попытка 1/3: Extremes
usage: image_gen.py edit [-h] [--model MODEL] [--prompt PROMPT]
                         [--prompt-file PROMPT_FILE] [--n N] [--size SIZE]
                         [--quality QUALITY] [--background BACKGROUND]
                         [--output-format OUTPUT_FORMAT]
                         [--output-compression OUTPUT_COMPRESSION]
                         [--moderation MODERATION] [--out OUT]
                         [--out-dir OUT_DIR] [--force] [--dry-run] [--augment]
                         [--no-augment] [--use-case USE_CASE] [--scene SCENE]
                         [--subject SUBJECT] [--style STYLE]
                         [--composition COMPOSITION] [--lighting LIGHTING]
                         [--palette PALETTE] [--materials MATERIALS]
                         [--text TEXT] [--constraints CONSTRAINTS]
                         [--negative NEGATIVE]
                         [--downscale-max-dim DOWNSCALE_MAX_DIM]
                         [--downscale-suffix DOWNSCALE_SUFFIX] --image IMAGE
                         [--mask MASK] [--input-fidelity INPUT_FIDELITY]
image_gen.py edit: error: ambiguous option: --output could match --output-format, --output-compression
[15] сбой сети/API; повтор через 20 секунд
[15] попытка 2/3: Extremes
usage: image_gen.py edit [-h] [--model MODEL] [--prompt PROMPT]
                         [--prompt-file PROMPT_FILE] [--n N] [--size SIZE]
                         [--quality QUALITY] [--background BACKGROUND]
                         [--output-format OUTPUT_FORMAT]
                         [--output-compression OUTPUT_COMPRESSION]
                         [--moderation MODERATION] [--out OUT]
                         [--out-dir OUT_DIR] [--force] [--dry-run] [--augment]
                         [--no-augment] [--use-case USE_CASE] [--scene SCENE]
                         [--subject SUBJECT] [--style STYLE]
                         [--composition COMPOSITION] [--lighting LIGHTING]
                         [--palette PALETTE] [--materials MATERIALS]
                         [--text TEXT] [--constraints CONSTRAINTS]
                         [--negative NEGATIVE]
                         [--downscale-max-dim DOWNSCALE_MAX_DIM]
                         [--downscale-suffix DOWNSCALE_SUFFIX] --image IMAGE
                         [--mask MASK] [--input-fidelity INPUT_FIDELITY]
image_gen.py edit: error: ambiguous option: --output could match --output-format, --output-compression
[15] сбой сети/API; повтор через 20 секунд
[15] попытка 3/3: Extremes
usage: image_gen.py edit [-h] [--model MODEL] [--prompt PROMPT]
                         [--prompt-file PROMPT_FILE] [--n N] [--size SIZE]
                         [--quality QUALITY] [--background BACKGROUND]
                         [--output-format OUTPUT_FORMAT]
                         [--output-compression OUTPUT_COMPRESSION]
                         [--moderation MODERATION] [--out OUT]
                         [--out-dir OUT_DIR] [--force] [--dry-run] [--augment]
                         [--no-augment] [--use-case USE_CASE] [--scene SCENE]
                         [--subject SUBJECT] [--style STYLE]
                         [--composition COMPOSITION] [--lighting LIGHTING]
                         [--palette PALETTE] [--materials MATERIALS]
                         [--text TEXT] [--constraints CONSTRAINTS]
                         [--negative NEGATIVE]
                         [--downscale-max-dim DOWNSCALE_MAX_DIM]
                         [--downscale-suffix DOWNSCALE_SUFFIX] --image IMAGE
                         [--mask MASK] [--input-fidelity INPUT_FIDELITY]
image_gen.py edit: error: ambiguous option: --output could match --output-format, --output-compression
[15] сбой сети/API; повтор через 20 секунд
[15] не удалось после трёх попыток — записано в render.log
[16] попытка 1/3: Skills
usage: image_gen.py edit [-h] [--model MODEL] [--prompt PROMPT]
                         [--prompt-file PROMPT_FILE] [--n N] [--size SIZE]
                         [--quality QUALITY] [--background BACKGROUND]
                         [--output-format OUTPUT_FORMAT]
                         [--output-compression OUTPUT_COMPRESSION]
                         [--moderation MODERATION] [--out OUT]
                         [--out-dir OUT_DIR] [--force] [--dry-run] [--augment]
                         [--no-augment] [--use-case USE_CASE] [--scene SCENE]
                         [--subject SUBJECT] [--style STYLE]
                         [--composition COMPOSITION] [--lighting LIGHTING]
                         [--palette PALETTE] [--materials MATERIALS]
                         [--text TEXT] [--constraints CONSTRAINTS]
                         [--negative NEGATIVE]
                         [--downscale-max-dim DOWNSCALE_MAX_DIM]
                         [--downscale-suffix DOWNSCALE_SUFFIX] --image IMAGE
                         [--mask MASK] [--input-fidelity INPUT_FIDELITY]
image_gen.py edit: error: ambiguous option: --output could match --output-format, --output-compression
[16] сбой сети/API; повтор через 20 секунд
[16] попытка 2/3: Skills
usage: image_gen.py edit [-h] [--model MODEL] [--prompt PROMPT]
                         [--prompt-file PROMPT_FILE] [--n N] [--size SIZE]
                         [--quality QUALITY] [--background BACKGROUND]
                         [--output-format OUTPUT_FORMAT]
                         [--output-compression OUTPUT_COMPRESSION]
                         [--moderation MODERATION] [--out OUT]
                         [--out-dir OUT_DIR] [--force] [--dry-run] [--augment]
                         [--no-augment] [--use-case USE_CASE] [--scene SCENE]
                         [--subject SUBJECT] [--style STYLE]
                         [--composition COMPOSITION] [--lighting LIGHTING]
                         [--palette PALETTE] [--materials MATERIALS]
                         [--text TEXT] [--constraints CONSTRAINTS]
                         [--negative NEGATIVE]
                         [--downscale-max-dim DOWNSCALE_MAX_DIM]
                         [--downscale-suffix DOWNSCALE_SUFFIX] --image IMAGE
                         [--mask MASK] [--input-fidelity INPUT_FIDELITY]
image_gen.py edit: error: ambiguous option: --output could match --output-format, --output-compression
[16] сбой сети/API; повтор через 20 секунд
[16] попытка 3/3: Skills
usage: image_gen.py edit [-h] [--model MODEL] [--prompt PROMPT]
                         [--prompt-file PROMPT_FILE] [--n N] [--size SIZE]
                         [--quality QUALITY] [--background BACKGROUND]
                         [--output-format OUTPUT_FORMAT]
                         [--output-compression OUTPUT_COMPRESSION]
                         [--moderation MODERATION] [--out OUT]
                         [--out-dir OUT_DIR] [--force] [--dry-run] [--augment]
                         [--no-augment] [--use-case USE_CASE] [--scene SCENE]
                         [--subject SUBJECT] [--style STYLE]
                         [--composition COMPOSITION] [--lighting LIGHTING]
                         [--palette PALETTE] [--materials MATERIALS]
                         [--text TEXT] [--constraints CONSTRAINTS]
                         [--negative NEGATIVE]
                         [--downscale-max-dim DOWNSCALE_MAX_DIM]
                         [--downscale-suffix DOWNSCALE_SUFFIX] --image IMAGE
                         [--mask MASK] [--input-fidelity INPUT_FIDELITY]
image_gen.py edit: error: ambiguous option: --output could match --output-format, --output-compression
[16] сбой сети/API; повтор через 20 секунд
[16] не удалось после трёх попыток — записано в render.log
[17] попытка 1/3: Opinions
usage: image_gen.py edit [-h] [--model MODEL] [--prompt PROMPT]
                         [--prompt-file PROMPT_FILE] [--n N] [--size SIZE]
                         [--quality QUALITY] [--background BACKGROUND]
                         [--output-format OUTPUT_FORMAT]
                         [--output-compression OUTPUT_COMPRESSION]
                         [--moderation MODERATION] [--out OUT]
                         [--out-dir OUT_DIR] [--force] [--dry-run] [--augment]
                         [--no-augment] [--use-case USE_CASE] [--scene SCENE]
                         [--subject SUBJECT] [--style STYLE]
                         [--composition COMPOSITION] [--lighting LIGHTING]
                         [--palette PALETTE] [--materials MATERIALS]
                         [--text TEXT] [--constraints CONSTRAINTS]
                         [--negative NEGATIVE]
                         [--downscale-max-dim DOWNSCALE_MAX_DIM]
                         [--downscale-suffix DOWNSCALE_SUFFIX] --image IMAGE
                         [--mask MASK] [--input-fidelity INPUT_FIDELITY]
image_gen.py edit: error: ambiguous option: --output could match --output-format, --output-compression
[17] сбой сети/API; повтор через 20 секунд
[17] попытка 2/3: Opinions
usage: image_gen.py edit [-h] [--model MODEL] [--prompt PROMPT]
                         [--prompt-file PROMPT_FILE] [--n N] [--size SIZE]
                         [--quality QUALITY] [--background BACKGROUND]
                         [--output-format OUTPUT_FORMAT]
                         [--output-compression OUTPUT_COMPRESSION]
                         [--moderation MODERATION] [--out OUT]
                         [--out-dir OUT_DIR] [--force] [--dry-run] [--augment]
                         [--no-augment] [--use-case USE_CASE] [--scene SCENE]
                         [--subject SUBJECT] [--style STYLE]
                         [--composition COMPOSITION] [--lighting LIGHTING]
                         [--palette PALETTE] [--materials MATERIALS]
                         [--text TEXT] [--constraints CONSTRAINTS]
                         [--negative NEGATIVE]
                         [--downscale-max-dim DOWNSCALE_MAX_DIM]
                         [--downscale-suffix DOWNSCALE_SUFFIX] --image IMAGE
                         [--mask MASK] [--input-fidelity INPUT_FIDELITY]
image_gen.py edit: error: ambiguous option: --output could match --output-format, --output-compression
[17] сбой сети/API; повтор через 20 секунд
[17] попытка 3/3: Opinions
usage: image_gen.py edit [-h] [--model MODEL] [--prompt PROMPT]
                         [--prompt-file PROMPT_FILE] [--n N] [--size SIZE]
                         [--quality QUALITY] [--background BACKGROUND]
                         [--output-format OUTPUT_FORMAT]
                         [--output-compression OUTPUT_COMPRESSION]
                         [--moderation MODERATION] [--out OUT]
                         [--out-dir OUT_DIR] [--force] [--dry-run] [--augment]
                         [--no-augment] [--use-case USE_CASE] [--scene SCENE]
                         [--subject SUBJECT] [--style STYLE]
                         [--composition COMPOSITION] [--lighting LIGHTING]
                         [--palette PALETTE] [--materials MATERIALS]
                         [--text TEXT] [--constraints CONSTRAINTS]
                         [--negative NEGATIVE]
                         [--downscale-max-dim DOWNSCALE_MAX_DIM]
                         [--downscale-suffix DOWNSCALE_SUFFIX] --image IMAGE
                         [--mask MASK] [--input-fidelity INPUT_FIDELITY]
image_gen.py edit: error: ambiguous option: --output could match --output-format, --output-compression
[17] сбой сети/API; повтор через 20 секунд
[17] не удалось после трёх попыток — записано в render.log
[18] попытка 1/3: Correction
usage: image_gen.py edit [-h] [--model MODEL] [--prompt PROMPT]
                         [--prompt-file PROMPT_FILE] [--n N] [--size SIZE]
                         [--quality QUALITY] [--background BACKGROUND]
                         [--output-format OUTPUT_FORMAT]
                         [--output-compression OUTPUT_COMPRESSION]
                         [--moderation MODERATION] [--out OUT]
                         [--out-dir OUT_DIR] [--force] [--dry-run] [--augment]
                         [--no-augment] [--use-case USE_CASE] [--scene SCENE]
                         [--subject SUBJECT] [--style STYLE]
                         [--composition COMPOSITION] [--lighting LIGHTING]
                         [--palette PALETTE] [--materials MATERIALS]
                         [--text TEXT] [--constraints CONSTRAINTS]
                         [--negative NEGATIVE]
                         [--downscale-max-dim DOWNSCALE_MAX_DIM]
                         [--downscale-suffix DOWNSCALE_SUFFIX] --image IMAGE
                         [--mask MASK] [--input-fidelity INPUT_FIDELITY]
image_gen.py edit: error: ambiguous option: --output could match --output-format, --output-compression
[18] сбой сети/API; повтор через 20 секунд
[18] попытка 2/3: Correction
usage: image_gen.py edit [-h] [--model MODEL] [--prompt PROMPT]
                         [--prompt-file PROMPT_FILE] [--n N] [--size SIZE]
                         [--quality QUALITY] [--background BACKGROUND]
                         [--output-format OUTPUT_FORMAT]
                         [--output-compression OUTPUT_COMPRESSION]
                         [--moderation MODERATION] [--out OUT]
                         [--out-dir OUT_DIR] [--force] [--dry-run] [--augment]
                         [--no-augment] [--use-case USE_CASE] [--scene SCENE]
                         [--subject SUBJECT] [--style STYLE]
                         [--composition COMPOSITION] [--lighting LIGHTING]
                         [--palette PALETTE] [--materials MATERIALS]
                         [--text TEXT] [--constraints CONSTRAINTS]
                         [--negative NEGATIVE]
                         [--downscale-max-dim DOWNSCALE_MAX_DIM]
                         [--downscale-suffix DOWNSCALE_SUFFIX] --image IMAGE
                         [--mask MASK] [--input-fidelity INPUT_FIDELITY]
image_gen.py edit: error: ambiguous option: --output could match --output-format, --output-compression
[18] сбой сети/API; повтор через 20 секунд
[18] попытка 3/3: Correction
usage: image_gen.py edit [-h] [--model MODEL] [--prompt PROMPT]
                         [--prompt-file PROMPT_FILE] [--n N] [--size SIZE]
                         [--quality QUALITY] [--background BACKGROUND]
                         [--output-format OUTPUT_FORMAT]
                         [--output-compression OUTPUT_COMPRESSION]
                         [--moderation MODERATION] [--out OUT]
                         [--out-dir OUT_DIR] [--force] [--dry-run] [--augment]
                         [--no-augment] [--use-case USE_CASE] [--scene SCENE]
                         [--subject SUBJECT] [--style STYLE]
                         [--composition COMPOSITION] [--lighting LIGHTING]
                         [--palette PALETTE] [--materials MATERIALS]
                         [--text TEXT] [--constraints CONSTRAINTS]
                         [--negative NEGATIVE]
                         [--downscale-max-dim DOWNSCALE_MAX_DIM]
                         [--downscale-suffix DOWNSCALE_SUFFIX] --image IMAGE
                         [--mask MASK] [--input-fidelity INPUT_FIDELITY]
image_gen.py edit: error: ambiguous option: --output could match --output-format, --output-compression
[18] сбой сети/API; повтор через 20 секунд
[18] не удалось после трёх попыток — записано в render.log
[19] попытка 1/3: Sensitivity to needs
usage: image_gen.py edit [-h] [--model MODEL] [--prompt PROMPT]
                         [--prompt-file PROMPT_FILE] [--n N] [--size SIZE]
                         [--quality QUALITY] [--background BACKGROUND]
                         [--output-format OUTPUT_FORMAT]
                         [--output-compression OUTPUT_COMPRESSION]
                         [--moderation MODERATION] [--out OUT]
                         [--out-dir OUT_DIR] [--force] [--dry-run] [--augment]
                         [--no-augment] [--use-case USE_CASE] [--scene SCENE]
                         [--subject SUBJECT] [--style STYLE]
                         [--composition COMPOSITION] [--lighting LIGHTING]
                         [--palette PALETTE] [--materials MATERIALS]
                         [--text TEXT] [--constraints CONSTRAINTS]
                         [--negative NEGATIVE]
                         [--downscale-max-dim DOWNSCALE_MAX_DIM]
                         [--downscale-suffix DOWNSCALE_SUFFIX] --image IMAGE
                         [--mask MASK] [--input-fidelity INPUT_FIDELITY]
image_gen.py edit: error: ambiguous option: --output could match --output-format, --output-compression
[19] сбой сети/API; повтор через 20 секунд
[19] попытка 2/3: Sensitivity to needs
usage: image_gen.py edit [-h] [--model MODEL] [--prompt PROMPT]
                         [--prompt-file PROMPT_FILE] [--n N] [--size SIZE]
                         [--quality QUALITY] [--background BACKGROUND]
                         [--output-format OUTPUT_FORMAT]
                         [--output-compression OUTPUT_COMPRESSION]
                         [--moderation MODERATION] [--out OUT]
                         [--out-dir OUT_DIR] [--force] [--dry-run] [--augment]
                         [--no-augment] [--use-case USE_CASE] [--scene SCENE]
                         [--subject SUBJECT] [--style STYLE]
                         [--composition COMPOSITION] [--lighting LIGHTING]
                         [--palette PALETTE] [--materials MATERIALS]
                         [--text TEXT] [--constraints CONSTRAINTS]
                         [--negative NEGATIVE]
                         [--downscale-max-dim DOWNSCALE_MAX_DIM]
                         [--downscale-suffix DOWNSCALE_SUFFIX] --image IMAGE
                         [--mask MASK] [--input-fidelity INPUT_FIDELITY]
image_gen.py edit: error: ambiguous option: --output could match --output-format, --output-compression
[19] сбой сети/API; повтор через 20 секунд
[19] попытка 3/3: Sensitivity to needs
usage: image_gen.py edit [-h] [--model MODEL] [--prompt PROMPT]
                         [--prompt-file PROMPT_FILE] [--n N] [--size SIZE]
                         [--quality QUALITY] [--background BACKGROUND]
                         [--output-format OUTPUT_FORMAT]
                         [--output-compression OUTPUT_COMPRESSION]
                         [--moderation MODERATION] [--out OUT]
                         [--out-dir OUT_DIR] [--force] [--dry-run] [--augment]
                         [--no-augment] [--use-case USE_CASE] [--scene SCENE]
                         [--subject SUBJECT] [--style STYLE]
                         [--composition COMPOSITION] [--lighting LIGHTING]
                         [--palette PALETTE] [--materials MATERIALS]
                         [--text TEXT] [--constraints CONSTRAINTS]
                         [--negative NEGATIVE]
                         [--downscale-max-dim DOWNSCALE_MAX_DIM]
                         [--downscale-suffix DOWNSCALE_SUFFIX] --image IMAGE
                         [--mask MASK] [--input-fidelity INPUT_FIDELITY]
image_gen.py edit: error: ambiguous option: --output could match --output-format, --output-compression
[19] сбой сети/API; повтор через 20 секунд
[19] не удалось после трёх попыток — записано в render.log
[20] попытка 1/3: The present moment
usage: image_gen.py edit [-h] [--model MODEL] [--prompt PROMPT]
                         [--prompt-file PROMPT_FILE] [--n N] [--size SIZE]
                         [--quality QUALITY] [--background BACKGROUND]
                         [--output-format OUTPUT_FORMAT]
                         [--output-compression OUTPUT_COMPRESSION]
                         [--moderation MODERATION] [--out OUT]
                         [--out-dir OUT_DIR] [--force] [--dry-run] [--augment]
                         [--no-augment] [--use-case USE_CASE] [--scene SCENE]
                         [--subject SUBJECT] [--style STYLE]
                         [--composition COMPOSITION] [--lighting LIGHTING]
                         [--palette PALETTE] [--materials MATERIALS]
                         [--text TEXT] [--constraints CONSTRAINTS]
                         [--negative NEGATIVE]
                         [--downscale-max-dim DOWNSCALE_MAX_DIM]
                         [--downscale-suffix DOWNSCALE_SUFFIX] --image IMAGE
                         [--mask MASK] [--input-fidelity INPUT_FIDELITY]
image_gen.py edit: error: ambiguous option: --output could match --output-format, --output-compression
[20] сбой сети/API; повтор через 20 секунд
[20] попытка 2/3: The present moment
usage: image_gen.py edit [-h] [--model MODEL] [--prompt PROMPT]
                         [--prompt-file PROMPT_FILE] [--n N] [--size SIZE]
                         [--quality QUALITY] [--background BACKGROUND]
                         [--output-format OUTPUT_FORMAT]
                         [--output-compression OUTPUT_COMPRESSION]
                         [--moderation MODERATION] [--out OUT]
                         [--out-dir OUT_DIR] [--force] [--dry-run] [--augment]
                         [--no-augment] [--use-case USE_CASE] [--scene SCENE]
                         [--subject SUBJECT] [--style STYLE]
                         [--composition COMPOSITION] [--lighting LIGHTING]
                         [--palette PALETTE] [--materials MATERIALS]
                         [--text TEXT] [--constraints CONSTRAINTS]
                         [--negative NEGATIVE]
                         [--downscale-max-dim DOWNSCALE_MAX_DIM]
                         [--downscale-suffix DOWNSCALE_SUFFIX] --image IMAGE
                         [--mask MASK] [--input-fidelity INPUT_FIDELITY]
image_gen.py edit: error: ambiguous option: --output could match --output-format, --output-compression
[20] сбой сети/API; повтор через 20 секунд
[20] попытка 3/3: The present moment
usage: image_gen.py edit [-h] [--model MODEL] [--prompt PROMPT]
                         [--prompt-file PROMPT_FILE] [--n N] [--size SIZE]
                         [--quality QUALITY] [--background BACKGROUND]
                         [--output-format OUTPUT_FORMAT]
                         [--output-compression OUTPUT_COMPRESSION]
                         [--moderation MODERATION] [--out OUT]
                         [--out-dir OUT_DIR] [--force] [--dry-run] [--augment]
                         [--no-augment] [--use-case USE_CASE] [--scene SCENE]
                         [--subject SUBJECT] [--style STYLE]
                         [--composition COMPOSITION] [--lighting LIGHTING]
                         [--palette PALETTE] [--materials MATERIALS]
                         [--text TEXT] [--constraints CONSTRAINTS]
                         [--negative NEGATIVE]
                         [--downscale-max-dim DOWNSCALE_MAX_DIM]
                         [--downscale-suffix DOWNSCALE_SUFFIX] --image IMAGE
                         [--mask MASK] [--input-fidelity INPUT_FIDELITY]
image_gen.py edit: error: ambiguous option: --output could match --output-format, --output-compression
[20] сбой сети/API; повтор через 20 секунд
[20] не удалось после трёх попыток — записано в render.log
[21] попытка 1/3: Control and stewardship
usage: image_gen.py edit [-h] [--model MODEL] [--prompt PROMPT]
                         [--prompt-file PROMPT_FILE] [--n N] [--size SIZE]
                         [--quality QUALITY] [--background BACKGROUND]
                         [--output-format OUTPUT_FORMAT]
                         [--output-compression OUTPUT_COMPRESSION]
                         [--moderation MODERATION] [--out OUT]
                         [--out-dir OUT_DIR] [--force] [--dry-run] [--augment]
                         [--no-augment] [--use-case USE_CASE] [--scene SCENE]
                         [--subject SUBJECT] [--style STYLE]
                         [--composition COMPOSITION] [--lighting LIGHTING]
                         [--palette PALETTE] [--materials MATERIALS]
                         [--text TEXT] [--constraints CONSTRAINTS]
                         [--negative NEGATIVE]
                         [--downscale-max-dim DOWNSCALE_MAX_DIM]
                         [--downscale-suffix DOWNSCALE_SUFFIX] --image IMAGE
                         [--mask MASK] [--input-fidelity INPUT_FIDELITY]
image_gen.py edit: error: ambiguous option: --output could match --output-format, --output-compression
[21] сбой сети/API; повтор через 20 секунд
[21] попытка 2/3: Control and stewardship
usage: image_gen.py edit [-h] [--model MODEL] [--prompt PROMPT]
                         [--prompt-file PROMPT_FILE] [--n N] [--size SIZE]
                         [--quality QUALITY] [--background BACKGROUND]
                         [--output-format OUTPUT_FORMAT]
                         [--output-compression OUTPUT_COMPRESSION]
                         [--moderation MODERATION] [--out OUT]
                         [--out-dir OUT_DIR] [--force] [--dry-run] [--augment]
                         [--no-augment] [--use-case USE_CASE] [--scene SCENE]
                         [--subject SUBJECT] [--style STYLE]
                         [--composition COMPOSITION] [--lighting LIGHTING]
                         [--palette PALETTE] [--materials MATERIALS]
                         [--text TEXT] [--constraints CONSTRAINTS]
                         [--negative NEGATIVE]
                         [--downscale-max-dim DOWNSCALE_MAX_DIM]
                         [--downscale-suffix DOWNSCALE_SUFFIX] --image IMAGE
                         [--mask MASK] [--input-fidelity INPUT_FIDELITY]
image_gen.py edit: error: ambiguous option: --output could match --output-format, --output-compression
[21] сбой сети/API; повтор через 20 секунд
[21] попытка 3/3: Control and stewardship
usage: image_gen.py edit [-h] [--model MODEL] [--prompt PROMPT]
                         [--prompt-file PROMPT_FILE] [--n N] [--size SIZE]
                         [--quality QUALITY] [--background BACKGROUND]
                         [--output-format OUTPUT_FORMAT]
                         [--output-compression OUTPUT_COMPRESSION]
                         [--moderation MODERATION] [--out OUT]
                         [--out-dir OUT_DIR] [--force] [--dry-run] [--augment]
                         [--no-augment] [--use-case USE_CASE] [--scene SCENE]
                         [--subject SUBJECT] [--style STYLE]
                         [--composition COMPOSITION] [--lighting LIGHTING]
                         [--palette PALETTE] [--materials MATERIALS]
                         [--text TEXT] [--constraints CONSTRAINTS]
                         [--negative NEGATIVE]
                         [--downscale-max-dim DOWNSCALE_MAX_DIM]
                         [--downscale-suffix DOWNSCALE_SUFFIX] --image IMAGE
                         [--mask MASK] [--input-fidelity INPUT_FIDELITY]
image_gen.py edit: error: ambiguous option: --output could match --output-format, --output-compression
[21] сбой сети/API; повтор через 20 секунд
[21] не удалось после трёх попыток — записано в render.log
[22] попытка 1/3: Grace and openness
usage: image_gen.py edit [-h] [--model MODEL] [--prompt PROMPT]
                         [--prompt-file PROMPT_FILE] [--n N] [--size SIZE]
                         [--quality QUALITY] [--background BACKGROUND]
                         [--output-format OUTPUT_FORMAT]
                         [--output-compression OUTPUT_COMPRESSION]
                         [--moderation MODERATION] [--out OUT]
                         [--out-dir OUT_DIR] [--force] [--dry-run] [--augment]
                         [--no-augment] [--use-case USE_CASE] [--scene SCENE]
                         [--subject SUBJECT] [--style STYLE]
                         [--composition COMPOSITION] [--lighting LIGHTING]
                         [--palette PALETTE] [--materials MATERIALS]
                         [--text TEXT] [--constraints CONSTRAINTS]
                         [--negative NEGATIVE]
                         [--downscale-max-dim DOWNSCALE_MAX_DIM]
                         [--downscale-suffix DOWNSCALE_SUFFIX] --image IMAGE
                         [--mask MASK] [--input-fidelity INPUT_FIDELITY]
image_gen.py edit: error: ambiguous option: --output could match --output-format, --output-compression
[22] сбой сети/API; повтор через 20 секунд
[22] попытка 2/3: Grace and openness
usage: image_gen.py edit [-h] [--model MODEL] [--prompt PROMPT]
                         [--prompt-file PROMPT_FILE] [--n N] [--size SIZE]
                         [--quality QUALITY] [--background BACKGROUND]
                         [--output-format OUTPUT_FORMAT]
                         [--output-compression OUTPUT_COMPRESSION]
                         [--moderation MODERATION] [--out OUT]
                         [--out-dir OUT_DIR] [--force] [--dry-run] [--augment]
                         [--no-augment] [--use-case USE_CASE] [--scene SCENE]
                         [--subject SUBJECT] [--style STYLE]
                         [--composition COMPOSITION] [--lighting LIGHTING]
                         [--palette PALETTE] [--materials MATERIALS]
                         [--text TEXT] [--constraints CONSTRAINTS]
                         [--negative NEGATIVE]
                         [--downscale-max-dim DOWNSCALE_MAX_DIM]
                         [--downscale-suffix DOWNSCALE_SUFFIX] --image IMAGE
                         [--mask MASK] [--input-fidelity INPUT_FIDELITY]
image_gen.py edit: error: ambiguous option: --output could match --output-format, --output-compression
[22] сбой сети/API; повтор через 20 секунд
[22] попытка 3/3: Grace and openness
usage: image_gen.py edit [-h] [--model MODEL] [--prompt PROMPT]
                         [--prompt-file PROMPT_FILE] [--n N] [--size SIZE]
                         [--quality QUALITY] [--background BACKGROUND]
                         [--output-format OUTPUT_FORMAT]
                         [--output-compression OUTPUT_COMPRESSION]
                         [--moderation MODERATION] [--out OUT]
                         [--out-dir OUT_DIR] [--force] [--dry-run] [--augment]
                         [--no-augment] [--use-case USE_CASE] [--scene SCENE]
                         [--subject SUBJECT] [--style STYLE]
                         [--composition COMPOSITION] [--lighting LIGHTING]
                         [--palette PALETTE] [--materials MATERIALS]
                         [--text TEXT] [--constraints CONSTRAINTS]
                         [--negative NEGATIVE]
                         [--downscale-max-dim DOWNSCALE_MAX_DIM]
                         [--downscale-suffix DOWNSCALE_SUFFIX] --image IMAGE
                         [--mask MASK] [--input-fidelity INPUT_FIDELITY]
image_gen.py edit: error: ambiguous option: --output could match --output-format, --output-compression
[22] сбой сети/API; повтор через 20 секунд
[22] не удалось после трёх попыток — записано в render.log
[23] попытка 1/3: Making the complex simple
usage: image_gen.py edit [-h] [--model MODEL] [--prompt PROMPT]
                         [--prompt-file PROMPT_FILE] [--n N] [--size SIZE]
                         [--quality QUALITY] [--background BACKGROUND]
                         [--output-format OUTPUT_FORMAT]
                         [--output-compression OUTPUT_COMPRESSION]
                         [--moderation MODERATION] [--out OUT]
                         [--out-dir OUT_DIR] [--force] [--dry-run] [--augment]
                         [--no-augment] [--use-case USE_CASE] [--scene SCENE]
                         [--subject SUBJECT] [--style STYLE]
                         [--composition COMPOSITION] [--lighting LIGHTING]
                         [--palette PALETTE] [--materials MATERIALS]
                         [--text TEXT] [--constraints CONSTRAINTS]
                         [--negative NEGATIVE]
                         [--downscale-max-dim DOWNSCALE_MAX_DIM]
                         [--downscale-suffix DOWNSCALE_SUFFIX] --image IMAGE
                         [--mask MASK] [--input-fidelity INPUT_FIDELITY]
image_gen.py edit: error: ambiguous option: --output could match --output-format, --output-compression
[23] сбой сети/API; повтор через 20 секунд
[23] попытка 2/3: Making the complex simple
usage: image_gen.py edit [-h] [--model MODEL] [--prompt PROMPT]
                         [--prompt-file PROMPT_FILE] [--n N] [--size SIZE]
                         [--quality QUALITY] [--background BACKGROUND]
                         [--output-format OUTPUT_FORMAT]
                         [--output-compression OUTPUT_COMPRESSION]
                         [--moderation MODERATION] [--out OUT]
                         [--out-dir OUT_DIR] [--force] [--dry-run] [--augment]
                         [--no-augment] [--use-case USE_CASE] [--scene SCENE]
                         [--subject SUBJECT] [--style STYLE]
                         [--composition COMPOSITION] [--lighting LIGHTING]
                         [--palette PALETTE] [--materials MATERIALS]
                         [--text TEXT] [--constraints CONSTRAINTS]
                         [--negative NEGATIVE]
                         [--downscale-max-dim DOWNSCALE_MAX_DIM]
                         [--downscale-suffix DOWNSCALE_SUFFIX] --image IMAGE
                         [--mask MASK] [--input-fidelity INPUT_FIDELITY]
image_gen.py edit: error: ambiguous option: --output could match --output-format, --output-compression
[23] сбой сети/API; повтор через 20 секунд
[23] попытка 3/3: Making the complex simple
usage: image_gen.py edit [-h] [--model MODEL] [--prompt PROMPT]
                         [--prompt-file PROMPT_FILE] [--n N] [--size SIZE]
                         [--quality QUALITY] [--background BACKGROUND]
                         [--output-format OUTPUT_FORMAT]
                         [--output-compression OUTPUT_COMPRESSION]
                         [--moderation MODERATION] [--out OUT]
                         [--out-dir OUT_DIR] [--force] [--dry-run] [--augment]
                         [--no-augment] [--use-case USE_CASE] [--scene SCENE]
                         [--subject SUBJECT] [--style STYLE]
                         [--composition COMPOSITION] [--lighting LIGHTING]
                         [--palette PALETTE] [--materials MATERIALS]
                         [--text TEXT] [--constraints CONSTRAINTS]
                         [--negative NEGATIVE]
                         [--downscale-max-dim DOWNSCALE_MAX_DIM]
                         [--downscale-suffix DOWNSCALE_SUFFIX] --image IMAGE
                         [--mask MASK] [--input-fidelity INPUT_FIDELITY]
image_gen.py edit: error: ambiguous option: --output could match --output-format, --output-compression
[23] сбой сети/API; повтор через 20 секунд
[23] не удалось после трёх попыток — записано в render.log
[24] попытка 1/3: Return and reflection
usage: image_gen.py edit [-h] [--model MODEL] [--prompt PROMPT]
                         [--prompt-file PROMPT_FILE] [--n N] [--size SIZE]
                         [--quality QUALITY] [--background BACKGROUND]
                         [--output-format OUTPUT_FORMAT]
                         [--output-compression OUTPUT_COMPRESSION]
                         [--moderation MODERATION] [--out OUT]
                         [--out-dir OUT_DIR] [--force] [--dry-run] [--augment]
                         [--no-augment] [--use-case USE_CASE] [--scene SCENE]
                         [--subject SUBJECT] [--style STYLE]
                         [--composition COMPOSITION] [--lighting LIGHTING]
                         [--palette PALETTE] [--materials MATERIALS]
                         [--text TEXT] [--constraints CONSTRAINTS]
                         [--negative NEGATIVE]
                         [--downscale-max-dim DOWNSCALE_MAX_DIM]
                         [--downscale-suffix DOWNSCALE_SUFFIX] --image IMAGE
                         [--mask MASK] [--input-fidelity INPUT_FIDELITY]
image_gen.py edit: error: ambiguous option: --output could match --output-format, --output-compression
[24] сбой сети/API; повтор через 20 секунд
[24] попытка 2/3: Return and reflection
usage: image_gen.py edit [-h] [--model MODEL] [--prompt PROMPT]
                         [--prompt-file PROMPT_FILE] [--n N] [--size SIZE]
                         [--quality QUALITY] [--background BACKGROUND]
                         [--output-format OUTPUT_FORMAT]
                         [--output-compression OUTPUT_COMPRESSION]
                         [--moderation MODERATION] [--out OUT]
                         [--out-dir OUT_DIR] [--force] [--dry-run] [--augment]
                         [--no-augment] [--use-case USE_CASE] [--scene SCENE]
                         [--subject SUBJECT] [--style STYLE]
                         [--composition COMPOSITION] [--lighting LIGHTING]
                         [--palette PALETTE] [--materials MATERIALS]
                         [--text TEXT] [--constraints CONSTRAINTS]
                         [--negative NEGATIVE]
                         [--downscale-max-dim DOWNSCALE_MAX_DIM]
                         [--downscale-suffix DOWNSCALE_SUFFIX] --image IMAGE
                         [--mask MASK] [--input-fidelity INPUT_FIDELITY]
image_gen.py edit: error: ambiguous option: --output could match --output-format, --output-compression
[24] сбой сети/API; повтор через 20 секунд
[24] попытка 3/3: Return and reflection
usage: image_gen.py edit [-h] [--model MODEL] [--prompt PROMPT]
                         [--prompt-file PROMPT_FILE] [--n N] [--size SIZE]
                         [--quality QUALITY] [--background BACKGROUND]
                         [--output-format OUTPUT_FORMAT]
                         [--output-compression OUTPUT_COMPRESSION]
                         [--moderation MODERATION] [--out OUT]
                         [--out-dir OUT_DIR] [--force] [--dry-run] [--augment]
                         [--no-augment] [--use-case USE_CASE] [--scene SCENE]
                         [--subject SUBJECT] [--style STYLE]
                         [--composition COMPOSITION] [--lighting LIGHTING]
                         [--palette PALETTE] [--materials MATERIALS]
                         [--text TEXT] [--constraints CONSTRAINTS]
                         [--negative NEGATIVE]
                         [--downscale-max-dim DOWNSCALE_MAX_DIM]
                         [--downscale-suffix DOWNSCALE_SUFFIX] --image IMAGE
                         [--mask MASK] [--input-fidelity INPUT_FIDELITY]
image_gen.py edit: error: ambiguous option: --output could match --output-format, --output-compression
[24] сбой сети/API; повтор через 20 секунд
[24] не удалось после трёх попыток — записано в render.log
[25] попытка 1/3: Innocence of spirit
usage: image_gen.py edit [-h] [--model MODEL] [--prompt PROMPT]
                         [--prompt-file PROMPT_FILE] [--n N] [--size SIZE]
                         [--quality QUALITY] [--background BACKGROUND]
                         [--output-format OUTPUT_FORMAT]
                         [--output-compression OUTPUT_COMPRESSION]
                         [--moderation MODERATION] [--out OUT]
                         [--out-dir OUT_DIR] [--force] [--dry-run] [--augment]
                         [--no-augment] [--use-case USE_CASE] [--scene SCENE]
                         [--subject SUBJECT] [--style STYLE]
                         [--composition COMPOSITION] [--lighting LIGHTING]
                         [--palette PALETTE] [--materials MATERIALS]
                         [--text TEXT] [--constraints CONSTRAINTS]
                         [--negative NEGATIVE]
                         [--downscale-max-dim DOWNSCALE_MAX_DIM]
                         [--downscale-suffix DOWNSCALE_SUFFIX] --image IMAGE
                         [--mask MASK] [--input-fidelity INPUT_FIDELITY]
image_gen.py edit: error: ambiguous option: --output could match --output-format, --output-compression
[25] сбой сети/API; повтор через 20 секунд
[25] попытка 2/3: Innocence of spirit
usage: image_gen.py edit [-h] [--model MODEL] [--prompt PROMPT]
                         [--prompt-file PROMPT_FILE] [--n N] [--size SIZE]
                         [--quality QUALITY] [--background BACKGROUND]
                         [--output-format OUTPUT_FORMAT]
                         [--output-compression OUTPUT_COMPRESSION]
                         [--moderation MODERATION] [--out OUT]
                         [--out-dir OUT_DIR] [--force] [--dry-run] [--augment]
                         [--no-augment] [--use-case USE_CASE] [--scene SCENE]
                         [--subject SUBJECT] [--style STYLE]
                         [--composition COMPOSITION] [--lighting LIGHTING]
                         [--palette PALETTE] [--materials MATERIALS]
                         [--text TEXT] [--constraints CONSTRAINTS]
                         [--negative NEGATIVE]
                         [--downscale-max-dim DOWNSCALE_MAX_DIM]
                         [--downscale-suffix DOWNSCALE_SUFFIX] --image IMAGE
                         [--mask MASK] [--input-fidelity INPUT_FIDELITY]
image_gen.py edit: error: ambiguous option: --output could match --output-format, --output-compression
[25] сбой сети/API; повтор через 20 секунд
[25] попытка 3/3: Innocence of spirit
usage: image_gen.py edit [-h] [--model MODEL] [--prompt PROMPT]
                         [--prompt-file PROMPT_FILE] [--n N] [--size SIZE]
                         [--quality QUALITY] [--background BACKGROUND]
                         [--output-format OUTPUT_FORMAT]
                         [--output-compression OUTPUT_COMPRESSION]
                         [--moderation MODERATION] [--out OUT]
                         [--out-dir OUT_DIR] [--force] [--dry-run] [--augment]
                         [--no-augment] [--use-case USE_CASE] [--scene SCENE]
                         [--subject SUBJECT] [--style STYLE]
                         [--composition COMPOSITION] [--lighting LIGHTING]
                         [--palette PALETTE] [--materials MATERIALS]
                         [--text TEXT] [--constraints CONSTRAINTS]
                         [--negative NEGATIVE]
                         [--downscale-max-dim DOWNSCALE_MAX_DIM]
                         [--downscale-suffix DOWNSCALE_SUFFIX] --image IMAGE
                         [--mask MASK] [--input-fidelity INPUT_FIDELITY]
image_gen.py edit: error: ambiguous option: --output could match --output-format, --output-compression
[25] сбой сети/API; повтор через 20 секунд
[25] не удалось после трёх попыток — записано в render.log
[26] попытка 1/3: Strategic persuasion
usage: image_gen.py edit [-h] [--model MODEL] [--prompt PROMPT]
                         [--prompt-file PROMPT_FILE] [--n N] [--size SIZE]
                         [--quality QUALITY] [--background BACKGROUND]
                         [--output-format OUTPUT_FORMAT]
                         [--output-compression OUTPUT_COMPRESSION]
                         [--moderation MODERATION] [--out OUT]
                         [--out-dir OUT_DIR] [--force] [--dry-run] [--augment]
                         [--no-augment] [--use-case USE_CASE] [--scene SCENE]
                         [--subject SUBJECT] [--style STYLE]
                         [--composition COMPOSITION] [--lighting LIGHTING]
                         [--palette PALETTE] [--materials MATERIALS]
                         [--text TEXT] [--constraints CONSTRAINTS]
                         [--negative NEGATIVE]
                         [--downscale-max-dim DOWNSCALE_MAX_DIM]
                         [--downscale-suffix DOWNSCALE_SUFFIX] --image IMAGE
                         [--mask MASK] [--input-fidelity INPUT_FIDELITY]
image_gen.py edit: error: ambiguous option: --output could match --output-format, --output-compression
[26] сбой сети/API; повтор через 20 секунд
[26] попытка 2/3: Strategic persuasion
usage: image_gen.py edit [-h] [--model MODEL] [--prompt PROMPT]
                         [--prompt-file PROMPT_FILE] [--n N] [--size SIZE]
                         [--quality QUALITY] [--background BACKGROUND]
                         [--output-format OUTPUT_FORMAT]
                         [--output-compression OUTPUT_COMPRESSION]
                         [--moderation MODERATION] [--out OUT]
                         [--out-dir OUT_DIR] [--force] [--dry-run] [--augment]
                         [--no-augment] [--use-case USE_CASE] [--scene SCENE]
                         [--subject SUBJECT] [--style STYLE]
                         [--composition COMPOSITION] [--lighting LIGHTING]
                         [--palette PALETTE] [--materials MATERIALS]
                         [--text TEXT] [--constraints CONSTRAINTS]
                         [--negative NEGATIVE]
                         [--downscale-max-dim DOWNSCALE_MAX_DIM]
                         [--downscale-suffix DOWNSCALE_SUFFIX] --image IMAGE
                         [--mask MASK] [--input-fidelity INPUT_FIDELITY]
image_gen.py edit: error: ambiguous option: --output could match --output-format, --output-compression
[26] сбой сети/API; повтор через 20 секунд
[26] попытка 3/3: Strategic persuasion
usage: image_gen.py edit [-h] [--model MODEL] [--prompt PROMPT]
                         [--prompt-file PROMPT_FILE] [--n N] [--size SIZE]
                         [--quality QUALITY] [--background BACKGROUND]
                         [--output-format OUTPUT_FORMAT]
                         [--output-compression OUTPUT_COMPRESSION]
                         [--moderation MODERATION] [--out OUT]
                         [--out-dir OUT_DIR] [--force] [--dry-run] [--augment]
                         [--no-augment] [--use-case USE_CASE] [--scene SCENE]
                         [--subject SUBJECT] [--style STYLE]
                         [--composition COMPOSITION] [--lighting LIGHTING]
                         [--palette PALETTE] [--materials MATERIALS]
                         [--text TEXT] [--constraints CONSTRAINTS]
                         [--negative NEGATIVE]
                         [--downscale-max-dim DOWNSCALE_MAX_DIM]
                         [--downscale-suffix DOWNSCALE_SUFFIX] --image IMAGE
                         [--mask MASK] [--input-fidelity INPUT_FIDELITY]
image_gen.py edit: error: ambiguous option: --output could match --output-format, --output-compression
[26] сбой сети/API; повтор через 20 секунд
[26] не удалось после трёх попыток — записано в render.log
[27] попытка 1/3: Care and nourishment
usage: image_gen.py edit [-h] [--model MODEL] [--prompt PROMPT]
                         [--prompt-file PROMPT_FILE] [--n N] [--size SIZE]
                         [--quality QUALITY] [--background BACKGROUND]
                         [--output-format OUTPUT_FORMAT]
                         [--output-compression OUTPUT_COMPRESSION]
                         [--moderation MODERATION] [--out OUT]
                         [--out-dir OUT_DIR] [--force] [--dry-run] [--augment]
                         [--no-augment] [--use-case USE_CASE] [--scene SCENE]
                         [--subject SUBJECT] [--style STYLE]
                         [--composition COMPOSITION] [--lighting LIGHTING]
                         [--palette PALETTE] [--materials MATERIALS]
                         [--text TEXT] [--constraints CONSTRAINTS]
                         [--negative NEGATIVE]
                         [--downscale-max-dim DOWNSCALE_MAX_DIM]
                         [--downscale-suffix DOWNSCALE_SUFFIX] --image IMAGE
                         [--mask MASK] [--input-fidelity INPUT_FIDELITY]
image_gen.py edit: error: ambiguous option: --output could match --output-format, --output-compression
[27] сбой сети/API; повтор через 20 секунд
[27] попытка 2/3: Care and nourishment
usage: image_gen.py edit [-h] [--model MODEL] [--prompt PROMPT]
                         [--prompt-file PROMPT_FILE] [--n N] [--size SIZE]
                         [--quality QUALITY] [--background BACKGROUND]
                         [--output-format OUTPUT_FORMAT]
                         [--output-compression OUTPUT_COMPRESSION]
                         [--moderation MODERATION] [--out OUT]
                         [--out-dir OUT_DIR] [--force] [--dry-run] [--augment]
                         [--no-augment] [--use-case USE_CASE] [--scene SCENE]
                         [--subject SUBJECT] [--style STYLE]
                         [--composition COMPOSITION] [--lighting LIGHTING]
                         [--palette PALETTE] [--materials MATERIALS]
                         [--text TEXT] [--constraints CONSTRAINTS]
                         [--negative NEGATIVE]
                         [--downscale-max-dim DOWNSCALE_MAX_DIM]
                         [--downscale-suffix DOWNSCALE_SUFFIX] --image IMAGE
                         [--mask MASK] [--input-fidelity INPUT_FIDELITY]
image_gen.py edit: error: ambiguous option: --output could match --output-format, --output-compression
[27] сбой сети/API; повтор через 20 секунд
[27] попытка 3/3: Care and nourishment
usage: image_gen.py edit [-h] [--model MODEL] [--prompt PROMPT]
                         [--prompt-file PROMPT_FILE] [--n N] [--size SIZE]
                         [--quality QUALITY] [--background BACKGROUND]
                         [--output-format OUTPUT_FORMAT]
                         [--output-compression OUTPUT_COMPRESSION]
                         [--moderation MODERATION] [--out OUT]
                         [--out-dir OUT_DIR] [--force] [--dry-run] [--augment]
                         [--no-augment] [--use-case USE_CASE] [--scene SCENE]
                         [--subject SUBJECT] [--style STYLE]
                         [--composition COMPOSITION] [--lighting LIGHTING]
                         [--palette PALETTE] [--materials MATERIALS]
                         [--text TEXT] [--constraints CONSTRAINTS]
                         [--negative NEGATIVE]
                         [--downscale-max-dim DOWNSCALE_MAX_DIM]
                         [--downscale-suffix DOWNSCALE_SUFFIX] --image IMAGE
                         [--mask MASK] [--input-fidelity INPUT_FIDELITY]
image_gen.py edit: error: ambiguous option: --output could match --output-format, --output-compression
[27] сбой сети/API; повтор через 20 секунд
[27] не удалось после трёх попыток — записано в render.log
[28] попытка 1/3: The meaningful struggle
usage: image_gen.py edit [-h] [--model MODEL] [--prompt PROMPT]
                         [--prompt-file PROMPT_FILE] [--n N] [--size SIZE]
                         [--quality QUALITY] [--background BACKGROUND]
                         [--output-format OUTPUT_FORMAT]
                         [--output-compression OUTPUT_COMPRESSION]
                         [--moderation MODERATION] [--out OUT]
                         [--out-dir OUT_DIR] [--force] [--dry-run] [--augment]
                         [--no-augment] [--use-case USE_CASE] [--scene SCENE]
                         [--subject SUBJECT] [--style STYLE]
                         [--composition COMPOSITION] [--lighting LIGHTING]
                         [--palette PALETTE] [--materials MATERIALS]
                         [--text TEXT] [--constraints CONSTRAINTS]
                         [--negative NEGATIVE]
                         [--downscale-max-dim DOWNSCALE_MAX_DIM]
                         [--downscale-suffix DOWNSCALE_SUFFIX] --image IMAGE
                         [--mask MASK] [--input-fidelity INPUT_FIDELITY]
image_gen.py edit: error: ambiguous option: --output could match --output-format, --output-compression
[28] сбой сети/API; повтор через 20 секунд
[28] попытка 2/3: The meaningful struggle
usage: image_gen.py edit [-h] [--model MODEL] [--prompt PROMPT]
                         [--prompt-file PROMPT_FILE] [--n N] [--size SIZE]
                         [--quality QUALITY] [--background BACKGROUND]
                         [--output-format OUTPUT_FORMAT]
                         [--output-compression OUTPUT_COMPRESSION]
                         [--moderation MODERATION] [--out OUT]
                         [--out-dir OUT_DIR] [--force] [--dry-run] [--augment]
                         [--no-augment] [--use-case USE_CASE] [--scene SCENE]
                         [--subject SUBJECT] [--style STYLE]
                         [--composition COMPOSITION] [--lighting LIGHTING]
                         [--palette PALETTE] [--materials MATERIALS]
                         [--text TEXT] [--constraints CONSTRAINTS]
                         [--negative NEGATIVE]
                         [--downscale-max-dim DOWNSCALE_MAX_DIM]
                         [--downscale-suffix DOWNSCALE_SUFFIX] --image IMAGE
                         [--mask MASK] [--input-fidelity INPUT_FIDELITY]
image_gen.py edit: error: ambiguous option: --output could match --output-format, --output-compression
[28] сбой сети/API; повтор через 20 секунд
[28] попытка 3/3: The meaningful struggle
usage: image_gen.py edit [-h] [--model MODEL] [--prompt PROMPT]
                         [--prompt-file PROMPT_FILE] [--n N] [--size SIZE]
                         [--quality QUALITY] [--background BACKGROUND]
                         [--output-format OUTPUT_FORMAT]
                         [--output-compression OUTPUT_COMPRESSION]
                         [--moderation MODERATION] [--out OUT]
                         [--out-dir OUT_DIR] [--force] [--dry-run] [--augment]
                         [--no-augment] [--use-case USE_CASE] [--scene SCENE]
                         [--subject SUBJECT] [--style STYLE]
                         [--composition COMPOSITION] [--lighting LIGHTING]
                         [--palette PALETTE] [--materials MATERIALS]
                         [--text TEXT] [--constraints CONSTRAINTS]
                         [--negative NEGATIVE]
                         [--downscale-max-dim DOWNSCALE_MAX_DIM]
                         [--downscale-suffix DOWNSCALE_SUFFIX] --image IMAGE
                         [--mask MASK] [--input-fidelity INPUT_FIDELITY]
image_gen.py edit: error: ambiguous option: --output could match --output-format, --output-compression
[28] сбой сети/API; повтор через 20 секунд
[28] не удалось после трёх попыток — записано в render.log
[29] попытка 1/3: Commitment
usage: image_gen.py edit [-h] [--model MODEL] [--prompt PROMPT]
                         [--prompt-file PROMPT_FILE] [--n N] [--size SIZE]
                         [--quality QUALITY] [--background BACKGROUND]
                         [--output-format OUTPUT_FORMAT]
                         [--output-compression OUTPUT_COMPRESSION]
                         [--moderation MODERATION] [--out OUT]
                         [--out-dir OUT_DIR] [--force] [--dry-run] [--augment]
                         [--no-augment] [--use-case USE_CASE] [--scene SCENE]
                         [--subject SUBJECT] [--style STYLE]
                         [--composition COMPOSITION] [--lighting LIGHTING]
                         [--palette PALETTE] [--materials MATERIALS]
                         [--text TEXT] [--constraints CONSTRAINTS]
                         [--negative NEGATIVE]
                         [--downscale-max-dim DOWNSCALE_MAX_DIM]
                         [--downscale-suffix DOWNSCALE_SUFFIX] --image IMAGE
                         [--mask MASK] [--input-fidelity INPUT_FIDELITY]
image_gen.py edit: error: ambiguous option: --output could match --output-format, --output-compression
[29] сбой сети/API; повтор через 20 секунд
[29] попытка 2/3: Commitment
usage: image_gen.py edit [-h] [--model MODEL] [--prompt PROMPT]
                         [--prompt-file PROMPT_FILE] [--n N] [--size SIZE]
                         [--quality QUALITY] [--background BACKGROUND]
                         [--output-format OUTPUT_FORMAT]
                         [--output-compression OUTPUT_COMPRESSION]
                         [--moderation MODERATION] [--out OUT]
                         [--out-dir OUT_DIR] [--force] [--dry-run] [--augment]
                         [--no-augment] [--use-case USE_CASE] [--scene SCENE]
                         [--subject SUBJECT] [--style STYLE]
                         [--composition COMPOSITION] [--lighting LIGHTING]
                         [--palette PALETTE] [--materials MATERIALS]
                         [--text TEXT] [--constraints CONSTRAINTS]
                         [--negative NEGATIVE]
                         [--downscale-max-dim DOWNSCALE_MAX_DIM]
                         [--downscale-suffix DOWNSCALE_SUFFIX] --image IMAGE
                         [--mask MASK] [--input-fidelity INPUT_FIDELITY]
image_gen.py edit: error: ambiguous option: --output could match --output-format, --output-compression
[29] сбой сети/API; повтор через 20 секунд
[29] попытка 3/3: Commitment
usage: image_gen.py edit [-h] [--model MODEL] [--prompt PROMPT]
                         [--prompt-file PROMPT_FILE] [--n N] [--size SIZE]
                         [--quality QUALITY] [--background BACKGROUND]
                         [--output-format OUTPUT_FORMAT]
                         [--output-compression OUTPUT_COMPRESSION]
                         [--moderation MODERATION] [--out OUT]
                         [--out-dir OUT_DIR] [--force] [--dry-run] [--augment]
                         [--no-augment] [--use-case USE_CASE] [--scene SCENE]
                         [--subject SUBJECT] [--style STYLE]
                         [--composition COMPOSITION] [--lighting LIGHTING]
                         [--palette PALETTE] [--materials MATERIALS]
                         [--text TEXT] [--constraints CONSTRAINTS]
                         [--negative NEGATIVE]
                         [--downscale-max-dim DOWNSCALE_MAX_DIM]
                         [--downscale-suffix DOWNSCALE_SUFFIX] --image IMAGE
                         [--mask MASK] [--input-fidelity INPUT_FIDELITY]
image_gen.py edit: error: ambiguous option: --output could match --output-format, --output-compression
[29] сбой сети/API; повтор через 20 секунд
[29] не удалось после трёх попыток — записано в render.log
[30] попытка 1/3: Feelings and desire
usage: image_gen.py edit [-h] [--model MODEL] [--prompt PROMPT]
                         [--prompt-file PROMPT_FILE] [--n N] [--size SIZE]
                         [--quality QUALITY] [--background BACKGROUND]
                         [--output-format OUTPUT_FORMAT]
                         [--output-compression OUTPUT_COMPRESSION]
                         [--moderation MODERATION] [--out OUT]
                         [--out-dir OUT_DIR] [--force] [--dry-run] [--augment]
                         [--no-augment] [--use-case USE_CASE] [--scene SCENE]
                         [--subject SUBJECT] [--style STYLE]
                         [--composition COMPOSITION] [--lighting LIGHTING]
                         [--palette PALETTE] [--materials MATERIALS]
                         [--text TEXT] [--constraints CONSTRAINTS]
                         [--negative NEGATIVE]
                         [--downscale-max-dim DOWNSCALE_MAX_DIM]
                         [--downscale-suffix DOWNSCALE_SUFFIX] --image IMAGE
                         [--mask MASK] [--input-fidelity INPUT_FIDELITY]
image_gen.py edit: error: ambiguous option: --output could match --output-format, --output-compression
[30] сбой сети/API; повтор через 20 секунд
[30] попытка 2/3: Feelings and desire
usage: image_gen.py edit [-h] [--model MODEL] [--prompt PROMPT]
                         [--prompt-file PROMPT_FILE] [--n N] [--size SIZE]
                         [--quality QUALITY] [--background BACKGROUND]
                         [--output-format OUTPUT_FORMAT]
                         [--output-compression OUTPUT_COMPRESSION]
                         [--moderation MODERATION] [--out OUT]
                         [--out-dir OUT_DIR] [--force] [--dry-run] [--augment]
                         [--no-augment] [--use-case USE_CASE] [--scene SCENE]
                         [--subject SUBJECT] [--style STYLE]
                         [--composition COMPOSITION] [--lighting LIGHTING]
                         [--palette PALETTE] [--materials MATERIALS]
                         [--text TEXT] [--constraints CONSTRAINTS]
                         [--negative NEGATIVE]
                         [--downscale-max-dim DOWNSCALE_MAX_DIM]
                         [--downscale-suffix DOWNSCALE_SUFFIX] --image IMAGE
                         [--mask MASK] [--input-fidelity INPUT_FIDELITY]
image_gen.py edit: error: ambiguous option: --output could match --output-format, --output-compression
[30] сбой сети/API; повтор через 20 секунд
[30] попытка 3/3: Feelings and desire
usage: image_gen.py edit [-h] [--model MODEL] [--prompt PROMPT]
                         [--prompt-file PROMPT_FILE] [--n N] [--size SIZE]
                         [--quality QUALITY] [--background BACKGROUND]
                         [--output-format OUTPUT_FORMAT]
                         [--output-compression OUTPUT_COMPRESSION]
                         [--moderation MODERATION] [--out OUT]
                         [--out-dir OUT_DIR] [--force] [--dry-run] [--augment]
                         [--no-augment] [--use-case USE_CASE] [--scene SCENE]
                         [--subject SUBJECT] [--style STYLE]
                         [--composition COMPOSITION] [--lighting LIGHTING]
                         [--palette PALETTE] [--materials MATERIALS]
                         [--text TEXT] [--constraints CONSTRAINTS]
                         [--negative NEGATIVE]
                         [--downscale-max-dim DOWNSCALE_MAX_DIM]
                         [--downscale-suffix DOWNSCALE_SUFFIX] --image IMAGE
                         [--mask MASK] [--input-fidelity INPUT_FIDELITY]
image_gen.py edit: error: ambiguous option: --output could match --output-format, --output-compression
[30] сбой сети/API; повтор через 20 секунд
[30] не удалось после трёх попыток — записано в render.log
[31] попытка 1/3: Influence and leadership
usage: image_gen.py edit [-h] [--model MODEL] [--prompt PROMPT]
                         [--prompt-file PROMPT_FILE] [--n N] [--size SIZE]
                         [--quality QUALITY] [--background BACKGROUND]
                         [--output-format OUTPUT_FORMAT]
                         [--output-compression OUTPUT_COMPRESSION]
                         [--moderation MODERATION] [--out OUT]
                         [--out-dir OUT_DIR] [--force] [--dry-run] [--augment]
                         [--no-augment] [--use-case USE_CASE] [--scene SCENE]
                         [--subject SUBJECT] [--style STYLE]
                         [--composition COMPOSITION] [--lighting LIGHTING]
                         [--palette PALETTE] [--materials MATERIALS]
                         [--text TEXT] [--constraints CONSTRAINTS]
                         [--negative NEGATIVE]
                         [--downscale-max-dim DOWNSCALE_MAX_DIM]
                         [--downscale-suffix DOWNSCALE_SUFFIX] --image IMAGE
                         [--mask MASK] [--input-fidelity INPUT_FIDELITY]
image_gen.py edit: error: ambiguous option: --output could match --output-format, --output-compression
[31] сбой сети/API; повтор через 20 секунд
[31] попытка 2/3: Influence and leadership
usage: image_gen.py edit [-h] [--model MODEL] [--prompt PROMPT]
                         [--prompt-file PROMPT_FILE] [--n N] [--size SIZE]
                         [--quality QUALITY] [--background BACKGROUND]
                         [--output-format OUTPUT_FORMAT]
                         [--output-compression OUTPUT_COMPRESSION]
                         [--moderation MODERATION] [--out OUT]
                         [--out-dir OUT_DIR] [--force] [--dry-run] [--augment]
                         [--no-augment] [--use-case USE_CASE] [--scene SCENE]
                         [--subject SUBJECT] [--style STYLE]
                         [--composition COMPOSITION] [--lighting LIGHTING]
                         [--palette PALETTE] [--materials MATERIALS]
                         [--text TEXT] [--constraints CONSTRAINTS]
                         [--negative NEGATIVE]
                         [--downscale-max-dim DOWNSCALE_MAX_DIM]
                         [--downscale-suffix DOWNSCALE_SUFFIX] --image IMAGE
                         [--mask MASK] [--input-fidelity INPUT_FIDELITY]
image_gen.py edit: error: ambiguous option: --output could match --output-format, --output-compression
[31] сбой сети/API; повтор через 20 секунд
[31] попытка 3/3: Influence and leadership
usage: image_gen.py edit [-h] [--model MODEL] [--prompt PROMPT]
                         [--prompt-file PROMPT_FILE] [--n N] [--size SIZE]
                         [--quality QUALITY] [--background BACKGROUND]
                         [--output-format OUTPUT_FORMAT]
                         [--output-compression OUTPUT_COMPRESSION]
                         [--moderation MODERATION] [--out OUT]
                         [--out-dir OUT_DIR] [--force] [--dry-run] [--augment]
                         [--no-augment] [--use-case USE_CASE] [--scene SCENE]
                         [--subject SUBJECT] [--style STYLE]
                         [--composition COMPOSITION] [--lighting LIGHTING]
                         [--palette PALETTE] [--materials MATERIALS]
                         [--text TEXT] [--constraints CONSTRAINTS]
                         [--negative NEGATIVE]
                         [--downscale-max-dim DOWNSCALE_MAX_DIM]
                         [--downscale-suffix DOWNSCALE_SUFFIX] --image IMAGE
                         [--mask MASK] [--input-fidelity INPUT_FIDELITY]
image_gen.py edit: error: ambiguous option: --output could match --output-format, --output-compression
[31] сбой сети/API; повтор через 20 секунд
[31] не удалось после трёх попыток — записано в render.log
[32] попытка 1/3: Continuity
usage: image_gen.py edit [-h] [--model MODEL] [--prompt PROMPT]
                         [--prompt-file PROMPT_FILE] [--n N] [--size SIZE]
                         [--quality QUALITY] [--background BACKGROUND]
                         [--output-format OUTPUT_FORMAT]
                         [--output-compression OUTPUT_COMPRESSION]
                         [--moderation MODERATION] [--out OUT]
                         [--out-dir OUT_DIR] [--force] [--dry-run] [--augment]
                         [--no-augment] [--use-case USE_CASE] [--scene SCENE]
                         [--subject SUBJECT] [--style STYLE]
                         [--composition COMPOSITION] [--lighting LIGHTING]
                         [--palette PALETTE] [--materials MATERIALS]
                         [--text TEXT] [--constraints CONSTRAINTS]
                         [--negative NEGATIVE]
                         [--downscale-max-dim DOWNSCALE_MAX_DIM]
                         [--downscale-suffix DOWNSCALE_SUFFIX] --image IMAGE
                         [--mask MASK] [--input-fidelity INPUT_FIDELITY]
image_gen.py edit: error: ambiguous option: --output could match --output-format, --output-compression
[32] сбой сети/API; повтор через 20 секунд
[32] попытка 2/3: Continuity
usage: image_gen.py edit [-h] [--model MODEL] [--prompt PROMPT]
                         [--prompt-file PROMPT_FILE] [--n N] [--size SIZE]
                         [--quality QUALITY] [--background BACKGROUND]
                         [--output-format OUTPUT_FORMAT]
                         [--output-compression OUTPUT_COMPRESSION]
                         [--moderation MODERATION] [--out OUT]
                         [--out-dir OUT_DIR] [--force] [--dry-run] [--augment]
                         [--no-augment] [--use-case USE_CASE] [--scene SCENE]
                         [--subject SUBJECT] [--style STYLE]
                         [--composition COMPOSITION] [--lighting LIGHTING]
                         [--palette PALETTE] [--materials MATERIALS]
                         [--text TEXT] [--constraints CONSTRAINTS]
                         [--negative NEGATIVE]
                         [--downscale-max-dim DOWNSCALE_MAX_DIM]
                         [--downscale-suffix DOWNSCALE_SUFFIX] --image IMAGE
                         [--mask MASK] [--input-fidelity INPUT_FIDELITY]
image_gen.py edit: error: ambiguous option: --output could match --output-format, --output-compression
[32] сбой сети/API; повтор через 20 секунд
[32] попытка 3/3: Continuity
usage: image_gen.py edit [-h] [--model MODEL] [--prompt PROMPT]
                         [--prompt-file PROMPT_FILE] [--n N] [--size SIZE]
                         [--quality QUALITY] [--background BACKGROUND]
                         [--output-format OUTPUT_FORMAT]
                         [--output-compression OUTPUT_COMPRESSION]
                         [--moderation MODERATION] [--out OUT]
                         [--out-dir OUT_DIR] [--force] [--dry-run] [--augment]
                         [--no-augment] [--use-case USE_CASE] [--scene SCENE]
                         [--subject SUBJECT] [--style STYLE]
                         [--composition COMPOSITION] [--lighting LIGHTING]
                         [--palette PALETTE] [--materials MATERIALS]
                         [--text TEXT] [--constraints CONSTRAINTS]
                         [--negative NEGATIVE]
                         [--downscale-max-dim DOWNSCALE_MAX_DIM]
                         [--downscale-suffix DOWNSCALE_SUFFIX] --image IMAGE
                         [--mask MASK] [--input-fidelity INPUT_FIDELITY]
image_gen.py edit: error: ambiguous option: --output could match --output-format, --output-compression
[32] сбой сети/API; повтор через 20 секунд
[32] не удалось после трёх попыток — записано в render.log
[33] попытка 1/3: Retreat and privacy
usage: image_gen.py edit [-h] [--model MODEL] [--prompt PROMPT]
                         [--prompt-file PROMPT_FILE] [--n N] [--size SIZE]
                         [--quality QUALITY] [--background BACKGROUND]
                         [--output-format OUTPUT_FORMAT]
                         [--output-compression OUTPUT_COMPRESSION]
                         [--moderation MODERATION] [--out OUT]
                         [--out-dir OUT_DIR] [--force] [--dry-run] [--augment]
                         [--no-augment] [--use-case USE_CASE] [--scene SCENE]
                         [--subject SUBJECT] [--style STYLE]
                         [--composition COMPOSITION] [--lighting LIGHTING]
                         [--palette PALETTE] [--materials MATERIALS]
                         [--text TEXT] [--constraints CONSTRAINTS]
                         [--negative NEGATIVE]
                         [--downscale-max-dim DOWNSCALE_MAX_DIM]
                         [--downscale-suffix DOWNSCALE_SUFFIX] --image IMAGE
                         [--mask MASK] [--input-fidelity INPUT_FIDELITY]
image_gen.py edit: error: ambiguous option: --output could match --output-format, --output-compression
[33] сбой сети/API; повтор через 20 секунд
[33] попытка 2/3: Retreat and privacy
usage: image_gen.py edit [-h] [--model MODEL] [--prompt PROMPT]
                         [--prompt-file PROMPT_FILE] [--n N] [--size SIZE]
                         [--quality QUALITY] [--background BACKGROUND]
                         [--output-format OUTPUT_FORMAT]
                         [--output-compression OUTPUT_COMPRESSION]
                         [--moderation MODERATION] [--out OUT]
                         [--out-dir OUT_DIR] [--force] [--dry-run] [--augment]
                         [--no-augment] [--use-case USE_CASE] [--scene SCENE]
                         [--subject SUBJECT] [--style STYLE]
                         [--composition COMPOSITION] [--lighting LIGHTING]
                         [--palette PALETTE] [--materials MATERIALS]
                         [--text TEXT] [--constraints CONSTRAINTS]
                         [--negative NEGATIVE]
                         [--downscale-max-dim DOWNSCALE_MAX_DIM]
                         [--downscale-suffix DOWNSCALE_SUFFIX] --image IMAGE
                         [--mask MASK] [--input-fidelity INPUT_FIDELITY]
image_gen.py edit: error: ambiguous option: --output could match --output-format, --output-compression
[33] сбой сети/API; повтор через 20 секунд
[33] попытка 3/3: Retreat and privacy
usage: image_gen.py edit [-h] [--model MODEL] [--prompt PROMPT]
                         [--prompt-file PROMPT_FILE] [--n N] [--size SIZE]
                         [--quality QUALITY] [--background BACKGROUND]
                         [--output-format OUTPUT_FORMAT]
                         [--output-compression OUTPUT_COMPRESSION]
                         [--moderation MODERATION] [--out OUT]
                         [--out-dir OUT_DIR] [--force] [--dry-run] [--augment]
                         [--no-augment] [--use-case USE_CASE] [--scene SCENE]
                         [--subject SUBJECT] [--style STYLE]
                         [--composition COMPOSITION] [--lighting LIGHTING]
                         [--palette PALETTE] [--materials MATERIALS]
                         [--text TEXT] [--constraints CONSTRAINTS]
                         [--negative NEGATIVE]
                         [--downscale-max-dim DOWNSCALE_MAX_DIM]
                         [--downscale-suffix DOWNSCALE_SUFFIX] --image IMAGE
                         [--mask MASK] [--input-fidelity INPUT_FIDELITY]
image_gen.py edit: error: ambiguous option: --output could match --output-format, --output-compression
[33] сбой сети/API; повтор через 20 секунд
[33] не удалось после трёх попыток — записано в render.log
[34] попытка 1/3: Personal force
usage: image_gen.py edit [-h] [--model MODEL] [--prompt PROMPT]
                         [--prompt-file PROMPT_FILE] [--n N] [--size SIZE]
                         [--quality QUALITY] [--background BACKGROUND]
                         [--output-format OUTPUT_FORMAT]
                         [--output-compression OUTPUT_COMPRESSION]
                         [--moderation MODERATION] [--out OUT]
                         [--out-dir OUT_DIR] [--force] [--dry-run] [--augment]
                         [--no-augment] [--use-case USE_CASE] [--scene SCENE]
                         [--subject SUBJECT] [--style STYLE]
                         [--composition COMPOSITION] [--lighting LIGHTING]
                         [--palette PALETTE] [--materials MATERIALS]
                         [--text TEXT] [--constraints CONSTRAINTS]
                         [--negative NEGATIVE]
                         [--downscale-max-dim DOWNSCALE_MAX_DIM]
                         [--downscale-suffix DOWNSCALE_SUFFIX] --image IMAGE
                         [--mask MASK] [--input-fidelity INPUT_FIDELITY]
image_gen.py edit: error: ambiguous option: --output could match --output-format, --output-compression
[34] сбой сети/API; повтор через 20 секунд
[34] попытка 2/3: Personal force
usage: image_gen.py edit [-h] [--model MODEL] [--prompt PROMPT]
                         [--prompt-file PROMPT_FILE] [--n N] [--size SIZE]
                         [--quality QUALITY] [--background BACKGROUND]
                         [--output-format OUTPUT_FORMAT]
                         [--output-compression OUTPUT_COMPRESSION]
                         [--moderation MODERATION] [--out OUT]
                         [--out-dir OUT_DIR] [--force] [--dry-run] [--augment]
                         [--no-augment] [--use-case USE_CASE] [--scene SCENE]
                         [--subject SUBJECT] [--style STYLE]
                         [--composition COMPOSITION] [--lighting LIGHTING]
                         [--palette PALETTE] [--materials MATERIALS]
                         [--text TEXT] [--constraints CONSTRAINTS]
                         [--negative NEGATIVE]
                         [--downscale-max-dim DOWNSCALE_MAX_DIM]
                         [--downscale-suffix DOWNSCALE_SUFFIX] --image IMAGE
                         [--mask MASK] [--input-fidelity INPUT_FIDELITY]
image_gen.py edit: error: ambiguous option: --output could match --output-format, --output-compression
[34] сбой сети/API; повтор через 20 секунд
[34] попытка 3/3: Personal force
usage: image_gen.py edit [-h] [--model MODEL] [--prompt PROMPT]
                         [--prompt-file PROMPT_FILE] [--n N] [--size SIZE]
                         [--quality QUALITY] [--background BACKGROUND]
                         [--output-format OUTPUT_FORMAT]
                         [--output-compression OUTPUT_COMPRESSION]
                         [--moderation MODERATION] [--out OUT]
                         [--out-dir OUT_DIR] [--force] [--dry-run] [--augment]
                         [--no-augment] [--use-case USE_CASE] [--scene SCENE]
                         [--subject SUBJECT] [--style STYLE]
                         [--composition COMPOSITION] [--lighting LIGHTING]
                         [--palette PALETTE] [--materials MATERIALS]
                         [--text TEXT] [--constraints CONSTRAINTS]
                         [--negative NEGATIVE]
                         [--downscale-max-dim DOWNSCALE_MAX_DIM]
                         [--downscale-suffix DOWNSCALE_SUFFIX] --image IMAGE
                         [--mask MASK] [--input-fidelity INPUT_FIDELITY]
image_gen.py edit: error: ambiguous option: --output could match --output-format, --output-compression
[34] сбой сети/API; повтор через 20 секунд
[34] не удалось после трёх попыток — записано в render.log
[35] попытка 1/3: Progress through experience
usage: image_gen.py edit [-h] [--model MODEL] [--prompt PROMPT]
                         [--prompt-file PROMPT_FILE] [--n N] [--size SIZE]
                         [--quality QUALITY] [--background BACKGROUND]
                         [--output-format OUTPUT_FORMAT]
                         [--output-compression OUTPUT_COMPRESSION]
                         [--moderation MODERATION] [--out OUT]
                         [--out-dir OUT_DIR] [--force] [--dry-run] [--augment]
                         [--no-augment] [--use-case USE_CASE] [--scene SCENE]
                         [--subject SUBJECT] [--style STYLE]
                         [--composition COMPOSITION] [--lighting LIGHTING]
                         [--palette PALETTE] [--materials MATERIALS]
                         [--text TEXT] [--constraints CONSTRAINTS]
                         [--negative NEGATIVE]
                         [--downscale-max-dim DOWNSCALE_MAX_DIM]
                         [--downscale-suffix DOWNSCALE_SUFFIX] --image IMAGE
                         [--mask MASK] [--input-fidelity INPUT_FIDELITY]
image_gen.py edit: error: ambiguous option: --output could match --output-format, --output-compression
[35] сбой сети/API; повтор через 20 секунд
[35] попытка 2/3: Progress through experience
usage: image_gen.py edit [-h] [--model MODEL] [--prompt PROMPT]
                         [--prompt-file PROMPT_FILE] [--n N] [--size SIZE]
                         [--quality QUALITY] [--background BACKGROUND]
                         [--output-format OUTPUT_FORMAT]
                         [--output-compression OUTPUT_COMPRESSION]
                         [--moderation MODERATION] [--out OUT]
                         [--out-dir OUT_DIR] [--force] [--dry-run] [--augment]
                         [--no-augment] [--use-case USE_CASE] [--scene SCENE]
                         [--subject SUBJECT] [--style STYLE]
                         [--composition COMPOSITION] [--lighting LIGHTING]
                         [--palette PALETTE] [--materials MATERIALS]
                         [--text TEXT] [--constraints CONSTRAINTS]
                         [--negative NEGATIVE]
                         [--downscale-max-dim DOWNSCALE_MAX_DIM]
                         [--downscale-suffix DOWNSCALE_SUFFIX] --image IMAGE
                         [--mask MASK] [--input-fidelity INPUT_FIDELITY]
image_gen.py edit: error: ambiguous option: --output could match --output-format, --output-compression
[35] сбой сети/API; повтор через 20 секунд
[35] попытка 3/3: Progress through experience
usage: image_gen.py edit [-h] [--model MODEL] [--prompt PROMPT]
                         [--prompt-file PROMPT_FILE] [--n N] [--size SIZE]
                         [--quality QUALITY] [--background BACKGROUND]
                         [--output-format OUTPUT_FORMAT]
                         [--output-compression OUTPUT_COMPRESSION]
                         [--moderation MODERATION] [--out OUT]
                         [--out-dir OUT_DIR] [--force] [--dry-run] [--augment]
                         [--no-augment] [--use-case USE_CASE] [--scene SCENE]
                         [--subject SUBJECT] [--style STYLE]
                         [--composition COMPOSITION] [--lighting LIGHTING]
                         [--palette PALETTE] [--materials MATERIALS]
                         [--text TEXT] [--constraints CONSTRAINTS]
                         [--negative NEGATIVE]
                         [--downscale-max-dim DOWNSCALE_MAX_DIM]
                         [--downscale-suffix DOWNSCALE_SUFFIX] --image IMAGE
                         [--mask MASK] [--input-fidelity INPUT_FIDELITY]
image_gen.py edit: error: ambiguous option: --output could match --output-format, --output-compression
[35] сбой сети/API; повтор через 20 секунд
[35] не удалось после трёх попыток — записано в render.log
[36] попытка 1/3: Emotional crisis
usage: image_gen.py edit [-h] [--model MODEL] [--prompt PROMPT]
                         [--prompt-file PROMPT_FILE] [--n N] [--size SIZE]
                         [--quality QUALITY] [--background BACKGROUND]
                         [--output-format OUTPUT_FORMAT]
                         [--output-compression OUTPUT_COMPRESSION]
                         [--moderation MODERATION] [--out OUT]
                         [--out-dir OUT_DIR] [--force] [--dry-run] [--augment]
                         [--no-augment] [--use-case USE_CASE] [--scene SCENE]
                         [--subject SUBJECT] [--style STYLE]
                         [--composition COMPOSITION] [--lighting LIGHTING]
                         [--palette PALETTE] [--materials MATERIALS]
                         [--text TEXT] [--constraints CONSTRAINTS]
                         [--negative NEGATIVE]
                         [--downscale-max-dim DOWNSCALE_MAX_DIM]
                         [--downscale-suffix DOWNSCALE_SUFFIX] --image IMAGE
                         [--mask MASK] [--input-fidelity INPUT_FIDELITY]
image_gen.py edit: error: ambiguous option: --output could match --output-format, --output-compression
[36] сбой сети/API; повтор через 20 секунд
[36] попытка 2/3: Emotional crisis
usage: image_gen.py edit [-h] [--model MODEL] [--prompt PROMPT]
                         [--prompt-file PROMPT_FILE] [--n N] [--size SIZE]
                         [--quality QUALITY] [--background BACKGROUND]
                         [--output-format OUTPUT_FORMAT]
                         [--output-compression OUTPUT_COMPRESSION]
                         [--moderation MODERATION] [--out OUT]
                         [--out-dir OUT_DIR] [--force] [--dry-run] [--augment]
                         [--no-augment] [--use-case USE_CASE] [--scene SCENE]
                         [--subject SUBJECT] [--style STYLE]
                         [--composition COMPOSITION] [--lighting LIGHTING]
                         [--palette PALETTE] [--materials MATERIALS]
                         [--text TEXT] [--constraints CONSTRAINTS]
                         [--negative NEGATIVE]
                         [--downscale-max-dim DOWNSCALE_MAX_DIM]
                         [--downscale-suffix DOWNSCALE_SUFFIX] --image IMAGE
                         [--mask MASK] [--input-fidelity INPUT_FIDELITY]
image_gen.py edit: error: ambiguous option: --output could match --output-format, --output-compression
[36] сбой сети/API; повтор через 20 секунд
[36] попытка 3/3: Emotional crisis
usage: image_gen.py edit [-h] [--model MODEL] [--prompt PROMPT]
                         [--prompt-file PROMPT_FILE] [--n N] [--size SIZE]
                         [--quality QUALITY] [--background BACKGROUND]
                         [--output-format OUTPUT_FORMAT]
                         [--output-compression OUTPUT_COMPRESSION]
                         [--moderation MODERATION] [--out OUT]
                         [--out-dir OUT_DIR] [--force] [--dry-run] [--augment]
                         [--no-augment] [--use-case USE_CASE] [--scene SCENE]
                         [--subject SUBJECT] [--style STYLE]
                         [--composition COMPOSITION] [--lighting LIGHTING]
                         [--palette PALETTE] [--materials MATERIALS]
                         [--text TEXT] [--constraints CONSTRAINTS]
                         [--negative NEGATIVE]
                         [--downscale-max-dim DOWNSCALE_MAX_DIM]
                         [--downscale-suffix DOWNSCALE_SUFFIX] --image IMAGE
                         [--mask MASK] [--input-fidelity INPUT_FIDELITY]
image_gen.py edit: error: ambiguous option: --output could match --output-format, --output-compression
[36] сбой сети/API; повтор через 20 секунд
[36] не удалось после трёх попыток — записано в render.log
[37] попытка 1/3: Family and agreements
usage: image_gen.py edit [-h] [--model MODEL] [--prompt PROMPT]
                         [--prompt-file PROMPT_FILE] [--n N] [--size SIZE]
                         [--quality QUALITY] [--background BACKGROUND]
                         [--output-format OUTPUT_FORMAT]
                         [--output-compression OUTPUT_COMPRESSION]
                         [--moderation MODERATION] [--out OUT]
                         [--out-dir OUT_DIR] [--force] [--dry-run] [--augment]
                         [--no-augment] [--use-case USE_CASE] [--scene SCENE]
                         [--subject SUBJECT] [--style STYLE]
                         [--composition COMPOSITION] [--lighting LIGHTING]
                         [--palette PALETTE] [--materials MATERIALS]
                         [--text TEXT] [--constraints CONSTRAINTS]
                         [--negative NEGATIVE]
                         [--downscale-max-dim DOWNSCALE_MAX_DIM]
                         [--downscale-suffix DOWNSCALE_SUFFIX] --image IMAGE
                         [--mask MASK] [--input-fidelity INPUT_FIDELITY]
image_gen.py edit: error: ambiguous option: --output could match --output-format, --output-compression
[37] сбой сети/API; повтор через 20 секунд
[37] попытка 2/3: Family and agreements
usage: image_gen.py edit [-h] [--model MODEL] [--prompt PROMPT]
                         [--prompt-file PROMPT_FILE] [--n N] [--size SIZE]
                         [--quality QUALITY] [--background BACKGROUND]
                         [--output-format OUTPUT_FORMAT]
                         [--output-compression OUTPUT_COMPRESSION]
                         [--moderation MODERATION] [--out OUT]
                         [--out-dir OUT_DIR] [--force] [--dry-run] [--augment]
                         [--no-augment] [--use-case USE_CASE] [--scene SCENE]
                         [--subject SUBJECT] [--style STYLE]
                         [--composition COMPOSITION] [--lighting LIGHTING]
                         [--palette PALETTE] [--materials MATERIALS]
                         [--text TEXT] [--constraints CONSTRAINTS]
                         [--negative NEGATIVE]
                         [--downscale-max-dim DOWNSCALE_MAX_DIM]
                         [--downscale-suffix DOWNSCALE_SUFFIX] --image IMAGE
                         [--mask MASK] [--input-fidelity INPUT_FIDELITY]
image_gen.py edit: error: ambiguous option: --output could match --output-format, --output-compression
[37] сбой сети/API; повтор через 20 секунд
[37] попытка 3/3: Family and agreements
usage: image_gen.py edit [-h] [--model MODEL] [--prompt PROMPT]
                         [--prompt-file PROMPT_FILE] [--n N] [--size SIZE]
                         [--quality QUALITY] [--background BACKGROUND]
                         [--output-format OUTPUT_FORMAT]
                         [--output-compression OUTPUT_COMPRESSION]
                         [--moderation MODERATION] [--out OUT]
                         [--out-dir OUT_DIR] [--force] [--dry-run] [--augment]
                         [--no-augment] [--use-case USE_CASE] [--scene SCENE]
                         [--subject SUBJECT] [--style STYLE]
                         [--composition COMPOSITION] [--lighting LIGHTING]
                         [--palette PALETTE] [--materials MATERIALS]
                         [--text TEXT] [--constraints CONSTRAINTS]
                         [--negative NEGATIVE]
                         [--downscale-max-dim DOWNSCALE_MAX_DIM]
                         [--downscale-suffix DOWNSCALE_SUFFIX] --image IMAGE
                         [--mask MASK] [--input-fidelity INPUT_FIDELITY]
image_gen.py edit: error: ambiguous option: --output could match --output-format, --output-compression
[37] сбой сети/API; повтор через 20 секунд
[37] не удалось после трёх попыток — записано в render.log
[38] попытка 1/3: The fighter
usage: image_gen.py edit [-h] [--model MODEL] [--prompt PROMPT]
                         [--prompt-file PROMPT_FILE] [--n N] [--size SIZE]
                         [--quality QUALITY] [--background BACKGROUND]
                         [--output-format OUTPUT_FORMAT]
                         [--output-compression OUTPUT_COMPRESSION]
                         [--moderation MODERATION] [--out OUT]
                         [--out-dir OUT_DIR] [--force] [--dry-run] [--augment]
                         [--no-augment] [--use-case USE_CASE] [--scene SCENE]
                         [--subject SUBJECT] [--style STYLE]
                         [--composition COMPOSITION] [--lighting LIGHTING]
                         [--palette PALETTE] [--materials MATERIALS]
                         [--text TEXT] [--constraints CONSTRAINTS]
                         [--negative NEGATIVE]
                         [--downscale-max-dim DOWNSCALE_MAX_DIM]
                         [--downscale-suffix DOWNSCALE_SUFFIX] --image IMAGE
                         [--mask MASK] [--input-fidelity INPUT_FIDELITY]
image_gen.py edit: error: ambiguous option: --output could match --output-format, --output-compression
[38] сбой сети/API; повтор через 20 секунд
[38] попытка 2/3: The fighter
usage: image_gen.py edit [-h] [--model MODEL] [--prompt PROMPT]
                         [--prompt-file PROMPT_FILE] [--n N] [--size SIZE]
                         [--quality QUALITY] [--background BACKGROUND]
                         [--output-format OUTPUT_FORMAT]
                         [--output-compression OUTPUT_COMPRESSION]
                         [--moderation MODERATION] [--out OUT]
                         [--out-dir OUT_DIR] [--force] [--dry-run] [--augment]
                         [--no-augment] [--use-case USE_CASE] [--scene SCENE]
                         [--subject SUBJECT] [--style STYLE]
                         [--composition COMPOSITION] [--lighting LIGHTING]
                         [--palette PALETTE] [--materials MATERIALS]
                         [--text TEXT] [--constraints CONSTRAINTS]
                         [--negative NEGATIVE]
                         [--downscale-max-dim DOWNSCALE_MAX_DIM]
                         [--downscale-suffix DOWNSCALE_SUFFIX] --image IMAGE
                         [--mask MASK] [--input-fidelity INPUT_FIDELITY]
image_gen.py edit: error: ambiguous option: --output could match --output-format, --output-compression
[38] сбой сети/API; повтор через 20 секунд
[38] попытка 3/3: The fighter
usage: image_gen.py edit [-h] [--model MODEL] [--prompt PROMPT]
                         [--prompt-file PROMPT_FILE] [--n N] [--size SIZE]
                         [--quality QUALITY] [--background BACKGROUND]
                         [--output-format OUTPUT_FORMAT]
                         [--output-compression OUTPUT_COMPRESSION]
                         [--moderation MODERATION] [--out OUT]
                         [--out-dir OUT_DIR] [--force] [--dry-run] [--augment]
                         [--no-augment] [--use-case USE_CASE] [--scene SCENE]
                         [--subject SUBJECT] [--style STYLE]
                         [--composition COMPOSITION] [--lighting LIGHTING]
                         [--palette PALETTE] [--materials MATERIALS]
                         [--text TEXT] [--constraints CONSTRAINTS]
                         [--negative NEGATIVE]
                         [--downscale-max-dim DOWNSCALE_MAX_DIM]
                         [--downscale-suffix DOWNSCALE_SUFFIX] --image IMAGE
                         [--mask MASK] [--input-fidelity INPUT_FIDELITY]
image_gen.py edit: error: ambiguous option: --output could match --output-format, --output-compression
[38] сбой сети/API; повтор через 20 секунд
[38] не удалось после трёх попыток — записано в render.log
[39] попытка 1/3: Provocation
usage: image_gen.py edit [-h] [--model MODEL] [--prompt PROMPT]
                         [--prompt-file PROMPT_FILE] [--n N] [--size SIZE]
                         [--quality QUALITY] [--background BACKGROUND]
                         [--output-format OUTPUT_FORMAT]
                         [--output-compression OUTPUT_COMPRESSION]
                         [--moderation MODERATION] [--out OUT]
                         [--out-dir OUT_DIR] [--force] [--dry-run] [--augment]
                         [--no-augment] [--use-case USE_CASE] [--scene SCENE]
                         [--subject SUBJECT] [--style STYLE]
                         [--composition COMPOSITION] [--lighting LIGHTING]
                         [--palette PALETTE] [--materials MATERIALS]
                         [--text TEXT] [--constraints CONSTRAINTS]
                         [--negative NEGATIVE]
                         [--downscale-max-dim DOWNSCALE_MAX_DIM]
                         [--downscale-suffix DOWNSCALE_SUFFIX] --image IMAGE
                         [--mask MASK] [--input-fidelity INPUT_FIDELITY]
image_gen.py edit: error: ambiguous option: --output could match --output-format, --output-compression
[39] сбой сети/API; повтор через 20 секунд
[39] попытка 2/3: Provocation
usage: image_gen.py edit [-h] [--model MODEL] [--prompt PROMPT]
                         [--prompt-file PROMPT_FILE] [--n N] [--size SIZE]
                         [--quality QUALITY] [--background BACKGROUND]
                         [--output-format OUTPUT_FORMAT]
                         [--output-compression OUTPUT_COMPRESSION]
                         [--moderation MODERATION] [--out OUT]
                         [--out-dir OUT_DIR] [--force] [--dry-run] [--augment]
                         [--no-augment] [--use-case USE_CASE] [--scene SCENE]
                         [--subject SUBJECT] [--style STYLE]
                         [--composition COMPOSITION] [--lighting LIGHTING]
                         [--palette PALETTE] [--materials MATERIALS]
                         [--text TEXT] [--constraints CONSTRAINTS]
                         [--negative NEGATIVE]
                         [--downscale-max-dim DOWNSCALE_MAX_DIM]
                         [--downscale-suffix DOWNSCALE_SUFFIX] --image IMAGE
                         [--mask MASK] [--input-fidelity INPUT_FIDELITY]
image_gen.py edit: error: ambiguous option: --output could match --output-format, --output-compression
[39] сбой сети/API; повтор через 20 секунд
[39] попытка 3/3: Provocation
usage: image_gen.py edit [-h] [--model MODEL] [--prompt PROMPT]
                         [--prompt-file PROMPT_FILE] [--n N] [--size SIZE]
                         [--quality QUALITY] [--background BACKGROUND]
                         [--output-format OUTPUT_FORMAT]
                         [--output-compression OUTPUT_COMPRESSION]
                         [--moderation MODERATION] [--out OUT]
                         [--out-dir OUT_DIR] [--force] [--dry-run] [--augment]
                         [--no-augment] [--use-case USE_CASE] [--scene SCENE]
                         [--subject SUBJECT] [--style STYLE]
                         [--composition COMPOSITION] [--lighting LIGHTING]
                         [--palette PALETTE] [--materials MATERIALS]
                         [--text TEXT] [--constraints CONSTRAINTS]
                         [--negative NEGATIVE]
                         [--downscale-max-dim DOWNSCALE_MAX_DIM]
                         [--downscale-suffix DOWNSCALE_SUFFIX] --image IMAGE
                         [--mask MASK] [--input-fidelity INPUT_FIDELITY]
image_gen.py edit: error: ambiguous option: --output could match --output-format, --output-compression
[39] сбой сети/API; повтор через 20 секунд
[39] не удалось после трёх попыток — записано в render.log
[40] попытка 1/3: Work and solitude
usage: image_gen.py edit [-h] [--model MODEL] [--prompt PROMPT]
                         [--prompt-file PROMPT_FILE] [--n N] [--size SIZE]
                         [--quality QUALITY] [--background BACKGROUND]
                         [--output-format OUTPUT_FORMAT]
                         [--output-compression OUTPUT_COMPRESSION]
                         [--moderation MODERATION] [--out OUT]
                         [--out-dir OUT_DIR] [--force] [--dry-run] [--augment]
                         [--no-augment] [--use-case USE_CASE] [--scene SCENE]
                         [--subject SUBJECT] [--style STYLE]
                         [--composition COMPOSITION] [--lighting LIGHTING]
                         [--palette PALETTE] [--materials MATERIALS]
                         [--text TEXT] [--constraints CONSTRAINTS]
                         [--negative NEGATIVE]
                         [--downscale-max-dim DOWNSCALE_MAX_DIM]
                         [--downscale-suffix DOWNSCALE_SUFFIX] --image IMAGE
                         [--mask MASK] [--input-fidelity INPUT_FIDELITY]
image_gen.py edit: error: ambiguous option: --output could match --output-format, --output-compression
[40] сбой сети/API; повтор через 20 секунд
[40] попытка 2/3: Work and solitude
usage: image_gen.py edit [-h] [--model MODEL] [--prompt PROMPT]
                         [--prompt-file PROMPT_FILE] [--n N] [--size SIZE]
                         [--quality QUALITY] [--background BACKGROUND]
                         [--output-format OUTPUT_FORMAT]
                         [--output-compression OUTPUT_COMPRESSION]
                         [--moderation MODERATION] [--out OUT]
                         [--out-dir OUT_DIR] [--force] [--dry-run] [--augment]
                         [--no-augment] [--use-case USE_CASE] [--scene SCENE]
                         [--subject SUBJECT] [--style STYLE]
                         [--composition COMPOSITION] [--lighting LIGHTING]
                         [--palette PALETTE] [--materials MATERIALS]
                         [--text TEXT] [--constraints CONSTRAINTS]
                         [--negative NEGATIVE]
                         [--downscale-max-dim DOWNSCALE_MAX_DIM]
                         [--downscale-suffix DOWNSCALE_SUFFIX] --image IMAGE
                         [--mask MASK] [--input-fidelity INPUT_FIDELITY]
image_gen.py edit: error: ambiguous option: --output could match --output-format, --output-compression
[40] сбой сети/API; повтор через 20 секунд
[40] попытка 3/3: Work and solitude
usage: image_gen.py edit [-h] [--model MODEL] [--prompt PROMPT]
                         [--prompt-file PROMPT_FILE] [--n N] [--size SIZE]
                         [--quality QUALITY] [--background BACKGROUND]
                         [--output-format OUTPUT_FORMAT]
                         [--output-compression OUTPUT_COMPRESSION]
                         [--moderation MODERATION] [--out OUT]
                         [--out-dir OUT_DIR] [--force] [--dry-run] [--augment]
                         [--no-augment] [--use-case USE_CASE] [--scene SCENE]
                         [--subject SUBJECT] [--style STYLE]
                         [--composition COMPOSITION] [--lighting LIGHTING]
                         [--palette PALETTE] [--materials MATERIALS]
                         [--text TEXT] [--constraints CONSTRAINTS]
                         [--negative NEGATIVE]
                         [--downscale-max-dim DOWNSCALE_MAX_DIM]
                         [--downscale-suffix DOWNSCALE_SUFFIX] --image IMAGE
                         [--mask MASK] [--input-fidelity INPUT_FIDELITY]
image_gen.py edit: error: ambiguous option: --output could match --output-format, --output-compression
[40] сбой сети/API; повтор через 20 секунд
[40] не удалось после трёх попыток — записано в render.log
[41] попытка 1/3: The first spark of desire
usage: image_gen.py edit [-h] [--model MODEL] [--prompt PROMPT]
                         [--prompt-file PROMPT_FILE] [--n N] [--size SIZE]
                         [--quality QUALITY] [--background BACKGROUND]
                         [--output-format OUTPUT_FORMAT]
                         [--output-compression OUTPUT_COMPRESSION]
                         [--moderation MODERATION] [--out OUT]
                         [--out-dir OUT_DIR] [--force] [--dry-run] [--augment]
                         [--no-augment] [--use-case USE_CASE] [--scene SCENE]
                         [--subject SUBJECT] [--style STYLE]
                         [--composition COMPOSITION] [--lighting LIGHTING]
                         [--palette PALETTE] [--materials MATERIALS]
                         [--text TEXT] [--constraints CONSTRAINTS]
                         [--negative NEGATIVE]
                         [--downscale-max-dim DOWNSCALE_MAX_DIM]
                         [--downscale-suffix DOWNSCALE_SUFFIX] --image IMAGE
                         [--mask MASK] [--input-fidelity INPUT_FIDELITY]
image_gen.py edit: error: ambiguous option: --output could match --output-format, --output-compression
[41] сбой сети/API; повтор через 20 секунд
[41] попытка 2/3: The first spark of desire
usage: image_gen.py edit [-h] [--model MODEL] [--prompt PROMPT]
                         [--prompt-file PROMPT_FILE] [--n N] [--size SIZE]
                         [--quality QUALITY] [--background BACKGROUND]
                         [--output-format OUTPUT_FORMAT]
                         [--output-compression OUTPUT_COMPRESSION]
                         [--moderation MODERATION] [--out OUT]
                         [--out-dir OUT_DIR] [--force] [--dry-run] [--augment]
                         [--no-augment] [--use-case USE_CASE] [--scene SCENE]
                         [--subject SUBJECT] [--style STYLE]
                         [--composition COMPOSITION] [--lighting LIGHTING]
                         [--palette PALETTE] [--materials MATERIALS]
                         [--text TEXT] [--constraints CONSTRAINTS]
                         [--negative NEGATIVE]
                         [--downscale-max-dim DOWNSCALE_MAX_DIM]
                         [--downscale-suffix DOWNSCALE_SUFFIX] --image IMAGE
                         [--mask MASK] [--input-fidelity INPUT_FIDELITY]
image_gen.py edit: error: ambiguous option: --output could match --output-format, --output-compression
[41] сбой сети/API; повтор через 20 секунд
[41] попытка 3/3: The first spark of desire
usage: image_gen.py edit [-h] [--model MODEL] [--prompt PROMPT]
                         [--prompt-file PROMPT_FILE] [--n N] [--size SIZE]
                         [--quality QUALITY] [--background BACKGROUND]
                         [--output-format OUTPUT_FORMAT]
                         [--output-compression OUTPUT_COMPRESSION]
                         [--moderation MODERATION] [--out OUT]
                         [--out-dir OUT_DIR] [--force] [--dry-run] [--augment]
                         [--no-augment] [--use-case USE_CASE] [--scene SCENE]
                         [--subject SUBJECT] [--style STYLE]
                         [--composition COMPOSITION] [--lighting LIGHTING]
                         [--palette PALETTE] [--materials MATERIALS]
                         [--text TEXT] [--constraints CONSTRAINTS]
                         [--negative NEGATIVE]
                         [--downscale-max-dim DOWNSCALE_MAX_DIM]
                         [--downscale-suffix DOWNSCALE_SUFFIX] --image IMAGE
                         [--mask MASK] [--input-fidelity INPUT_FIDELITY]
image_gen.py edit: error: ambiguous option: --output could match --output-format, --output-compression
[41] сбой сети/API; повтор через 20 секунд
[41] не удалось после трёх попыток — записано в render.log
[42] попытка 1/3: Growth and completion
usage: image_gen.py edit [-h] [--model MODEL] [--prompt PROMPT]
                         [--prompt-file PROMPT_FILE] [--n N] [--size SIZE]
                         [--quality QUALITY] [--background BACKGROUND]
                         [--output-format OUTPUT_FORMAT]
                         [--output-compression OUTPUT_COMPRESSION]
                         [--moderation MODERATION] [--out OUT]
                         [--out-dir OUT_DIR] [--force] [--dry-run] [--augment]
                         [--no-augment] [--use-case USE_CASE] [--scene SCENE]
                         [--subject SUBJECT] [--style STYLE]
                         [--composition COMPOSITION] [--lighting LIGHTING]
                         [--palette PALETTE] [--materials MATERIALS]
                         [--text TEXT] [--constraints CONSTRAINTS]
                         [--negative NEGATIVE]
                         [--downscale-max-dim DOWNSCALE_MAX_DIM]
                         [--downscale-suffix DOWNSCALE_SUFFIX] --image IMAGE
                         [--mask MASK] [--input-fidelity INPUT_FIDELITY]
image_gen.py edit: error: ambiguous option: --output could match --output-format, --output-compression
[42] сбой сети/API; повтор через 20 секунд
[42] попытка 2/3: Growth and completion
usage: image_gen.py edit [-h] [--model MODEL] [--prompt PROMPT]
                         [--prompt-file PROMPT_FILE] [--n N] [--size SIZE]
                         [--quality QUALITY] [--background BACKGROUND]
                         [--output-format OUTPUT_FORMAT]
                         [--output-compression OUTPUT_COMPRESSION]
                         [--moderation MODERATION] [--out OUT]
                         [--out-dir OUT_DIR] [--force] [--dry-run] [--augment]
                         [--no-augment] [--use-case USE_CASE] [--scene SCENE]
                         [--subject SUBJECT] [--style STYLE]
                         [--composition COMPOSITION] [--lighting LIGHTING]
                         [--palette PALETTE] [--materials MATERIALS]
                         [--text TEXT] [--constraints CONSTRAINTS]
                         [--negative NEGATIVE]
                         [--downscale-max-dim DOWNSCALE_MAX_DIM]
                         [--downscale-suffix DOWNSCALE_SUFFIX] --image IMAGE
                         [--mask MASK] [--input-fidelity INPUT_FIDELITY]
image_gen.py edit: error: ambiguous option: --output could match --output-format, --output-compression
[42] сбой сети/API; повтор через 20 секунд
[42] попытка 3/3: Growth and completion
usage: image_gen.py edit [-h] [--model MODEL] [--prompt PROMPT]
                         [--prompt-file PROMPT_FILE] [--n N] [--size SIZE]
                         [--quality QUALITY] [--background BACKGROUND]
                         [--output-format OUTPUT_FORMAT]
                         [--output-compression OUTPUT_COMPRESSION]
                         [--moderation MODERATION] [--out OUT]
                         [--out-dir OUT_DIR] [--force] [--dry-run] [--augment]
                         [--no-augment] [--use-case USE_CASE] [--scene SCENE]
                         [--subject SUBJECT] [--style STYLE]
                         [--composition COMPOSITION] [--lighting LIGHTING]
                         [--palette PALETTE] [--materials MATERIALS]
                         [--text TEXT] [--constraints CONSTRAINTS]
                         [--negative NEGATIVE]
                         [--downscale-max-dim DOWNSCALE_MAX_DIM]
                         [--downscale-suffix DOWNSCALE_SUFFIX] --image IMAGE
                         [--mask MASK] [--input-fidelity INPUT_FIDELITY]
image_gen.py edit: error: ambiguous option: --output could match --output-format, --output-compression
[42] сбой сети/API; повтор через 20 секунд
[42] не удалось после трёх попыток — записано в render.log
[43] попытка 1/3: Breakthrough insight
usage: image_gen.py edit [-h] [--model MODEL] [--prompt PROMPT]
                         [--prompt-file PROMPT_FILE] [--n N] [--size SIZE]
                         [--quality QUALITY] [--background BACKGROUND]
                         [--output-format OUTPUT_FORMAT]
                         [--output-compression OUTPUT_COMPRESSION]
                         [--moderation MODERATION] [--out OUT]
                         [--out-dir OUT_DIR] [--force] [--dry-run] [--augment]
                         [--no-augment] [--use-case USE_CASE] [--scene SCENE]
                         [--subject SUBJECT] [--style STYLE]
                         [--composition COMPOSITION] [--lighting LIGHTING]
                         [--palette PALETTE] [--materials MATERIALS]
                         [--text TEXT] [--constraints CONSTRAINTS]
                         [--negative NEGATIVE]
                         [--downscale-max-dim DOWNSCALE_MAX_DIM]
                         [--downscale-suffix DOWNSCALE_SUFFIX] --image IMAGE
                         [--mask MASK] [--input-fidelity INPUT_FIDELITY]
image_gen.py edit: error: ambiguous option: --output could match --output-format, --output-compression
[43] сбой сети/API; повтор через 20 секунд
[43] попытка 2/3: Breakthrough insight
usage: image_gen.py edit [-h] [--model MODEL] [--prompt PROMPT]
                         [--prompt-file PROMPT_FILE] [--n N] [--size SIZE]
                         [--quality QUALITY] [--background BACKGROUND]
                         [--output-format OUTPUT_FORMAT]
                         [--output-compression OUTPUT_COMPRESSION]
                         [--moderation MODERATION] [--out OUT]
                         [--out-dir OUT_DIR] [--force] [--dry-run] [--augment]
                         [--no-augment] [--use-case USE_CASE] [--scene SCENE]
                         [--subject SUBJECT] [--style STYLE]
                         [--composition COMPOSITION] [--lighting LIGHTING]
                         [--palette PALETTE] [--materials MATERIALS]
                         [--text TEXT] [--constraints CONSTRAINTS]
                         [--negative NEGATIVE]
                         [--downscale-max-dim DOWNSCALE_MAX_DIM]
                         [--downscale-suffix DOWNSCALE_SUFFIX] --image IMAGE
                         [--mask MASK] [--input-fidelity INPUT_FIDELITY]
image_gen.py edit: error: ambiguous option: --output could match --output-format, --output-compression
[43] сбой сети/API; повтор через 20 секунд
[43] попытка 3/3: Breakthrough insight
usage: image_gen.py edit [-h] [--model MODEL] [--prompt PROMPT]
                         [--prompt-file PROMPT_FILE] [--n N] [--size SIZE]
                         [--quality QUALITY] [--background BACKGROUND]
                         [--output-format OUTPUT_FORMAT]
                         [--output-compression OUTPUT_COMPRESSION]
                         [--moderation MODERATION] [--out OUT]
                         [--out-dir OUT_DIR] [--force] [--dry-run] [--augment]
                         [--no-augment] [--use-case USE_CASE] [--scene SCENE]
                         [--subject SUBJECT] [--style STYLE]
                         [--composition COMPOSITION] [--lighting LIGHTING]
                         [--palette PALETTE] [--materials MATERIALS]
                         [--text TEXT] [--constraints CONSTRAINTS]
                         [--negative NEGATIVE]
                         [--downscale-max-dim DOWNSCALE_MAX_DIM]
                         [--downscale-suffix DOWNSCALE_SUFFIX] --image IMAGE
                         [--mask MASK] [--input-fidelity INPUT_FIDELITY]
image_gen.py edit: error: ambiguous option: --output could match --output-format, --output-compression
[43] сбой сети/API; повтор через 20 секунд
[43] не удалось после трёх попыток — записано в render.log
[44] попытка 1/3: Pattern recognition
usage: image_gen.py edit [-h] [--model MODEL] [--prompt PROMPT]
                         [--prompt-file PROMPT_FILE] [--n N] [--size SIZE]
                         [--quality QUALITY] [--background BACKGROUND]
                         [--output-format OUTPUT_FORMAT]
                         [--output-compression OUTPUT_COMPRESSION]
                         [--moderation MODERATION] [--out OUT]
                         [--out-dir OUT_DIR] [--force] [--dry-run] [--augment]
                         [--no-augment] [--use-case USE_CASE] [--scene SCENE]
                         [--subject SUBJECT] [--style STYLE]
                         [--composition COMPOSITION] [--lighting LIGHTING]
                         [--palette PALETTE] [--materials MATERIALS]
                         [--text TEXT] [--constraints CONSTRAINTS]
                         [--negative NEGATIVE]
                         [--downscale-max-dim DOWNSCALE_MAX_DIM]
                         [--downscale-suffix DOWNSCALE_SUFFIX] --image IMAGE
                         [--mask MASK] [--input-fidelity INPUT_FIDELITY]
image_gen.py edit: error: ambiguous option: --output could match --output-format, --output-compression
[44] сбой сети/API; повтор через 20 секунд
[44] попытка 2/3: Pattern recognition
usage: image_gen.py edit [-h] [--model MODEL] [--prompt PROMPT]
                         [--prompt-file PROMPT_FILE] [--n N] [--size SIZE]
                         [--quality QUALITY] [--background BACKGROUND]
                         [--output-format OUTPUT_FORMAT]
                         [--output-compression OUTPUT_COMPRESSION]
                         [--moderation MODERATION] [--out OUT]
                         [--out-dir OUT_DIR] [--force] [--dry-run] [--augment]
                         [--no-augment] [--use-case USE_CASE] [--scene SCENE]
                         [--subject SUBJECT] [--style STYLE]
                         [--composition COMPOSITION] [--lighting LIGHTING]
                         [--palette PALETTE] [--materials MATERIALS]
                         [--text TEXT] [--constraints CONSTRAINTS]
                         [--negative NEGATIVE]
                         [--downscale-max-dim DOWNSCALE_MAX_DIM]
                         [--downscale-suffix DOWNSCALE_SUFFIX] --image IMAGE
                         [--mask MASK] [--input-fidelity INPUT_FIDELITY]
image_gen.py edit: error: ambiguous option: --output could match --output-format, --output-compression
[44] сбой сети/API; повтор через 20 секунд
[44] попытка 3/3: Pattern recognition
usage: image_gen.py edit [-h] [--model MODEL] [--prompt PROMPT]
                         [--prompt-file PROMPT_FILE] [--n N] [--size SIZE]
                         [--quality QUALITY] [--background BACKGROUND]
                         [--output-format OUTPUT_FORMAT]
                         [--output-compression OUTPUT_COMPRESSION]
                         [--moderation MODERATION] [--out OUT]
                         [--out-dir OUT_DIR] [--force] [--dry-run] [--augment]
                         [--no-augment] [--use-case USE_CASE] [--scene SCENE]
                         [--subject SUBJECT] [--style STYLE]
                         [--composition COMPOSITION] [--lighting LIGHTING]
                         [--palette PALETTE] [--materials MATERIALS]
                         [--text TEXT] [--constraints CONSTRAINTS]
                         [--negative NEGATIVE]
                         [--downscale-max-dim DOWNSCALE_MAX_DIM]
                         [--downscale-suffix DOWNSCALE_SUFFIX] --image IMAGE
                         [--mask MASK] [--input-fidelity INPUT_FIDELITY]
image_gen.py edit: error: ambiguous option: --output could match --output-format, --output-compression
[44] сбой сети/API; повтор через 20 секунд
[44] не удалось после трёх попыток — записано в render.log
[45] попытка 1/3: Rulership and gathering
usage: image_gen.py edit [-h] [--model MODEL] [--prompt PROMPT]
                         [--prompt-file PROMPT_FILE] [--n N] [--size SIZE]
                         [--quality QUALITY] [--background BACKGROUND]
                         [--output-format OUTPUT_FORMAT]
                         [--output-compression OUTPUT_COMPRESSION]
                         [--moderation MODERATION] [--out OUT]
                         [--out-dir OUT_DIR] [--force] [--dry-run] [--augment]
                         [--no-augment] [--use-case USE_CASE] [--scene SCENE]
                         [--subject SUBJECT] [--style STYLE]
                         [--composition COMPOSITION] [--lighting LIGHTING]
                         [--palette PALETTE] [--materials MATERIALS]
                         [--text TEXT] [--constraints CONSTRAINTS]
                         [--negative NEGATIVE]
                         [--downscale-max-dim DOWNSCALE_MAX_DIM]
                         [--downscale-suffix DOWNSCALE_SUFFIX] --image IMAGE
                         [--mask MASK] [--input-fidelity INPUT_FIDELITY]
image_gen.py edit: error: ambiguous option: --output could match --output-format, --output-compression
[45] сбой сети/API; повтор через 20 секунд
[45] попытка 2/3: Rulership and gathering
usage: image_gen.py edit [-h] [--model MODEL] [--prompt PROMPT]
                         [--prompt-file PROMPT_FILE] [--n N] [--size SIZE]
                         [--quality QUALITY] [--background BACKGROUND]
                         [--output-format OUTPUT_FORMAT]
                         [--output-compression OUTPUT_COMPRESSION]
                         [--moderation MODERATION] [--out OUT]
                         [--out-dir OUT_DIR] [--force] [--dry-run] [--augment]
                         [--no-augment] [--use-case USE_CASE] [--scene SCENE]
                         [--subject SUBJECT] [--style STYLE]
                         [--composition COMPOSITION] [--lighting LIGHTING]
                         [--palette PALETTE] [--materials MATERIALS]
                         [--text TEXT] [--constraints CONSTRAINTS]
                         [--negative NEGATIVE]
                         [--downscale-max-dim DOWNSCALE_MAX_DIM]
                         [--downscale-suffix DOWNSCALE_SUFFIX] --image IMAGE
                         [--mask MASK] [--input-fidelity INPUT_FIDELITY]
image_gen.py edit: error: ambiguous option: --output could match --output-format, --output-compression
[45] сбой сети/API; повтор через 20 секунд
[45] попытка 3/3: Rulership and gathering
usage: image_gen.py edit [-h] [--model MODEL] [--prompt PROMPT]
                         [--prompt-file PROMPT_FILE] [--n N] [--size SIZE]
                         [--quality QUALITY] [--background BACKGROUND]
                         [--output-format OUTPUT_FORMAT]
                         [--output-compression OUTPUT_COMPRESSION]
                         [--moderation MODERATION] [--out OUT]
                         [--out-dir OUT_DIR] [--force] [--dry-run] [--augment]
                         [--no-augment] [--use-case USE_CASE] [--scene SCENE]
                         [--subject SUBJECT] [--style STYLE]
                         [--composition COMPOSITION] [--lighting LIGHTING]
                         [--palette PALETTE] [--materials MATERIALS]
                         [--text TEXT] [--constraints CONSTRAINTS]
                         [--negative NEGATIVE]
                         [--downscale-max-dim DOWNSCALE_MAX_DIM]
                         [--downscale-suffix DOWNSCALE_SUFFIX] --image IMAGE
                         [--mask MASK] [--input-fidelity INPUT_FIDELITY]
image_gen.py edit: error: ambiguous option: --output could match --output-format, --output-compression
[45] сбой сети/API; повтор через 20 секунд
[45] не удалось после трёх попыток — записано в render.log
[46] попытка 1/3: Right place in the body
usage: image_gen.py edit [-h] [--model MODEL] [--prompt PROMPT]
                         [--prompt-file PROMPT_FILE] [--n N] [--size SIZE]
                         [--quality QUALITY] [--background BACKGROUND]
                         [--output-format OUTPUT_FORMAT]
                         [--output-compression OUTPUT_COMPRESSION]
                         [--moderation MODERATION] [--out OUT]
                         [--out-dir OUT_DIR] [--force] [--dry-run] [--augment]
                         [--no-augment] [--use-case USE_CASE] [--scene SCENE]
                         [--subject SUBJECT] [--style STYLE]
                         [--composition COMPOSITION] [--lighting LIGHTING]
                         [--palette PALETTE] [--materials MATERIALS]
                         [--text TEXT] [--constraints CONSTRAINTS]
                         [--negative NEGATIVE]
                         [--downscale-max-dim DOWNSCALE_MAX_DIM]
                         [--downscale-suffix DOWNSCALE_SUFFIX] --image IMAGE
                         [--mask MASK] [--input-fidelity INPUT_FIDELITY]
image_gen.py edit: error: ambiguous option: --output could match --output-format, --output-compression
[46] сбой сети/API; повтор через 20 секунд
[46] попытка 2/3: Right place in the body
usage: image_gen.py edit [-h] [--model MODEL] [--prompt PROMPT]
                         [--prompt-file PROMPT_FILE] [--n N] [--size SIZE]
                         [--quality QUALITY] [--background BACKGROUND]
                         [--output-format OUTPUT_FORMAT]
                         [--output-compression OUTPUT_COMPRESSION]
                         [--moderation MODERATION] [--out OUT]
                         [--out-dir OUT_DIR] [--force] [--dry-run] [--augment]
                         [--no-augment] [--use-case USE_CASE] [--scene SCENE]
                         [--subject SUBJECT] [--style STYLE]
                         [--composition COMPOSITION] [--lighting LIGHTING]
                         [--palette PALETTE] [--materials MATERIALS]
                         [--text TEXT] [--constraints CONSTRAINTS]
                         [--negative NEGATIVE]
                         [--downscale-max-dim DOWNSCALE_MAX_DIM]
                         [--downscale-suffix DOWNSCALE_SUFFIX] --image IMAGE
                         [--mask MASK] [--input-fidelity INPUT_FIDELITY]
image_gen.py edit: error: ambiguous option: --output could match --output-format, --output-compression
[46] сбой сети/API; повтор через 20 секунд
[46] попытка 3/3: Right place in the body
usage: image_gen.py edit [-h] [--model MODEL] [--prompt PROMPT]
                         [--prompt-file PROMPT_FILE] [--n N] [--size SIZE]
                         [--quality QUALITY] [--background BACKGROUND]
                         [--output-format OUTPUT_FORMAT]
                         [--output-compression OUTPUT_COMPRESSION]
                         [--moderation MODERATION] [--out OUT]
                         [--out-dir OUT_DIR] [--force] [--dry-run] [--augment]
                         [--no-augment] [--use-case USE_CASE] [--scene SCENE]
                         [--subject SUBJECT] [--style STYLE]
                         [--composition COMPOSITION] [--lighting LIGHTING]
                         [--palette PALETTE] [--materials MATERIALS]
                         [--text TEXT] [--constraints CONSTRAINTS]
                         [--negative NEGATIVE]
                         [--downscale-max-dim DOWNSCALE_MAX_DIM]
                         [--downscale-suffix DOWNSCALE_SUFFIX] --image IMAGE
                         [--mask MASK] [--input-fidelity INPUT_FIDELITY]
image_gen.py edit: error: ambiguous option: --output could match --output-format, --output-compression
[46] сбой сети/API; повтор через 20 секунд
[46] не удалось после трёх попыток — записано в render.log
[47] попытка 1/3: Making sense of pressure
usage: image_gen.py edit [-h] [--model MODEL] [--prompt PROMPT]
                         [--prompt-file PROMPT_FILE] [--n N] [--size SIZE]
                         [--quality QUALITY] [--background BACKGROUND]
                         [--output-format OUTPUT_FORMAT]
                         [--output-compression OUTPUT_COMPRESSION]
                         [--moderation MODERATION] [--out OUT]
                         [--out-dir OUT_DIR] [--force] [--dry-run] [--augment]
                         [--no-augment] [--use-case USE_CASE] [--scene SCENE]
                         [--subject SUBJECT] [--style STYLE]
                         [--composition COMPOSITION] [--lighting LIGHTING]
                         [--palette PALETTE] [--materials MATERIALS]
                         [--text TEXT] [--constraints CONSTRAINTS]
                         [--negative NEGATIVE]
                         [--downscale-max-dim DOWNSCALE_MAX_DIM]
                         [--downscale-suffix DOWNSCALE_SUFFIX] --image IMAGE
                         [--mask MASK] [--input-fidelity INPUT_FIDELITY]
image_gen.py edit: error: ambiguous option: --output could match --output-format, --output-compression
[47] сбой сети/API; повтор через 20 секунд
[47] попытка 2/3: Making sense of pressure
usage: image_gen.py edit [-h] [--model MODEL] [--prompt PROMPT]
                         [--prompt-file PROMPT_FILE] [--n N] [--size SIZE]
                         [--quality QUALITY] [--background BACKGROUND]
                         [--output-format OUTPUT_FORMAT]
                         [--output-compression OUTPUT_COMPRESSION]
                         [--moderation MODERATION] [--out OUT]
                         [--out-dir OUT_DIR] [--force] [--dry-run] [--augment]
                         [--no-augment] [--use-case USE_CASE] [--scene SCENE]
                         [--subject SUBJECT] [--style STYLE]
                         [--composition COMPOSITION] [--lighting LIGHTING]
                         [--palette PALETTE] [--materials MATERIALS]
                         [--text TEXT] [--constraints CONSTRAINTS]
                         [--negative NEGATIVE]
                         [--downscale-max-dim DOWNSCALE_MAX_DIM]
                         [--downscale-suffix DOWNSCALE_SUFFIX] --image IMAGE
                         [--mask MASK] [--input-fidelity INPUT_FIDELITY]
image_gen.py edit: error: ambiguous option: --output could match --output-format, --output-compression
[47] сбой сети/API; повтор через 20 секунд
[47] попытка 3/3: Making sense of pressure
usage: image_gen.py edit [-h] [--model MODEL] [--prompt PROMPT]
                         [--prompt-file PROMPT_FILE] [--n N] [--size SIZE]
                         [--quality QUALITY] [--background BACKGROUND]
                         [--output-format OUTPUT_FORMAT]
                         [--output-compression OUTPUT_COMPRESSION]
                         [--moderation MODERATION] [--out OUT]
                         [--out-dir OUT_DIR] [--force] [--dry-run] [--augment]
                         [--no-augment] [--use-case USE_CASE] [--scene SCENE]
                         [--subject SUBJECT] [--style STYLE]
                         [--composition COMPOSITION] [--lighting LIGHTING]
                         [--palette PALETTE] [--materials MATERIALS]
                         [--text TEXT] [--constraints CONSTRAINTS]
                         [--negative NEGATIVE]
                         [--downscale-max-dim DOWNSCALE_MAX_DIM]
                         [--downscale-suffix DOWNSCALE_SUFFIX] --image IMAGE
                         [--mask MASK] [--input-fidelity INPUT_FIDELITY]
image_gen.py edit: error: ambiguous option: --output could match --output-format, --output-compression
[47] сбой сети/API; повтор через 20 секунд
[47] не удалось после трёх попыток — записано в render.log
[48] попытка 1/3: The well of depth
usage: image_gen.py edit [-h] [--model MODEL] [--prompt PROMPT]
                         [--prompt-file PROMPT_FILE] [--n N] [--size SIZE]
                         [--quality QUALITY] [--background BACKGROUND]
                         [--output-format OUTPUT_FORMAT]
                         [--output-compression OUTPUT_COMPRESSION]
                         [--moderation MODERATION] [--out OUT]
                         [--out-dir OUT_DIR] [--force] [--dry-run] [--augment]
                         [--no-augment] [--use-case USE_CASE] [--scene SCENE]
                         [--subject SUBJECT] [--style STYLE]
                         [--composition COMPOSITION] [--lighting LIGHTING]
                         [--palette PALETTE] [--materials MATERIALS]
                         [--text TEXT] [--constraints CONSTRAINTS]
                         [--negative NEGATIVE]
                         [--downscale-max-dim DOWNSCALE_MAX_DIM]
                         [--downscale-suffix DOWNSCALE_SUFFIX] --image IMAGE
                         [--mask MASK] [--input-fidelity INPUT_FIDELITY]
image_gen.py edit: error: ambiguous option: --output could match --output-format, --output-compression
[48] сбой сети/API; повтор через 20 секунд
[48] попытка 2/3: The well of depth
usage: image_gen.py edit [-h] [--model MODEL] [--prompt PROMPT]
                         [--prompt-file PROMPT_FILE] [--n N] [--size SIZE]
                         [--quality QUALITY] [--background BACKGROUND]
                         [--output-format OUTPUT_FORMAT]
                         [--output-compression OUTPUT_COMPRESSION]
                         [--moderation MODERATION] [--out OUT]
                         [--out-dir OUT_DIR] [--force] [--dry-run] [--augment]
                         [--no-augment] [--use-case USE_CASE] [--scene SCENE]
                         [--subject SUBJECT] [--style STYLE]
                         [--composition COMPOSITION] [--lighting LIGHTING]
                         [--palette PALETTE] [--materials MATERIALS]
                         [--text TEXT] [--constraints CONSTRAINTS]
                         [--negative NEGATIVE]
                         [--downscale-max-dim DOWNSCALE_MAX_DIM]
                         [--downscale-suffix DOWNSCALE_SUFFIX] --image IMAGE
                         [--mask MASK] [--input-fidelity INPUT_FIDELITY]
image_gen.py edit: error: ambiguous option: --output could match --output-format, --output-compression
[48] сбой сети/API; повтор через 20 секунд
[48] попытка 3/3: The well of depth
usage: image_gen.py edit [-h] [--model MODEL] [--prompt PROMPT]
                         [--prompt-file PROMPT_FILE] [--n N] [--size SIZE]
                         [--quality QUALITY] [--background BACKGROUND]
                         [--output-format OUTPUT_FORMAT]
                         [--output-compression OUTPUT_COMPRESSION]
                         [--moderation MODERATION] [--out OUT]
                         [--out-dir OUT_DIR] [--force] [--dry-run] [--augment]
                         [--no-augment] [--use-case USE_CASE] [--scene SCENE]
                         [--subject SUBJECT] [--style STYLE]
                         [--composition COMPOSITION] [--lighting LIGHTING]
                         [--palette PALETTE] [--materials MATERIALS]
                         [--text TEXT] [--constraints CONSTRAINTS]
                         [--negative NEGATIVE]
                         [--downscale-max-dim DOWNSCALE_MAX_DIM]
                         [--downscale-suffix DOWNSCALE_SUFFIX] --image IMAGE
                         [--mask MASK] [--input-fidelity INPUT_FIDELITY]
image_gen.py edit: error: ambiguous option: --output could match --output-format, --output-compression
[48] сбой сети/API; повтор через 20 секунд
[48] не удалось после трёх попыток — записано в render.log
[49] попытка 1/3: Revolution of values
usage: image_gen.py edit [-h] [--model MODEL] [--prompt PROMPT]
                         [--prompt-file PROMPT_FILE] [--n N] [--size SIZE]
                         [--quality QUALITY] [--background BACKGROUND]
                         [--output-format OUTPUT_FORMAT]
                         [--output-compression OUTPUT_COMPRESSION]
                         [--moderation MODERATION] [--out OUT]
                         [--out-dir OUT_DIR] [--force] [--dry-run] [--augment]
                         [--no-augment] [--use-case USE_CASE] [--scene SCENE]
                         [--subject SUBJECT] [--style STYLE]
                         [--composition COMPOSITION] [--lighting LIGHTING]
                         [--palette PALETTE] [--materials MATERIALS]
                         [--text TEXT] [--constraints CONSTRAINTS]
                         [--negative NEGATIVE]
                         [--downscale-max-dim DOWNSCALE_MAX_DIM]
                         [--downscale-suffix DOWNSCALE_SUFFIX] --image IMAGE
                         [--mask MASK] [--input-fidelity INPUT_FIDELITY]
image_gen.py edit: error: ambiguous option: --output could match --output-format, --output-compression
[49] сбой сети/API; повтор через 20 секунд
[49] попытка 2/3: Revolution of values
usage: image_gen.py edit [-h] [--model MODEL] [--prompt PROMPT]
                         [--prompt-file PROMPT_FILE] [--n N] [--size SIZE]
                         [--quality QUALITY] [--background BACKGROUND]
                         [--output-format OUTPUT_FORMAT]
                         [--output-compression OUTPUT_COMPRESSION]
                         [--moderation MODERATION] [--out OUT]
                         [--out-dir OUT_DIR] [--force] [--dry-run] [--augment]
                         [--no-augment] [--use-case USE_CASE] [--scene SCENE]
                         [--subject SUBJECT] [--style STYLE]
                         [--composition COMPOSITION] [--lighting LIGHTING]
                         [--palette PALETTE] [--materials MATERIALS]
                         [--text TEXT] [--constraints CONSTRAINTS]
                         [--negative NEGATIVE]
                         [--downscale-max-dim DOWNSCALE_MAX_DIM]
                         [--downscale-suffix DOWNSCALE_SUFFIX] --image IMAGE
                         [--mask MASK] [--input-fidelity INPUT_FIDELITY]
image_gen.py edit: error: ambiguous option: --output could match --output-format, --output-compression
[49] сбой сети/API; повтор через 20 секунд
[49] попытка 3/3: Revolution of values
usage: image_gen.py edit [-h] [--model MODEL] [--prompt PROMPT]
                         [--prompt-file PROMPT_FILE] [--n N] [--size SIZE]
                         [--quality QUALITY] [--background BACKGROUND]
                         [--output-format OUTPUT_FORMAT]
                         [--output-compression OUTPUT_COMPRESSION]
                         [--moderation MODERATION] [--out OUT]
                         [--out-dir OUT_DIR] [--force] [--dry-run] [--augment]
                         [--no-augment] [--use-case USE_CASE] [--scene SCENE]
                         [--subject SUBJECT] [--style STYLE]
                         [--composition COMPOSITION] [--lighting LIGHTING]
                         [--palette PALETTE] [--materials MATERIALS]
                         [--text TEXT] [--constraints CONSTRAINTS]
                         [--negative NEGATIVE]
                         [--downscale-max-dim DOWNSCALE_MAX_DIM]
                         [--downscale-suffix DOWNSCALE_SUFFIX] --image IMAGE
                         [--mask MASK] [--input-fidelity INPUT_FIDELITY]
image_gen.py edit: error: ambiguous option: --output could match --output-format, --output-compression
[49] сбой сети/API; повтор через 20 секунд
[49] не удалось после трёх попыток — записано в render.log
[50] попытка 1/3: Values and responsibility
usage: image_gen.py edit [-h] [--model MODEL] [--prompt PROMPT]
                         [--prompt-file PROMPT_FILE] [--n N] [--size SIZE]
                         [--quality QUALITY] [--background BACKGROUND]
                         [--output-format OUTPUT_FORMAT]
                         [--output-compression OUTPUT_COMPRESSION]
                         [--moderation MODERATION] [--out OUT]
                         [--out-dir OUT_DIR] [--force] [--dry-run] [--augment]
                         [--no-augment] [--use-case USE_CASE] [--scene SCENE]
                         [--subject SUBJECT] [--style STYLE]
                         [--composition COMPOSITION] [--lighting LIGHTING]
                         [--palette PALETTE] [--materials MATERIALS]
                         [--text TEXT] [--constraints CONSTRAINTS]
                         [--negative NEGATIVE]
                         [--downscale-max-dim DOWNSCALE_MAX_DIM]
                         [--downscale-suffix DOWNSCALE_SUFFIX] --image IMAGE
                         [--mask MASK] [--input-fidelity INPUT_FIDELITY]
image_gen.py edit: error: ambiguous option: --output could match --output-format, --output-compression
[50] сбой сети/API; повтор через 20 секунд
[50] попытка 2/3: Values and responsibility
usage: image_gen.py edit [-h] [--model MODEL] [--prompt PROMPT]
                         [--prompt-file PROMPT_FILE] [--n N] [--size SIZE]
                         [--quality QUALITY] [--background BACKGROUND]
                         [--output-format OUTPUT_FORMAT]
                         [--output-compression OUTPUT_COMPRESSION]
                         [--moderation MODERATION] [--out OUT]
                         [--out-dir OUT_DIR] [--force] [--dry-run] [--augment]
                         [--no-augment] [--use-case USE_CASE] [--scene SCENE]
                         [--subject SUBJECT] [--style STYLE]
                         [--composition COMPOSITION] [--lighting LIGHTING]
                         [--palette PALETTE] [--materials MATERIALS]
                         [--text TEXT] [--constraints CONSTRAINTS]
                         [--negative NEGATIVE]
                         [--downscale-max-dim DOWNSCALE_MAX_DIM]
                         [--downscale-suffix DOWNSCALE_SUFFIX] --image IMAGE
                         [--mask MASK] [--input-fidelity INPUT_FIDELITY]
image_gen.py edit: error: ambiguous option: --output could match --output-format, --output-compression
[50] сбой сети/API; повтор через 20 секунд
[50] попытка 3/3: Values and responsibility
usage: image_gen.py edit [-h] [--model MODEL] [--prompt PROMPT]
                         [--prompt-file PROMPT_FILE] [--n N] [--size SIZE]
                         [--quality QUALITY] [--background BACKGROUND]
                         [--output-format OUTPUT_FORMAT]
                         [--output-compression OUTPUT_COMPRESSION]
                         [--moderation MODERATION] [--out OUT]
                         [--out-dir OUT_DIR] [--force] [--dry-run] [--augment]
                         [--no-augment] [--use-case USE_CASE] [--scene SCENE]
                         [--subject SUBJECT] [--style STYLE]
                         [--composition COMPOSITION] [--lighting LIGHTING]
                         [--palette PALETTE] [--materials MATERIALS]
                         [--text TEXT] [--constraints CONSTRAINTS]
                         [--negative NEGATIVE]
                         [--downscale-max-dim DOWNSCALE_MAX_DIM]
                         [--downscale-suffix DOWNSCALE_SUFFIX] --image IMAGE
                         [--mask MASK] [--input-fidelity INPUT_FIDELITY]
image_gen.py edit: error: ambiguous option: --output could match --output-format, --output-compression
[50] сбой сети/API; повтор через 20 секунд
[50] не удалось после трёх попыток — записано в render.log
[51] попытка 1/3: Initiating shock
usage: image_gen.py edit [-h] [--model MODEL] [--prompt PROMPT]
                         [--prompt-file PROMPT_FILE] [--n N] [--size SIZE]
                         [--quality QUALITY] [--background BACKGROUND]
                         [--output-format OUTPUT_FORMAT]
                         [--output-compression OUTPUT_COMPRESSION]
                         [--moderation MODERATION] [--out OUT]
                         [--out-dir OUT_DIR] [--force] [--dry-run] [--augment]
                         [--no-augment] [--use-case USE_CASE] [--scene SCENE]
                         [--subject SUBJECT] [--style STYLE]
                         [--composition COMPOSITION] [--lighting LIGHTING]
                         [--palette PALETTE] [--materials MATERIALS]
                         [--text TEXT] [--constraints CONSTRAINTS]
                         [--negative NEGATIVE]
                         [--downscale-max-dim DOWNSCALE_MAX_DIM]
                         [--downscale-suffix DOWNSCALE_SUFFIX] --image IMAGE
                         [--mask MASK] [--input-fidelity INPUT_FIDELITY]
image_gen.py edit: error: ambiguous option: --output could match --output-format, --output-compression
[51] сбой сети/API; повтор через 20 секунд
[51] попытка 2/3: Initiating shock
usage: image_gen.py edit [-h] [--model MODEL] [--prompt PROMPT]
                         [--prompt-file PROMPT_FILE] [--n N] [--size SIZE]
                         [--quality QUALITY] [--background BACKGROUND]
                         [--output-format OUTPUT_FORMAT]
                         [--output-compression OUTPUT_COMPRESSION]
                         [--moderation MODERATION] [--out OUT]
                         [--out-dir OUT_DIR] [--force] [--dry-run] [--augment]
                         [--no-augment] [--use-case USE_CASE] [--scene SCENE]
                         [--subject SUBJECT] [--style STYLE]
                         [--composition COMPOSITION] [--lighting LIGHTING]
                         [--palette PALETTE] [--materials MATERIALS]
                         [--text TEXT] [--constraints CONSTRAINTS]
                         [--negative NEGATIVE]
                         [--downscale-max-dim DOWNSCALE_MAX_DIM]
                         [--downscale-suffix DOWNSCALE_SUFFIX] --image IMAGE
                         [--mask MASK] [--input-fidelity INPUT_FIDELITY]
image_gen.py edit: error: ambiguous option: --output could match --output-format, --output-compression
[51] сбой сети/API; повтор через 20 секунд
[51] попытка 3/3: Initiating shock
usage: image_gen.py edit [-h] [--model MODEL] [--prompt PROMPT]
                         [--prompt-file PROMPT_FILE] [--n N] [--size SIZE]
                         [--quality QUALITY] [--background BACKGROUND]
                         [--output-format OUTPUT_FORMAT]
                         [--output-compression OUTPUT_COMPRESSION]
                         [--moderation MODERATION] [--out OUT]
                         [--out-dir OUT_DIR] [--force] [--dry-run] [--augment]
                         [--no-augment] [--use-case USE_CASE] [--scene SCENE]
                         [--subject SUBJECT] [--style STYLE]
                         [--composition COMPOSITION] [--lighting LIGHTING]
                         [--palette PALETTE] [--materials MATERIALS]
                         [--text TEXT] [--constraints CONSTRAINTS]
                         [--negative NEGATIVE]
                         [--downscale-max-dim DOWNSCALE_MAX_DIM]
                         [--downscale-suffix DOWNSCALE_SUFFIX] --image IMAGE
                         [--mask MASK] [--input-fidelity INPUT_FIDELITY]
image_gen.py edit: error: ambiguous option: --output could match --output-format, --output-compression
[51] сбой сети/API; повтор через 20 секунд
[51] не удалось после трёх попыток — записано в render.log
[52] попытка 1/3: Stillness and concentration
usage: image_gen.py edit [-h] [--model MODEL] [--prompt PROMPT]
                         [--prompt-file PROMPT_FILE] [--n N] [--size SIZE]
                         [--quality QUALITY] [--background BACKGROUND]
                         [--output-format OUTPUT_FORMAT]
                         [--output-compression OUTPUT_COMPRESSION]
                         [--moderation MODERATION] [--out OUT]
                         [--out-dir OUT_DIR] [--force] [--dry-run] [--augment]
                         [--no-augment] [--use-case USE_CASE] [--scene SCENE]
                         [--subject SUBJECT] [--style STYLE]
                         [--composition COMPOSITION] [--lighting LIGHTING]
                         [--palette PALETTE] [--materials MATERIALS]
                         [--text TEXT] [--constraints CONSTRAINTS]
                         [--negative NEGATIVE]
                         [--downscale-max-dim DOWNSCALE_MAX_DIM]
                         [--downscale-suffix DOWNSCALE_SUFFIX] --image IMAGE
                         [--mask MASK] [--input-fidelity INPUT_FIDELITY]
image_gen.py edit: error: ambiguous option: --output could match --output-format, --output-compression
[52] сбой сети/API; повтор через 20 секунд
[52] попытка 2/3: Stillness and concentration
usage: image_gen.py edit [-h] [--model MODEL] [--prompt PROMPT]
                         [--prompt-file PROMPT_FILE] [--n N] [--size SIZE]
                         [--quality QUALITY] [--background BACKGROUND]
                         [--output-format OUTPUT_FORMAT]
                         [--output-compression OUTPUT_COMPRESSION]
                         [--moderation MODERATION] [--out OUT]
                         [--out-dir OUT_DIR] [--force] [--dry-run] [--augment]
                         [--no-augment] [--use-case USE_CASE] [--scene SCENE]
                         [--subject SUBJECT] [--style STYLE]
                         [--composition COMPOSITION] [--lighting LIGHTING]
                         [--palette PALETTE] [--materials MATERIALS]
                         [--text TEXT] [--constraints CONSTRAINTS]
                         [--negative NEGATIVE]
                         [--downscale-max-dim DOWNSCALE_MAX_DIM]
                         [--downscale-suffix DOWNSCALE_SUFFIX] --image IMAGE
                         [--mask MASK] [--input-fidelity INPUT_FIDELITY]
image_gen.py edit: error: ambiguous option: --output could match --output-format, --output-compression
[52] сбой сети/API; повтор через 20 секунд
[52] попытка 3/3: Stillness and concentration
usage: image_gen.py edit [-h] [--model MODEL] [--prompt PROMPT]
                         [--prompt-file PROMPT_FILE] [--n N] [--size SIZE]
                         [--quality QUALITY] [--background BACKGROUND]
                         [--output-format OUTPUT_FORMAT]
                         [--output-compression OUTPUT_COMPRESSION]
                         [--moderation MODERATION] [--out OUT]
                         [--out-dir OUT_DIR] [--force] [--dry-run] [--augment]
                         [--no-augment] [--use-case USE_CASE] [--scene SCENE]
                         [--subject SUBJECT] [--style STYLE]
                         [--composition COMPOSITION] [--lighting LIGHTING]
                         [--palette PALETTE] [--materials MATERIALS]
                         [--text TEXT] [--constraints CONSTRAINTS]
                         [--negative NEGATIVE]
                         [--downscale-max-dim DOWNSCALE_MAX_DIM]
                         [--downscale-suffix DOWNSCALE_SUFFIX] --image IMAGE
                         [--mask MASK] [--input-fidelity INPUT_FIDELITY]
image_gen.py edit: error: ambiguous option: --output could match --output-format, --output-compression
[52] сбой сети/API; повтор через 20 секунд
[52] не удалось после трёх попыток — записано в render.log
[53] попытка 1/3: Development and beginnings
usage: image_gen.py edit [-h] [--model MODEL] [--prompt PROMPT]
                         [--prompt-file PROMPT_FILE] [--n N] [--size SIZE]
                         [--quality QUALITY] [--background BACKGROUND]
                         [--output-format OUTPUT_FORMAT]
                         [--output-compression OUTPUT_COMPRESSION]
                         [--moderation MODERATION] [--out OUT]
                         [--out-dir OUT_DIR] [--force] [--dry-run] [--augment]
                         [--no-augment] [--use-case USE_CASE] [--scene SCENE]
                         [--subject SUBJECT] [--style STYLE]
                         [--composition COMPOSITION] [--lighting LIGHTING]
                         [--palette PALETTE] [--materials MATERIALS]
                         [--text TEXT] [--constraints CONSTRAINTS]
                         [--negative NEGATIVE]
                         [--downscale-max-dim DOWNSCALE_MAX_DIM]
                         [--downscale-suffix DOWNSCALE_SUFFIX] --image IMAGE
                         [--mask MASK] [--input-fidelity INPUT_FIDELITY]
image_gen.py edit: error: ambiguous option: --output could match --output-format, --output-compression
[53] сбой сети/API; повтор через 20 секунд
[53] попытка 2/3: Development and beginnings
usage: image_gen.py edit [-h] [--model MODEL] [--prompt PROMPT]
                         [--prompt-file PROMPT_FILE] [--n N] [--size SIZE]
                         [--quality QUALITY] [--background BACKGROUND]
                         [--output-format OUTPUT_FORMAT]
                         [--output-compression OUTPUT_COMPRESSION]
                         [--moderation MODERATION] [--out OUT]
                         [--out-dir OUT_DIR] [--force] [--dry-run] [--augment]
                         [--no-augment] [--use-case USE_CASE] [--scene SCENE]
                         [--subject SUBJECT] [--style STYLE]
                         [--composition COMPOSITION] [--lighting LIGHTING]
                         [--palette PALETTE] [--materials MATERIALS]
                         [--text TEXT] [--constraints CONSTRAINTS]
                         [--negative NEGATIVE]
                         [--downscale-max-dim DOWNSCALE_MAX_DIM]
                         [--downscale-suffix DOWNSCALE_SUFFIX] --image IMAGE
                         [--mask MASK] [--input-fidelity INPUT_FIDELITY]
image_gen.py edit: error: ambiguous option: --output could match --output-format, --output-compression
[53] сбой сети/API; повтор через 20 секунд
[53] попытка 3/3: Development and beginnings
usage: image_gen.py edit [-h] [--model MODEL] [--prompt PROMPT]
                         [--prompt-file PROMPT_FILE] [--n N] [--size SIZE]
                         [--quality QUALITY] [--background BACKGROUND]
                         [--output-format OUTPUT_FORMAT]
                         [--output-compression OUTPUT_COMPRESSION]
                         [--moderation MODERATION] [--out OUT]
                         [--out-dir OUT_DIR] [--force] [--dry-run] [--augment]
                         [--no-augment] [--use-case USE_CASE] [--scene SCENE]
                         [--subject SUBJECT] [--style STYLE]
                         [--composition COMPOSITION] [--lighting LIGHTING]
                         [--palette PALETTE] [--materials MATERIALS]
                         [--text TEXT] [--constraints CONSTRAINTS]
                         [--negative NEGATIVE]
                         [--downscale-max-dim DOWNSCALE_MAX_DIM]
                         [--downscale-suffix DOWNSCALE_SUFFIX] --image IMAGE
                         [--mask MASK] [--input-fidelity INPUT_FIDELITY]
image_gen.py edit: error: ambiguous option: --output could match --output-format, --output-compression
[53] сбой сети/API; повтор через 20 секунд
[53] не удалось после трёх попыток — записано в render.log
[54] попытка 1/3: Ambition and ascent
usage: image_gen.py edit [-h] [--model MODEL] [--prompt PROMPT]
                         [--prompt-file PROMPT_FILE] [--n N] [--size SIZE]
                         [--quality QUALITY] [--background BACKGROUND]
                         [--output-format OUTPUT_FORMAT]
                         [--output-compression OUTPUT_COMPRESSION]
                         [--moderation MODERATION] [--out OUT]
                         [--out-dir OUT_DIR] [--force] [--dry-run] [--augment]
                         [--no-augment] [--use-case USE_CASE] [--scene SCENE]
                         [--subject SUBJECT] [--style STYLE]
                         [--composition COMPOSITION] [--lighting LIGHTING]
                         [--palette PALETTE] [--materials MATERIALS]
                         [--text TEXT] [--constraints CONSTRAINTS]
                         [--negative NEGATIVE]
                         [--downscale-max-dim DOWNSCALE_MAX_DIM]
                         [--downscale-suffix DOWNSCALE_SUFFIX] --image IMAGE
                         [--mask MASK] [--input-fidelity INPUT_FIDELITY]
image_gen.py edit: error: ambiguous option: --output could match --output-format, --output-compression
[54] сбой сети/API; повтор через 20 секунд
[54] попытка 2/3: Ambition and ascent
usage: image_gen.py edit [-h] [--model MODEL] [--prompt PROMPT]
                         [--prompt-file PROMPT_FILE] [--n N] [--size SIZE]
                         [--quality QUALITY] [--background BACKGROUND]
                         [--output-format OUTPUT_FORMAT]
                         [--output-compression OUTPUT_COMPRESSION]
                         [--moderation MODERATION] [--out OUT]
                         [--out-dir OUT_DIR] [--force] [--dry-run] [--augment]
                         [--no-augment] [--use-case USE_CASE] [--scene SCENE]
                         [--subject SUBJECT] [--style STYLE]
                         [--composition COMPOSITION] [--lighting LIGHTING]
                         [--palette PALETTE] [--materials MATERIALS]
                         [--text TEXT] [--constraints CONSTRAINTS]
                         [--negative NEGATIVE]
                         [--downscale-max-dim DOWNSCALE_MAX_DIM]
                         [--downscale-suffix DOWNSCALE_SUFFIX] --image IMAGE
                         [--mask MASK] [--input-fidelity INPUT_FIDELITY]
image_gen.py edit: error: ambiguous option: --output could match --output-format, --output-compression
[54] сбой сети/API; повтор через 20 секунд
[54] попытка 3/3: Ambition and ascent
usage: image_gen.py edit [-h] [--model MODEL] [--prompt PROMPT]
                         [--prompt-file PROMPT_FILE] [--n N] [--size SIZE]
                         [--quality QUALITY] [--background BACKGROUND]
                         [--output-format OUTPUT_FORMAT]
                         [--output-compression OUTPUT_COMPRESSION]
                         [--moderation MODERATION] [--out OUT]
                         [--out-dir OUT_DIR] [--force] [--dry-run] [--augment]
                         [--no-augment] [--use-case USE_CASE] [--scene SCENE]
                         [--subject SUBJECT] [--style STYLE]
                         [--composition COMPOSITION] [--lighting LIGHTING]
                         [--palette PALETTE] [--materials MATERIALS]
                         [--text TEXT] [--constraints CONSTRAINTS]
                         [--negative NEGATIVE]
                         [--downscale-max-dim DOWNSCALE_MAX_DIM]
                         [--downscale-suffix DOWNSCALE_SUFFIX] --image IMAGE
                         [--mask MASK] [--input-fidelity INPUT_FIDELITY]
image_gen.py edit: error: ambiguous option: --output could match --output-format, --output-compression
[54] сбой сети/API; повтор через 20 секунд
[54] не удалось после трёх попыток — записано в render.log
[55] попытка 1/3: Abundance of spirit
usage: image_gen.py edit [-h] [--model MODEL] [--prompt PROMPT]
                         [--prompt-file PROMPT_FILE] [--n N] [--size SIZE]
                         [--quality QUALITY] [--background BACKGROUND]
                         [--output-format OUTPUT_FORMAT]
                         [--output-compression OUTPUT_COMPRESSION]
                         [--moderation MODERATION] [--out OUT]
                         [--out-dir OUT_DIR] [--force] [--dry-run] [--augment]
                         [--no-augment] [--use-case USE_CASE] [--scene SCENE]
                         [--subject SUBJECT] [--style STYLE]
                         [--composition COMPOSITION] [--lighting LIGHTING]
                         [--palette PALETTE] [--materials MATERIALS]
                         [--text TEXT] [--constraints CONSTRAINTS]
                         [--negative NEGATIVE]
                         [--downscale-max-dim DOWNSCALE_MAX_DIM]
                         [--downscale-suffix DOWNSCALE_SUFFIX] --image IMAGE
                         [--mask MASK] [--input-fidelity INPUT_FIDELITY]
image_gen.py edit: error: ambiguous option: --output could match --output-format, --output-compression
[55] сбой сети/API; повтор через 20 секунд
[55] попытка 2/3: Abundance of spirit
usage: image_gen.py edit [-h] [--model MODEL] [--prompt PROMPT]
                         [--prompt-file PROMPT_FILE] [--n N] [--size SIZE]
                         [--quality QUALITY] [--background BACKGROUND]
                         [--output-format OUTPUT_FORMAT]
                         [--output-compression OUTPUT_COMPRESSION]
                         [--moderation MODERATION] [--out OUT]
                         [--out-dir OUT_DIR] [--force] [--dry-run] [--augment]
                         [--no-augment] [--use-case USE_CASE] [--scene SCENE]
                         [--subject SUBJECT] [--style STYLE]
                         [--composition COMPOSITION] [--lighting LIGHTING]
                         [--palette PALETTE] [--materials MATERIALS]
                         [--text TEXT] [--constraints CONSTRAINTS]
                         [--negative NEGATIVE]
                         [--downscale-max-dim DOWNSCALE_MAX_DIM]
                         [--downscale-suffix DOWNSCALE_SUFFIX] --image IMAGE
                         [--mask MASK] [--input-fidelity INPUT_FIDELITY]
image_gen.py edit: error: ambiguous option: --output could match --output-format, --output-compression
[55] сбой сети/API; повтор через 20 секунд
[55] попытка 3/3: Abundance of spirit
usage: image_gen.py edit [-h] [--model MODEL] [--prompt PROMPT]
                         [--prompt-file PROMPT_FILE] [--n N] [--size SIZE]
                         [--quality QUALITY] [--background BACKGROUND]
                         [--output-format OUTPUT_FORMAT]
                         [--output-compression OUTPUT_COMPRESSION]
                         [--moderation MODERATION] [--out OUT]
                         [--out-dir OUT_DIR] [--force] [--dry-run] [--augment]
                         [--no-augment] [--use-case USE_CASE] [--scene SCENE]
                         [--subject SUBJECT] [--style STYLE]
                         [--composition COMPOSITION] [--lighting LIGHTING]
                         [--palette PALETTE] [--materials MATERIALS]
                         [--text TEXT] [--constraints CONSTRAINTS]
                         [--negative NEGATIVE]
                         [--downscale-max-dim DOWNSCALE_MAX_DIM]
                         [--downscale-suffix DOWNSCALE_SUFFIX] --image IMAGE
                         [--mask MASK] [--input-fidelity INPUT_FIDELITY]
image_gen.py edit: error: ambiguous option: --output could match --output-format, --output-compression
[55] сбой сети/API; повтор через 20 секунд
[55] не удалось после трёх попыток — записано в render.log
[56] попытка 1/3: The wandering storyteller
usage: image_gen.py edit [-h] [--model MODEL] [--prompt PROMPT]
                         [--prompt-file PROMPT_FILE] [--n N] [--size SIZE]
                         [--quality QUALITY] [--background BACKGROUND]
                         [--output-format OUTPUT_FORMAT]
                         [--output-compression OUTPUT_COMPRESSION]
                         [--moderation MODERATION] [--out OUT]
                         [--out-dir OUT_DIR] [--force] [--dry-run] [--augment]
                         [--no-augment] [--use-case USE_CASE] [--scene SCENE]
                         [--subject SUBJECT] [--style STYLE]
                         [--composition COMPOSITION] [--lighting LIGHTING]
                         [--palette PALETTE] [--materials MATERIALS]
                         [--text TEXT] [--constraints CONSTRAINTS]
                         [--negative NEGATIVE]
                         [--downscale-max-dim DOWNSCALE_MAX_DIM]
                         [--downscale-suffix DOWNSCALE_SUFFIX] --image IMAGE
                         [--mask MASK] [--input-fidelity INPUT_FIDELITY]
image_gen.py edit: error: ambiguous option: --output could match --output-format, --output-compression
[56] сбой сети/API; повтор через 20 секунд
[56] попытка 2/3: The wandering storyteller
usage: image_gen.py edit [-h] [--model MODEL] [--prompt PROMPT]
                         [--prompt-file PROMPT_FILE] [--n N] [--size SIZE]
                         [--quality QUALITY] [--background BACKGROUND]
                         [--output-format OUTPUT_FORMAT]
                         [--output-compression OUTPUT_COMPRESSION]
                         [--moderation MODERATION] [--out OUT]
                         [--out-dir OUT_DIR] [--force] [--dry-run] [--augment]
                         [--no-augment] [--use-case USE_CASE] [--scene SCENE]
                         [--subject SUBJECT] [--style STYLE]
                         [--composition COMPOSITION] [--lighting LIGHTING]
                         [--palette PALETTE] [--materials MATERIALS]
                         [--text TEXT] [--constraints CONSTRAINTS]
                         [--negative NEGATIVE]
                         [--downscale-max-dim DOWNSCALE_MAX_DIM]
                         [--downscale-suffix DOWNSCALE_SUFFIX] --image IMAGE
                         [--mask MASK] [--input-fidelity INPUT_FIDELITY]
image_gen.py edit: error: ambiguous option: --output could match --output-format, --output-compression
[56] сбой сети/API; повтор через 20 секунд
[56] попытка 3/3: The wandering storyteller
usage: image_gen.py edit [-h] [--model MODEL] [--prompt PROMPT]
                         [--prompt-file PROMPT_FILE] [--n N] [--size SIZE]
                         [--quality QUALITY] [--background BACKGROUND]
                         [--output-format OUTPUT_FORMAT]
                         [--output-compression OUTPUT_COMPRESSION]
                         [--moderation MODERATION] [--out OUT]
                         [--out-dir OUT_DIR] [--force] [--dry-run] [--augment]
                         [--no-augment] [--use-case USE_CASE] [--scene SCENE]
                         [--subject SUBJECT] [--style STYLE]
                         [--composition COMPOSITION] [--lighting LIGHTING]
                         [--palette PALETTE] [--materials MATERIALS]
                         [--text TEXT] [--constraints CONSTRAINTS]
                         [--negative NEGATIVE]
                         [--downscale-max-dim DOWNSCALE_MAX_DIM]
                         [--downscale-suffix DOWNSCALE_SUFFIX] --image IMAGE
                         [--mask MASK] [--input-fidelity INPUT_FIDELITY]
image_gen.py edit: error: ambiguous option: --output could match --output-format, --output-compression
[56] сбой сети/API; повтор через 20 секунд
[56] не удалось после трёх попыток — записано в render.log
[57] попытка 1/3: Intuitive clarity
usage: image_gen.py edit [-h] [--model MODEL] [--prompt PROMPT]
                         [--prompt-file PROMPT_FILE] [--n N] [--size SIZE]
                         [--quality QUALITY] [--background BACKGROUND]
                         [--output-format OUTPUT_FORMAT]
                         [--output-compression OUTPUT_COMPRESSION]
                         [--moderation MODERATION] [--out OUT]
                         [--out-dir OUT_DIR] [--force] [--dry-run] [--augment]
                         [--no-augment] [--use-case USE_CASE] [--scene SCENE]
                         [--subject SUBJECT] [--style STYLE]
                         [--composition COMPOSITION] [--lighting LIGHTING]
                         [--palette PALETTE] [--materials MATERIALS]
                         [--text TEXT] [--constraints CONSTRAINTS]
                         [--negative NEGATIVE]
                         [--downscale-max-dim DOWNSCALE_MAX_DIM]
                         [--downscale-suffix DOWNSCALE_SUFFIX] --image IMAGE
                         [--mask MASK] [--input-fidelity INPUT_FIDELITY]
image_gen.py edit: error: ambiguous option: --output could match --output-format, --output-compression
[57] сбой сети/API; повтор через 20 секунд
[57] попытка 2/3: Intuitive clarity
usage: image_gen.py edit [-h] [--model MODEL] [--prompt PROMPT]
                         [--prompt-file PROMPT_FILE] [--n N] [--size SIZE]
                         [--quality QUALITY] [--background BACKGROUND]
                         [--output-format OUTPUT_FORMAT]
                         [--output-compression OUTPUT_COMPRESSION]
                         [--moderation MODERATION] [--out OUT]
                         [--out-dir OUT_DIR] [--force] [--dry-run] [--augment]
                         [--no-augment] [--use-case USE_CASE] [--scene SCENE]
                         [--subject SUBJECT] [--style STYLE]
                         [--composition COMPOSITION] [--lighting LIGHTING]
                         [--palette PALETTE] [--materials MATERIALS]
                         [--text TEXT] [--constraints CONSTRAINTS]
                         [--negative NEGATIVE]
                         [--downscale-max-dim DOWNSCALE_MAX_DIM]
                         [--downscale-suffix DOWNSCALE_SUFFIX] --image IMAGE
                         [--mask MASK] [--input-fidelity INPUT_FIDELITY]
image_gen.py edit: error: ambiguous option: --output could match --output-format, --output-compression
[57] сбой сети/API; повтор через 20 секунд
[57] попытка 3/3: Intuitive clarity
usage: image_gen.py edit [-h] [--model MODEL] [--prompt PROMPT]
                         [--prompt-file PROMPT_FILE] [--n N] [--size SIZE]
                         [--quality QUALITY] [--background BACKGROUND]
                         [--output-format OUTPUT_FORMAT]
                         [--output-compression OUTPUT_COMPRESSION]
                         [--moderation MODERATION] [--out OUT]
                         [--out-dir OUT_DIR] [--force] [--dry-run] [--augment]
                         [--no-augment] [--use-case USE_CASE] [--scene SCENE]
                         [--subject SUBJECT] [--style STYLE]
                         [--composition COMPOSITION] [--lighting LIGHTING]
                         [--palette PALETTE] [--materials MATERIALS]
                         [--text TEXT] [--constraints CONSTRAINTS]
                         [--negative NEGATIVE]
                         [--downscale-max-dim DOWNSCALE_MAX_DIM]
                         [--downscale-suffix DOWNSCALE_SUFFIX] --image IMAGE
                         [--mask MASK] [--input-fidelity INPUT_FIDELITY]
image_gen.py edit: error: ambiguous option: --output could match --output-format, --output-compression
[57] сбой сети/API; повтор через 20 секунд
[57] не удалось после трёх попыток — записано в render.log
[58] попытка 1/3: Vital joy
usage: image_gen.py edit [-h] [--model MODEL] [--prompt PROMPT]
                         [--prompt-file PROMPT_FILE] [--n N] [--size SIZE]
                         [--quality QUALITY] [--background BACKGROUND]
                         [--output-format OUTPUT_FORMAT]
                         [--output-compression OUTPUT_COMPRESSION]
                         [--moderation MODERATION] [--out OUT]
                         [--out-dir OUT_DIR] [--force] [--dry-run] [--augment]
                         [--no-augment] [--use-case USE_CASE] [--scene SCENE]
                         [--subject SUBJECT] [--style STYLE]
                         [--composition COMPOSITION] [--lighting LIGHTING]
                         [--palette PALETTE] [--materials MATERIALS]
                         [--text TEXT] [--constraints CONSTRAINTS]
                         [--negative NEGATIVE]
                         [--downscale-max-dim DOWNSCALE_MAX_DIM]
                         [--downscale-suffix DOWNSCALE_SUFFIX] --image IMAGE
                         [--mask MASK] [--input-fidelity INPUT_FIDELITY]
image_gen.py edit: error: ambiguous option: --output could match --output-format, --output-compression
[58] сбой сети/API; повтор через 20 секунд
[58] попытка 2/3: Vital joy
usage: image_gen.py edit [-h] [--model MODEL] [--prompt PROMPT]
                         [--prompt-file PROMPT_FILE] [--n N] [--size SIZE]
                         [--quality QUALITY] [--background BACKGROUND]
                         [--output-format OUTPUT_FORMAT]
                         [--output-compression OUTPUT_COMPRESSION]
                         [--moderation MODERATION] [--out OUT]
                         [--out-dir OUT_DIR] [--force] [--dry-run] [--augment]
                         [--no-augment] [--use-case USE_CASE] [--scene SCENE]
                         [--subject SUBJECT] [--style STYLE]
                         [--composition COMPOSITION] [--lighting LIGHTING]
                         [--palette PALETTE] [--materials MATERIALS]
                         [--text TEXT] [--constraints CONSTRAINTS]
                         [--negative NEGATIVE]
                         [--downscale-max-dim DOWNSCALE_MAX_DIM]
                         [--downscale-suffix DOWNSCALE_SUFFIX] --image IMAGE
                         [--mask MASK] [--input-fidelity INPUT_FIDELITY]
image_gen.py edit: error: ambiguous option: --output could match --output-format, --output-compression
[58] сбой сети/API; повтор через 20 секунд
[58] попытка 3/3: Vital joy
usage: image_gen.py edit [-h] [--model MODEL] [--prompt PROMPT]
                         [--prompt-file PROMPT_FILE] [--n N] [--size SIZE]
                         [--quality QUALITY] [--background BACKGROUND]
                         [--output-format OUTPUT_FORMAT]
                         [--output-compression OUTPUT_COMPRESSION]
                         [--moderation MODERATION] [--out OUT]
                         [--out-dir OUT_DIR] [--force] [--dry-run] [--augment]
                         [--no-augment] [--use-case USE_CASE] [--scene SCENE]
                         [--subject SUBJECT] [--style STYLE]
                         [--composition COMPOSITION] [--lighting LIGHTING]
                         [--palette PALETTE] [--materials MATERIALS]
                         [--text TEXT] [--constraints CONSTRAINTS]
                         [--negative NEGATIVE]
                         [--downscale-max-dim DOWNSCALE_MAX_DIM]
                         [--downscale-suffix DOWNSCALE_SUFFIX] --image IMAGE
                         [--mask MASK] [--input-fidelity INPUT_FIDELITY]
image_gen.py edit: error: ambiguous option: --output could match --output-format, --output-compression
[58] сбой сети/API; повтор через 20 секунд
[58] не удалось после трёх попыток — записано в render.log
[59] попытка 1/3: Dissolving barriers
usage: image_gen.py edit [-h] [--model MODEL] [--prompt PROMPT]
                         [--prompt-file PROMPT_FILE] [--n N] [--size SIZE]
                         [--quality QUALITY] [--background BACKGROUND]
                         [--output-format OUTPUT_FORMAT]
                         [--output-compression OUTPUT_COMPRESSION]
                         [--moderation MODERATION] [--out OUT]
                         [--out-dir OUT_DIR] [--force] [--dry-run] [--augment]
                         [--no-augment] [--use-case USE_CASE] [--scene SCENE]
                         [--subject SUBJECT] [--style STYLE]
                         [--composition COMPOSITION] [--lighting LIGHTING]
                         [--palette PALETTE] [--materials MATERIALS]
                         [--text TEXT] [--constraints CONSTRAINTS]
                         [--negative NEGATIVE]
                         [--downscale-max-dim DOWNSCALE_MAX_DIM]
                         [--downscale-suffix DOWNSCALE_SUFFIX] --image IMAGE
                         [--mask MASK] [--input-fidelity INPUT_FIDELITY]
image_gen.py edit: error: ambiguous option: --output could match --output-format, --output-compression
[59] сбой сети/API; повтор через 20 секунд
[59] попытка 2/3: Dissolving barriers
usage: image_gen.py edit [-h] [--model MODEL] [--prompt PROMPT]
                         [--prompt-file PROMPT_FILE] [--n N] [--size SIZE]
                         [--quality QUALITY] [--background BACKGROUND]
                         [--output-format OUTPUT_FORMAT]
                         [--output-compression OUTPUT_COMPRESSION]
                         [--moderation MODERATION] [--out OUT]
                         [--out-dir OUT_DIR] [--force] [--dry-run] [--augment]
                         [--no-augment] [--use-case USE_CASE] [--scene SCENE]
                         [--subject SUBJECT] [--style STYLE]
                         [--composition COMPOSITION] [--lighting LIGHTING]
                         [--palette PALETTE] [--materials MATERIALS]
                         [--text TEXT] [--constraints CONSTRAINTS]
                         [--negative NEGATIVE]
                         [--downscale-max-dim DOWNSCALE_MAX_DIM]
                         [--downscale-suffix DOWNSCALE_SUFFIX] --image IMAGE
                         [--mask MASK] [--input-fidelity INPUT_FIDELITY]
image_gen.py edit: error: ambiguous option: --output could match --output-format, --output-compression
[59] сбой сети/API; повтор через 20 секунд
[59] попытка 3/3: Dissolving barriers
usage: image_gen.py edit [-h] [--model MODEL] [--prompt PROMPT]
                         [--prompt-file PROMPT_FILE] [--n N] [--size SIZE]
                         [--quality QUALITY] [--background BACKGROUND]
                         [--output-format OUTPUT_FORMAT]
                         [--output-compression OUTPUT_COMPRESSION]
                         [--moderation MODERATION] [--out OUT]
                         [--out-dir OUT_DIR] [--force] [--dry-run] [--augment]
                         [--no-augment] [--use-case USE_CASE] [--scene SCENE]
                         [--subject SUBJECT] [--style STYLE]
                         [--composition COMPOSITION] [--lighting LIGHTING]
                         [--palette PALETTE] [--materials MATERIALS]
                         [--text TEXT] [--constraints CONSTRAINTS]
                         [--negative NEGATIVE]
                         [--downscale-max-dim DOWNSCALE_MAX_DIM]
                         [--downscale-suffix DOWNSCALE_SUFFIX] --image IMAGE
                         [--mask MASK] [--input-fidelity INPUT_FIDELITY]
image_gen.py edit: error: ambiguous option: --output could match --output-format, --output-compression
[59] сбой сети/API; повтор через 20 секунд
[59] не удалось после трёх попыток — записано в render.log
[60] попытка 1/3: Acceptance of limits
usage: image_gen.py edit [-h] [--model MODEL] [--prompt PROMPT]
                         [--prompt-file PROMPT_FILE] [--n N] [--size SIZE]
                         [--quality QUALITY] [--background BACKGROUND]
                         [--output-format OUTPUT_FORMAT]
                         [--output-compression OUTPUT_COMPRESSION]
                         [--moderation MODERATION] [--out OUT]
                         [--out-dir OUT_DIR] [--force] [--dry-run] [--augment]
                         [--no-augment] [--use-case USE_CASE] [--scene SCENE]
                         [--subject SUBJECT] [--style STYLE]
                         [--composition COMPOSITION] [--lighting LIGHTING]
                         [--palette PALETTE] [--materials MATERIALS]
                         [--text TEXT] [--constraints CONSTRAINTS]
                         [--negative NEGATIVE]
                         [--downscale-max-dim DOWNSCALE_MAX_DIM]
                         [--downscale-suffix DOWNSCALE_SUFFIX] --image IMAGE
                         [--mask MASK] [--input-fidelity INPUT_FIDELITY]
image_gen.py edit: error: ambiguous option: --output could match --output-format, --output-compression
[60] сбой сети/API; повтор через 20 секунд
[60] попытка 2/3: Acceptance of limits
usage: image_gen.py edit [-h] [--model MODEL] [--prompt PROMPT]
                         [--prompt-file PROMPT_FILE] [--n N] [--size SIZE]
                         [--quality QUALITY] [--background BACKGROUND]
                         [--output-format OUTPUT_FORMAT]
                         [--output-compression OUTPUT_COMPRESSION]
                         [--moderation MODERATION] [--out OUT]
                         [--out-dir OUT_DIR] [--force] [--dry-run] [--augment]
                         [--no-augment] [--use-case USE_CASE] [--scene SCENE]
                         [--subject SUBJECT] [--style STYLE]
                         [--composition COMPOSITION] [--lighting LIGHTING]
                         [--palette PALETTE] [--materials MATERIALS]
                         [--text TEXT] [--constraints CONSTRAINTS]
                         [--negative NEGATIVE]
                         [--downscale-max-dim DOWNSCALE_MAX_DIM]
                         [--downscale-suffix DOWNSCALE_SUFFIX] --image IMAGE
                         [--mask MASK] [--input-fidelity INPUT_FIDELITY]
image_gen.py edit: error: ambiguous option: --output could match --output-format, --output-compression
[60] сбой сети/API; повтор через 20 секунд
[60] попытка 3/3: Acceptance of limits
usage: image_gen.py edit [-h] [--model MODEL] [--prompt PROMPT]
                         [--prompt-file PROMPT_FILE] [--n N] [--size SIZE]
                         [--quality QUALITY] [--background BACKGROUND]
                         [--output-format OUTPUT_FORMAT]
                         [--output-compression OUTPUT_COMPRESSION]
                         [--moderation MODERATION] [--out OUT]
                         [--out-dir OUT_DIR] [--force] [--dry-run] [--augment]
                         [--no-augment] [--use-case USE_CASE] [--scene SCENE]
                         [--subject SUBJECT] [--style STYLE]
                         [--composition COMPOSITION] [--lighting LIGHTING]
                         [--palette PALETTE] [--materials MATERIALS]
                         [--text TEXT] [--constraints CONSTRAINTS]
                         [--negative NEGATIVE]
                         [--downscale-max-dim DOWNSCALE_MAX_DIM]
                         [--downscale-suffix DOWNSCALE_SUFFIX] --image IMAGE
                         [--mask MASK] [--input-fidelity INPUT_FIDELITY]
image_gen.py edit: error: ambiguous option: --output could match --output-format, --output-compression
[60] сбой сети/API; повтор через 20 секунд
[60] не удалось после трёх попыток — записано в render.log
[61] попытка 1/3: Inner truth and mystery
usage: image_gen.py edit [-h] [--model MODEL] [--prompt PROMPT]
                         [--prompt-file PROMPT_FILE] [--n N] [--size SIZE]
                         [--quality QUALITY] [--background BACKGROUND]
                         [--output-format OUTPUT_FORMAT]
                         [--output-compression OUTPUT_COMPRESSION]
                         [--moderation MODERATION] [--out OUT]
                         [--out-dir OUT_DIR] [--force] [--dry-run] [--augment]
                         [--no-augment] [--use-case USE_CASE] [--scene SCENE]
                         [--subject SUBJECT] [--style STYLE]
                         [--composition COMPOSITION] [--lighting LIGHTING]
                         [--palette PALETTE] [--materials MATERIALS]
                         [--text TEXT] [--constraints CONSTRAINTS]
                         [--negative NEGATIVE]
                         [--downscale-max-dim DOWNSCALE_MAX_DIM]
                         [--downscale-suffix DOWNSCALE_SUFFIX] --image IMAGE
                         [--mask MASK] [--input-fidelity INPUT_FIDELITY]
image_gen.py edit: error: ambiguous option: --output could match --output-format, --output-compression
[61] сбой сети/API; повтор через 20 секунд
[61] попытка 2/3: Inner truth and mystery
usage: image_gen.py edit [-h] [--model MODEL] [--prompt PROMPT]
                         [--prompt-file PROMPT_FILE] [--n N] [--size SIZE]
                         [--quality QUALITY] [--background BACKGROUND]
                         [--output-format OUTPUT_FORMAT]
                         [--output-compression OUTPUT_COMPRESSION]
                         [--moderation MODERATION] [--out OUT]
                         [--out-dir OUT_DIR] [--force] [--dry-run] [--augment]
                         [--no-augment] [--use-case USE_CASE] [--scene SCENE]
                         [--subject SUBJECT] [--style STYLE]
                         [--composition COMPOSITION] [--lighting LIGHTING]
                         [--palette PALETTE] [--materials MATERIALS]
                         [--text TEXT] [--constraints CONSTRAINTS]
                         [--negative NEGATIVE]
                         [--downscale-max-dim DOWNSCALE_MAX_DIM]
                         [--downscale-suffix DOWNSCALE_SUFFIX] --image IMAGE
                         [--mask MASK] [--input-fidelity INPUT_FIDELITY]
image_gen.py edit: error: ambiguous option: --output could match --output-format, --output-compression
[61] сбой сети/API; повтор через 20 секунд
[61] попытка 3/3: Inner truth and mystery
usage: image_gen.py edit [-h] [--model MODEL] [--prompt PROMPT]
                         [--prompt-file PROMPT_FILE] [--n N] [--size SIZE]
                         [--quality QUALITY] [--background BACKGROUND]
                         [--output-format OUTPUT_FORMAT]
                         [--output-compression OUTPUT_COMPRESSION]
                         [--moderation MODERATION] [--out OUT]
                         [--out-dir OUT_DIR] [--force] [--dry-run] [--augment]
                         [--no-augment] [--use-case USE_CASE] [--scene SCENE]
                         [--subject SUBJECT] [--style STYLE]
                         [--composition COMPOSITION] [--lighting LIGHTING]
                         [--palette PALETTE] [--materials MATERIALS]
                         [--text TEXT] [--constraints CONSTRAINTS]
                         [--negative NEGATIVE]
                         [--downscale-max-dim DOWNSCALE_MAX_DIM]
                         [--downscale-suffix DOWNSCALE_SUFFIX] --image IMAGE
                         [--mask MASK] [--input-fidelity INPUT_FIDELITY]
image_gen.py edit: error: ambiguous option: --output could match --output-format, --output-compression
[61] сбой сети/API; повтор через 20 секунд
[61] не удалось после трёх попыток — записано в render.log
[62] попытка 1/3: The power of details
usage: image_gen.py edit [-h] [--model MODEL] [--prompt PROMPT]
                         [--prompt-file PROMPT_FILE] [--n N] [--size SIZE]
                         [--quality QUALITY] [--background BACKGROUND]
                         [--output-format OUTPUT_FORMAT]
                         [--output-compression OUTPUT_COMPRESSION]
                         [--moderation MODERATION] [--out OUT]
                         [--out-dir OUT_DIR] [--force] [--dry-run] [--augment]
                         [--no-augment] [--use-case USE_CASE] [--scene SCENE]
                         [--subject SUBJECT] [--style STYLE]
                         [--composition COMPOSITION] [--lighting LIGHTING]
                         [--palette PALETTE] [--materials MATERIALS]
                         [--text TEXT] [--constraints CONSTRAINTS]
                         [--negative NEGATIVE]
                         [--downscale-max-dim DOWNSCALE_MAX_DIM]
                         [--downscale-suffix DOWNSCALE_SUFFIX] --image IMAGE
                         [--mask MASK] [--input-fidelity INPUT_FIDELITY]
image_gen.py edit: error: ambiguous option: --output could match --output-format, --output-compression
[62] сбой сети/API; повтор через 20 секунд
[62] попытка 2/3: The power of details
usage: image_gen.py edit [-h] [--model MODEL] [--prompt PROMPT]
                         [--prompt-file PROMPT_FILE] [--n N] [--size SIZE]
                         [--quality QUALITY] [--background BACKGROUND]
                         [--output-format OUTPUT_FORMAT]
                         [--output-compression OUTPUT_COMPRESSION]
                         [--moderation MODERATION] [--out OUT]
                         [--out-dir OUT_DIR] [--force] [--dry-run] [--augment]
                         [--no-augment] [--use-case USE_CASE] [--scene SCENE]
                         [--subject SUBJECT] [--style STYLE]
                         [--composition COMPOSITION] [--lighting LIGHTING]
                         [--palette PALETTE] [--materials MATERIALS]
                         [--text TEXT] [--constraints CONSTRAINTS]
                         [--negative NEGATIVE]
                         [--downscale-max-dim DOWNSCALE_MAX_DIM]
                         [--downscale-suffix DOWNSCALE_SUFFIX] --image IMAGE
                         [--mask MASK] [--input-fidelity INPUT_FIDELITY]
image_gen.py edit: error: ambiguous option: --output could match --output-format, --output-compression
[62] сбой сети/API; повтор через 20 секунд
[62] попытка 3/3: The power of details
usage: image_gen.py edit [-h] [--model MODEL] [--prompt PROMPT]
                         [--prompt-file PROMPT_FILE] [--n N] [--size SIZE]
                         [--quality QUALITY] [--background BACKGROUND]
                         [--output-format OUTPUT_FORMAT]
                         [--output-compression OUTPUT_COMPRESSION]
                         [--moderation MODERATION] [--out OUT]
                         [--out-dir OUT_DIR] [--force] [--dry-run] [--augment]
                         [--no-augment] [--use-case USE_CASE] [--scene SCENE]
                         [--subject SUBJECT] [--style STYLE]
                         [--composition COMPOSITION] [--lighting LIGHTING]
                         [--palette PALETTE] [--materials MATERIALS]
                         [--text TEXT] [--constraints CONSTRAINTS]
                         [--negative NEGATIVE]
                         [--downscale-max-dim DOWNSCALE_MAX_DIM]
                         [--downscale-suffix DOWNSCALE_SUFFIX] --image IMAGE
                         [--mask MASK] [--input-fidelity INPUT_FIDELITY]
image_gen.py edit: error: ambiguous option: --output could match --output-format, --output-compression
[62] сбой сети/API; повтор через 20 секунд
[62] не удалось после трёх попыток — записано в render.log
[63] попытка 1/3: Constructive doubt
usage: image_gen.py edit [-h] [--model MODEL] [--prompt PROMPT]
                         [--prompt-file PROMPT_FILE] [--n N] [--size SIZE]
                         [--quality QUALITY] [--background BACKGROUND]
                         [--output-format OUTPUT_FORMAT]
                         [--output-compression OUTPUT_COMPRESSION]
                         [--moderation MODERATION] [--out OUT]
                         [--out-dir OUT_DIR] [--force] [--dry-run] [--augment]
                         [--no-augment] [--use-case USE_CASE] [--scene SCENE]
                         [--subject SUBJECT] [--style STYLE]
                         [--composition COMPOSITION] [--lighting LIGHTING]
                         [--palette PALETTE] [--materials MATERIALS]
                         [--text TEXT] [--constraints CONSTRAINTS]
                         [--negative NEGATIVE]
                         [--downscale-max-dim DOWNSCALE_MAX_DIM]
                         [--downscale-suffix DOWNSCALE_SUFFIX] --image IMAGE
                         [--mask MASK] [--input-fidelity INPUT_FIDELITY]
image_gen.py edit: error: ambiguous option: --output could match --output-format, --output-compression
[63] сбой сети/API; повтор через 20 секунд
[63] попытка 2/3: Constructive doubt
usage: image_gen.py edit [-h] [--model MODEL] [--prompt PROMPT]
                         [--prompt-file PROMPT_FILE] [--n N] [--size SIZE]
                         [--quality QUALITY] [--background BACKGROUND]
                         [--output-format OUTPUT_FORMAT]
                         [--output-compression OUTPUT_COMPRESSION]
                         [--moderation MODERATION] [--out OUT]
                         [--out-dir OUT_DIR] [--force] [--dry-run] [--augment]
                         [--no-augment] [--use-case USE_CASE] [--scene SCENE]
                         [--subject SUBJECT] [--style STYLE]
                         [--composition COMPOSITION] [--lighting LIGHTING]
                         [--palette PALETTE] [--materials MATERIALS]
                         [--text TEXT] [--constraints CONSTRAINTS]
                         [--negative NEGATIVE]
                         [--downscale-max-dim DOWNSCALE_MAX_DIM]
                         [--downscale-suffix DOWNSCALE_SUFFIX] --image IMAGE
                         [--mask MASK] [--input-fidelity INPUT_FIDELITY]
image_gen.py edit: error: ambiguous option: --output could match --output-format, --output-compression
[63] сбой сети/API; повтор через 20 секунд
[63] попытка 3/3: Constructive doubt
usage: image_gen.py edit [-h] [--model MODEL] [--prompt PROMPT]
                         [--prompt-file PROMPT_FILE] [--n N] [--size SIZE]
                         [--quality QUALITY] [--background BACKGROUND]
                         [--output-format OUTPUT_FORMAT]
                         [--output-compression OUTPUT_COMPRESSION]
                         [--moderation MODERATION] [--out OUT]
                         [--out-dir OUT_DIR] [--force] [--dry-run] [--augment]
                         [--no-augment] [--use-case USE_CASE] [--scene SCENE]
                         [--subject SUBJECT] [--style STYLE]
                         [--composition COMPOSITION] [--lighting LIGHTING]
                         [--palette PALETTE] [--materials MATERIALS]
                         [--text TEXT] [--constraints CONSTRAINTS]
                         [--negative NEGATIVE]
                         [--downscale-max-dim DOWNSCALE_MAX_DIM]
                         [--downscale-suffix DOWNSCALE_SUFFIX] --image IMAGE
                         [--mask MASK] [--input-fidelity INPUT_FIDELITY]
image_gen.py edit: error: ambiguous option: --output could match --output-format, --output-compression
[63] сбой сети/API; повтор через 20 секунд
[63] не удалось после трёх попыток — записано в render.log
[64] попытка 1/3: From confusion to clarity
usage: image_gen.py edit [-h] [--model MODEL] [--prompt PROMPT]
                         [--prompt-file PROMPT_FILE] [--n N] [--size SIZE]
                         [--quality QUALITY] [--background BACKGROUND]
                         [--output-format OUTPUT_FORMAT]
                         [--output-compression OUTPUT_COMPRESSION]
                         [--moderation MODERATION] [--out OUT]
                         [--out-dir OUT_DIR] [--force] [--dry-run] [--augment]
                         [--no-augment] [--use-case USE_CASE] [--scene SCENE]
                         [--subject SUBJECT] [--style STYLE]
                         [--composition COMPOSITION] [--lighting LIGHTING]
                         [--palette PALETTE] [--materials MATERIALS]
                         [--text TEXT] [--constraints CONSTRAINTS]
                         [--negative NEGATIVE]
                         [--downscale-max-dim DOWNSCALE_MAX_DIM]
                         [--downscale-suffix DOWNSCALE_SUFFIX] --image IMAGE
                         [--mask MASK] [--input-fidelity INPUT_FIDELITY]
image_gen.py edit: error: ambiguous option: --output could match --output-format, --output-compression
[64] сбой сети/API; повтор через 20 секунд
[64] попытка 2/3: From confusion to clarity
usage: image_gen.py edit [-h] [--model MODEL] [--prompt PROMPT]
                         [--prompt-file PROMPT_FILE] [--n N] [--size SIZE]
                         [--quality QUALITY] [--background BACKGROUND]
                         [--output-format OUTPUT_FORMAT]
                         [--output-compression OUTPUT_COMPRESSION]
                         [--moderation MODERATION] [--out OUT]
                         [--out-dir OUT_DIR] [--force] [--dry-run] [--augment]
                         [--no-augment] [--use-case USE_CASE] [--scene SCENE]
                         [--subject SUBJECT] [--style STYLE]
                         [--composition COMPOSITION] [--lighting LIGHTING]
                         [--palette PALETTE] [--materials MATERIALS]
                         [--text TEXT] [--constraints CONSTRAINTS]
                         [--negative NEGATIVE]
                         [--downscale-max-dim DOWNSCALE_MAX_DIM]
                         [--downscale-suffix DOWNSCALE_SUFFIX] --image IMAGE
                         [--mask MASK] [--input-fidelity INPUT_FIDELITY]
image_gen.py edit: error: ambiguous option: --output could match --output-format, --output-compression
[64] сбой сети/API; повтор через 20 секунд
[64] попытка 3/3: From confusion to clarity
usage: image_gen.py edit [-h] [--model MODEL] [--prompt PROMPT]
                         [--prompt-file PROMPT_FILE] [--n N] [--size SIZE]
                         [--quality QUALITY] [--background BACKGROUND]
                         [--output-format OUTPUT_FORMAT]
                         [--output-compression OUTPUT_COMPRESSION]
                         [--moderation MODERATION] [--out OUT]
                         [--out-dir OUT_DIR] [--force] [--dry-run] [--augment]
                         [--no-augment] [--use-case USE_CASE] [--scene SCENE]
                         [--subject SUBJECT] [--style STYLE]
                         [--composition COMPOSITION] [--lighting LIGHTING]
                         [--palette PALETTE] [--materials MATERIALS]
                         [--text TEXT] [--constraints CONSTRAINTS]
                         [--negative NEGATIVE]
                         [--downscale-max-dim DOWNSCALE_MAX_DIM]
                         [--downscale-suffix DOWNSCALE_SUFFIX] --image IMAGE
                         [--mask MASK] [--input-fidelity INPUT_FIDELITY]
image_gen.py edit: error: ambiguous option: --output could match --output-format, --output-compression
[64] сбой сети/API; повтор через 20 секунд
[64] не удалось после трёх попыток — записано в render.log
[08] попытка 1/3: Unique contribution
Error: input_fidelity is not supported in gpt-image-2 because image inputs always use high fidelity for this model.
[08] сбой сети/API; повтор через 20 секунд
[08] попытка 2/3: Unique contribution
Error: input_fidelity is not supported in gpt-image-2 because image inputs always use high fidelity for this model.
[08] сбой сети/API; повтор через 20 секунд
[08] попытка 3/3: Unique contribution
Error: input_fidelity is not supported in gpt-image-2 because image inputs always use high fidelity for this model.
[08] сбой сети/API; повтор через 20 секунд
[08] не удалось после трёх попыток — записано в render.log
[09] попытка 1/3: Focus
Error: input_fidelity is not supported in gpt-image-2 because image inputs always use high fidelity for this model.
[09] сбой сети/API; повтор через 20 секунд
[09] попытка 2/3: Focus
Error: input_fidelity is not supported in gpt-image-2 because image inputs always use high fidelity for this model.
[09] сбой сети/API; повтор через 20 секунд
[09] попытка 3/3: Focus
Error: input_fidelity is not supported in gpt-image-2 because image inputs always use high fidelity for this model.
[09] сбой сети/API; повтор через 20 секунд
[09] не удалось после трёх попыток — записано в render.log
[10] попытка 1/3: Authentic behaviour
Error: input_fidelity is not supported in gpt-image-2 because image inputs always use high fidelity for this model.
[10] сбой сети/API; повтор через 20 секунд
[08] попытка 1/3: Unique contribution
OPENAI_API_KEY is set.
Calling Image API (edit) with 1 image(s).
Traceback (most recent call last):
  File "/Users/mac/Library/Python/3.9/lib/python/site-packages/httpx/_transports/default.py", line 101, in map_httpcore_exceptions
    yield
  File "/Users/mac/Library/Python/3.9/lib/python/site-packages/httpx/_transports/default.py", line 250, in handle_request
    resp = self._pool.handle_request(req)
  File "/Users/mac/Library/Python/3.9/lib/python/site-packages/httpcore/_sync/connection_pool.py", line 256, in handle_request
    raise exc from None
  File "/Users/mac/Library/Python/3.9/lib/python/site-packages/httpcore/_sync/connection_pool.py", line 236, in handle_request
    response = connection.handle_request(
  File "/Users/mac/Library/Python/3.9/lib/python/site-packages/httpcore/_sync/connection.py", line 103, in handle_request
    return self._connection.handle_request(request)
  File "/Users/mac/Library/Python/3.9/lib/python/site-packages/httpcore/_sync/http11.py", line 136, in handle_request
    raise exc
  File "/Users/mac/Library/Python/3.9/lib/python/site-packages/httpcore/_sync/http11.py", line 106, in handle_request
    ) = self._receive_response_headers(**kwargs)
  File "/Users/mac/Library/Python/3.9/lib/python/site-packages/httpcore/_sync/http11.py", line 177, in _receive_response_headers
    event = self._receive_event(timeout=timeout)
  File "/Users/mac/Library/Python/3.9/lib/python/site-packages/httpcore/_sync/http11.py", line 217, in _receive_event
    data = self._network_stream.read(
  File "/Users/mac/Library/Python/3.9/lib/python/site-packages/httpcore/_backends/sync.py", line 128, in read
    return self._sock.recv(max_bytes)
  File "/Library/Developer/CommandLineTools/Library/Frameworks/Python3.framework/Versions/3.9/lib/python3.9/contextlib.py", line 135, in __exit__
    self.gen.throw(type, value, traceback)
  File "/Users/mac/Library/Python/3.9/lib/python/site-packages/httpcore/_exceptions.py", line 14, in map_exceptions
    raise to_exc(exc) from exc
httpcore.ReadError: [Errno 54] Connection reset by peer

The above exception was the direct cause of the following exception:

Traceback (most recent call last):
  File "/Users/mac/Library/Python/3.9/lib/python/site-packages/openai/_base_client.py", line 1065, in request
    response = self._send_request(
  File "/Users/mac/Library/Python/3.9/lib/python/site-packages/openai/_client.py", line 483, in _send_request
    response = self._send_with_auth_retry(request, stream=stream, **kwargs)
  File "/Users/mac/Library/Python/3.9/lib/python/site-packages/openai/_client.py", line 461, in _send_with_auth_retry
    response = super()._send_request(request, stream=stream, **kwargs)
  File "/Users/mac/Library/Python/3.9/lib/python/site-packages/openai/_base_client.py", line 990, in _send_request
    return self._client.send(request, stream=stream, **kwargs)
  File "/Users/mac/Library/Python/3.9/lib/python/site-packages/httpx/_client.py", line 914, in send
    response = self._send_handling_auth(
  File "/Users/mac/Library/Python/3.9/lib/python/site-packages/httpx/_client.py", line 942, in _send_handling_auth
    response = self._send_handling_redirects(
  File "/Users/mac/Library/Python/3.9/lib/python/site-packages/httpx/_client.py", line 979, in _send_handling_redirects
    response = self._send_single_request(request)
  File "/Users/mac/Library/Python/3.9/lib/python/site-packages/httpx/_client.py", line 1014, in _send_single_request
    response = transport.handle_request(request)
  File "/Users/mac/Library/Python/3.9/lib/python/site-packages/httpx/_transports/default.py", line 250, in handle_request
    resp = self._pool.handle_request(req)
  File "/Library/Developer/CommandLineTools/Library/Frameworks/Python3.framework/Versions/3.9/lib/python3.9/contextlib.py", line 135, in __exit__
    self.gen.throw(type, value, traceback)
  File "/Users/mac/Library/Python/3.9/lib/python/site-packages/httpx/_transports/default.py", line 118, in map_httpcore_exceptions
    raise mapped_exc(message) from exc
httpx.ReadError: [Errno 54] Connection reset by peer

The above exception was the direct cause of the following exception:

Traceback (most recent call last):
  File "/Users/mac/.codex/skills/.system/imagegen/scripts/image_gen.py", line 995, in <module>
    raise SystemExit(main())
  File "/Users/mac/.codex/skills/.system/imagegen/scripts/image_gen.py", line 990, in main
    args.func(args)
  File "/Users/mac/.codex/skills/.system/imagegen/scripts/image_gen.py", line 831, in _edit
    result = client.images.edit(**request)
  File "/Users/mac/Library/Python/3.9/lib/python/site-packages/openai/_utils/_utils.py", line 298, in wrapper
    return func(*args, **kwargs)
  File "/Users/mac/Library/Python/3.9/lib/python/site-packages/openai/resources/images.py", line 570, in edit
    return self._post(
  File "/Users/mac/Library/Python/3.9/lib/python/site-packages/openai/_base_client.py", line 1360, in post
    return cast(ResponseT, self.request(cast_to, opts, stream=stream, stream_cls=stream_cls))
  File "/Users/mac/Library/Python/3.9/lib/python/site-packages/openai/_base_client.py", line 1100, in request
    raise APIConnectionError(request=request) from err
openai.APIConnectionError: Connection error.
[08] сбой сети/API; повтор через 20 секунд
[08] попытка 2/3: Unique contribution
OPENAI_API_KEY is set.
Calling Image API (edit) with 1 image(s).
Traceback (most recent call last):
  File "/Users/mac/Library/Python/3.9/lib/python/site-packages/httpx/_transports/default.py", line 101, in map_httpcore_exceptions
    yield
  File "/Users/mac/Library/Python/3.9/lib/python/site-packages/httpx/_transports/default.py", line 250, in handle_request
    resp = self._pool.handle_request(req)
  File "/Users/mac/Library/Python/3.9/lib/python/site-packages/httpcore/_sync/connection_pool.py", line 256, in handle_request
    raise exc from None
  File "/Users/mac/Library/Python/3.9/lib/python/site-packages/httpcore/_sync/connection_pool.py", line 236, in handle_request
    response = connection.handle_request(
  File "/Users/mac/Library/Python/3.9/lib/python/site-packages/httpcore/_sync/connection.py", line 103, in handle_request
    return self._connection.handle_request(request)
  File "/Users/mac/Library/Python/3.9/lib/python/site-packages/httpcore/_sync/http11.py", line 136, in handle_request
    raise exc
  File "/Users/mac/Library/Python/3.9/lib/python/site-packages/httpcore/_sync/http11.py", line 106, in handle_request
    ) = self._receive_response_headers(**kwargs)
  File "/Users/mac/Library/Python/3.9/lib/python/site-packages/httpcore/_sync/http11.py", line 177, in _receive_response_headers
    event = self._receive_event(timeout=timeout)
  File "/Users/mac/Library/Python/3.9/lib/python/site-packages/httpcore/_sync/http11.py", line 217, in _receive_event
    data = self._network_stream.read(
  File "/Users/mac/Library/Python/3.9/lib/python/site-packages/httpcore/_backends/sync.py", line 128, in read
    return self._sock.recv(max_bytes)
  File "/Library/Developer/CommandLineTools/Library/Frameworks/Python3.framework/Versions/3.9/lib/python3.9/contextlib.py", line 135, in __exit__
    self.gen.throw(type, value, traceback)
  File "/Users/mac/Library/Python/3.9/lib/python/site-packages/httpcore/_exceptions.py", line 14, in map_exceptions
    raise to_exc(exc) from exc
httpcore.ReadError: [Errno 54] Connection reset by peer

The above exception was the direct cause of the following exception:

Traceback (most recent call last):
  File "/Users/mac/Library/Python/3.9/lib/python/site-packages/openai/_base_client.py", line 1065, in request
    response = self._send_request(
  File "/Users/mac/Library/Python/3.9/lib/python/site-packages/openai/_client.py", line 483, in _send_request
    response = self._send_with_auth_retry(request, stream=stream, **kwargs)
  File "/Users/mac/Library/Python/3.9/lib/python/site-packages/openai/_client.py", line 461, in _send_with_auth_retry
    response = super()._send_request(request, stream=stream, **kwargs)
  File "/Users/mac/Library/Python/3.9/lib/python/site-packages/openai/_base_client.py", line 990, in _send_request
    return self._client.send(request, stream=stream, **kwargs)
  File "/Users/mac/Library/Python/3.9/lib/python/site-packages/httpx/_client.py", line 914, in send
    response = self._send_handling_auth(
  File "/Users/mac/Library/Python/3.9/lib/python/site-packages/httpx/_client.py", line 942, in _send_handling_auth
    response = self._send_handling_redirects(
  File "/Users/mac/Library/Python/3.9/lib/python/site-packages/httpx/_client.py", line 979, in _send_handling_redirects
    response = self._send_single_request(request)
  File "/Users/mac/Library/Python/3.9/lib/python/site-packages/httpx/_client.py", line 1014, in _send_single_request
    response = transport.handle_request(request)
  File "/Users/mac/Library/Python/3.9/lib/python/site-packages/httpx/_transports/default.py", line 250, in handle_request
    resp = self._pool.handle_request(req)
  File "/Library/Developer/CommandLineTools/Library/Frameworks/Python3.framework/Versions/3.9/lib/python3.9/contextlib.py", line 135, in __exit__
    self.gen.throw(type, value, traceback)
  File "/Users/mac/Library/Python/3.9/lib/python/site-packages/httpx/_transports/default.py", line 118, in map_httpcore_exceptions
    raise mapped_exc(message) from exc
httpx.ReadError: [Errno 54] Connection reset by peer

The above exception was the direct cause of the following exception:

Traceback (most recent call last):
  File "/Users/mac/.codex/skills/.system/imagegen/scripts/image_gen.py", line 995, in <module>
    raise SystemExit(main())
  File "/Users/mac/.codex/skills/.system/imagegen/scripts/image_gen.py", line 990, in main
    args.func(args)
  File "/Users/mac/.codex/skills/.system/imagegen/scripts/image_gen.py", line 831, in _edit
    result = client.images.edit(**request)
  File "/Users/mac/Library/Python/3.9/lib/python/site-packages/openai/_utils/_utils.py", line 298, in wrapper
    return func(*args, **kwargs)
  File "/Users/mac/Library/Python/3.9/lib/python/site-packages/openai/resources/images.py", line 570, in edit
    return self._post(
  File "/Users/mac/Library/Python/3.9/lib/python/site-packages/openai/_base_client.py", line 1360, in post
    return cast(ResponseT, self.request(cast_to, opts, stream=stream, stream_cls=stream_cls))
  File "/Users/mac/Library/Python/3.9/lib/python/site-packages/openai/_base_client.py", line 1100, in request
    raise APIConnectionError(request=request) from err
openai.APIConnectionError: Connection error.
[08] сбой сети/API; повтор через 20 секунд
[08] попытка 3/3: Unique contribution
OPENAI_API_KEY is set.
Calling Image API (edit) with 1 image(s).
Edit completed in 56.0s.
Wrote /Users/mac/Documents/astro-mcp/assets/cards/final/gate-08-contribution-v2.png
[08] готово: gate-08-contribution-v2.png
[09] попытка 1/3: Focus
OPENAI_API_KEY is set.
Calling Image API (edit) with 1 image(s).
Traceback (most recent call last):
  File "/Users/mac/Library/Python/3.9/lib/python/site-packages/httpx/_transports/default.py", line 101, in map_httpcore_exceptions
    yield
  File "/Users/mac/Library/Python/3.9/lib/python/site-packages/httpx/_transports/default.py", line 250, in handle_request
    resp = self._pool.handle_request(req)
  File "/Users/mac/Library/Python/3.9/lib/python/site-packages/httpcore/_sync/connection_pool.py", line 256, in handle_request
    raise exc from None
  File "/Users/mac/Library/Python/3.9/lib/python/site-packages/httpcore/_sync/connection_pool.py", line 236, in handle_request
    response = connection.handle_request(
  File "/Users/mac/Library/Python/3.9/lib/python/site-packages/httpcore/_sync/connection.py", line 103, in handle_request
    return self._connection.handle_request(request)
  File "/Users/mac/Library/Python/3.9/lib/python/site-packages/httpcore/_sync/http11.py", line 136, in handle_request
    raise exc
  File "/Users/mac/Library/Python/3.9/lib/python/site-packages/httpcore/_sync/http11.py", line 106, in handle_request
    ) = self._receive_response_headers(**kwargs)
  File "/Users/mac/Library/Python/3.9/lib/python/site-packages/httpcore/_sync/http11.py", line 177, in _receive_response_headers
    event = self._receive_event(timeout=timeout)
  File "/Users/mac/Library/Python/3.9/lib/python/site-packages/httpcore/_sync/http11.py", line 217, in _receive_event
    data = self._network_stream.read(
  File "/Users/mac/Library/Python/3.9/lib/python/site-packages/httpcore/_backends/sync.py", line 128, in read
    return self._sock.recv(max_bytes)
  File "/Library/Developer/CommandLineTools/Library/Frameworks/Python3.framework/Versions/3.9/lib/python3.9/contextlib.py", line 135, in __exit__
    self.gen.throw(type, value, traceback)
  File "/Users/mac/Library/Python/3.9/lib/python/site-packages/httpcore/_exceptions.py", line 14, in map_exceptions
    raise to_exc(exc) from exc
httpcore.ReadError: [Errno 54] Connection reset by peer

The above exception was the direct cause of the following exception:

Traceback (most recent call last):
  File "/Users/mac/Library/Python/3.9/lib/python/site-packages/openai/_base_client.py", line 1065, in request
    response = self._send_request(
  File "/Users/mac/Library/Python/3.9/lib/python/site-packages/openai/_client.py", line 483, in _send_request
    response = self._send_with_auth_retry(request, stream=stream, **kwargs)
  File "/Users/mac/Library/Python/3.9/lib/python/site-packages/openai/_client.py", line 461, in _send_with_auth_retry
    response = super()._send_request(request, stream=stream, **kwargs)
  File "/Users/mac/Library/Python/3.9/lib/python/site-packages/openai/_base_client.py", line 990, in _send_request
    return self._client.send(request, stream=stream, **kwargs)
  File "/Users/mac/Library/Python/3.9/lib/python/site-packages/httpx/_client.py", line 914, in send
    response = self._send_handling_auth(
  File "/Users/mac/Library/Python/3.9/lib/python/site-packages/httpx/_client.py", line 942, in _send_handling_auth
    response = self._send_handling_redirects(
  File "/Users/mac/Library/Python/3.9/lib/python/site-packages/httpx/_client.py", line 979, in _send_handling_redirects
    response = self._send_single_request(request)
  File "/Users/mac/Library/Python/3.9/lib/python/site-packages/httpx/_client.py", line 1014, in _send_single_request
    response = transport.handle_request(request)
  File "/Users/mac/Library/Python/3.9/lib/python/site-packages/httpx/_transports/default.py", line 250, in handle_request
    resp = self._pool.handle_request(req)
  File "/Library/Developer/CommandLineTools/Library/Frameworks/Python3.framework/Versions/3.9/lib/python3.9/contextlib.py", line 135, in __exit__
    self.gen.throw(type, value, traceback)
  File "/Users/mac/Library/Python/3.9/lib/python/site-packages/httpx/_transports/default.py", line 118, in map_httpcore_exceptions
    raise mapped_exc(message) from exc
httpx.ReadError: [Errno 54] Connection reset by peer

The above exception was the direct cause of the following exception:

Traceback (most recent call last):
  File "/Users/mac/.codex/skills/.system/imagegen/scripts/image_gen.py", line 995, in <module>
    raise SystemExit(main())
  File "/Users/mac/.codex/skills/.system/imagegen/scripts/image_gen.py", line 990, in main
    args.func(args)
  File "/Users/mac/.codex/skills/.system/imagegen/scripts/image_gen.py", line 831, in _edit
    result = client.images.edit(**request)
  File "/Users/mac/Library/Python/3.9/lib/python/site-packages/openai/_utils/_utils.py", line 298, in wrapper
    return func(*args, **kwargs)
  File "/Users/mac/Library/Python/3.9/lib/python/site-packages/openai/resources/images.py", line 570, in edit
    return self._post(
  File "/Users/mac/Library/Python/3.9/lib/python/site-packages/openai/_base_client.py", line 1360, in post
    return cast(ResponseT, self.request(cast_to, opts, stream=stream, stream_cls=stream_cls))
  File "/Users/mac/Library/Python/3.9/lib/python/site-packages/openai/_base_client.py", line 1100, in request
    raise APIConnectionError(request=request) from err
openai.APIConnectionError: Connection error.
[09] сбой сети/API; повтор через 20 секунд
[09] попытка 2/3: Focus
OPENAI_API_KEY is set.
Calling Image API (edit) with 1 image(s).
Edit completed in 116.2s.
Wrote /Users/mac/Documents/astro-mcp/assets/cards/final/gate-09-focus-v2.png
[09] готово: gate-09-focus-v2.png
[10] попытка 1/3: Authentic behaviour
OPENAI_API_KEY is set.
Calling Image API (edit) with 1 image(s).
Edit completed in 117.1s.
Wrote /Users/mac/Documents/astro-mcp/assets/cards/final/gate-10-authenticity-v1.png
[10] готово: gate-10-authenticity-v1.png
[11] попытка 1/3: Ideas
OPENAI_API_KEY is set.
Calling Image API (edit) with 1 image(s).
Traceback (most recent call last):
  File "/Users/mac/Library/Python/3.9/lib/python/site-packages/httpx/_transports/default.py", line 101, in map_httpcore_exceptions
    yield
  File "/Users/mac/Library/Python/3.9/lib/python/site-packages/httpx/_transports/default.py", line 250, in handle_request
    resp = self._pool.handle_request(req)
  File "/Users/mac/Library/Python/3.9/lib/python/site-packages/httpcore/_sync/connection_pool.py", line 256, in handle_request
    raise exc from None
  File "/Users/mac/Library/Python/3.9/lib/python/site-packages/httpcore/_sync/connection_pool.py", line 236, in handle_request
    response = connection.handle_request(
  File "/Users/mac/Library/Python/3.9/lib/python/site-packages/httpcore/_sync/connection.py", line 103, in handle_request
    return self._connection.handle_request(request)
  File "/Users/mac/Library/Python/3.9/lib/python/site-packages/httpcore/_sync/http11.py", line 136, in handle_request
    raise exc
  File "/Users/mac/Library/Python/3.9/lib/python/site-packages/httpcore/_sync/http11.py", line 106, in handle_request
    ) = self._receive_response_headers(**kwargs)
  File "/Users/mac/Library/Python/3.9/lib/python/site-packages/httpcore/_sync/http11.py", line 177, in _receive_response_headers
    event = self._receive_event(timeout=timeout)
  File "/Users/mac/Library/Python/3.9/lib/python/site-packages/httpcore/_sync/http11.py", line 217, in _receive_event
    data = self._network_stream.read(
  File "/Users/mac/Library/Python/3.9/lib/python/site-packages/httpcore/_backends/sync.py", line 128, in read
    return self._sock.recv(max_bytes)
  File "/Library/Developer/CommandLineTools/Library/Frameworks/Python3.framework/Versions/3.9/lib/python3.9/contextlib.py", line 135, in __exit__
    self.gen.throw(type, value, traceback)
  File "/Users/mac/Library/Python/3.9/lib/python/site-packages/httpcore/_exceptions.py", line 14, in map_exceptions
    raise to_exc(exc) from exc
httpcore.ReadError: [Errno 54] Connection reset by peer

The above exception was the direct cause of the following exception:

Traceback (most recent call last):
  File "/Users/mac/Library/Python/3.9/lib/python/site-packages/openai/_base_client.py", line 1065, in request
    response = self._send_request(
  File "/Users/mac/Library/Python/3.9/lib/python/site-packages/openai/_client.py", line 483, in _send_request
    response = self._send_with_auth_retry(request, stream=stream, **kwargs)
  File "/Users/mac/Library/Python/3.9/lib/python/site-packages/openai/_client.py", line 461, in _send_with_auth_retry
    response = super()._send_request(request, stream=stream, **kwargs)
  File "/Users/mac/Library/Python/3.9/lib/python/site-packages/openai/_base_client.py", line 990, in _send_request
    return self._client.send(request, stream=stream, **kwargs)
  File "/Users/mac/Library/Python/3.9/lib/python/site-packages/httpx/_client.py", line 914, in send
    response = self._send_handling_auth(
  File "/Users/mac/Library/Python/3.9/lib/python/site-packages/httpx/_client.py", line 942, in _send_handling_auth
    response = self._send_handling_redirects(
  File "/Users/mac/Library/Python/3.9/lib/python/site-packages/httpx/_client.py", line 979, in _send_handling_redirects
    response = self._send_single_request(request)
  File "/Users/mac/Library/Python/3.9/lib/python/site-packages/httpx/_client.py", line 1014, in _send_single_request
    response = transport.handle_request(request)
  File "/Users/mac/Library/Python/3.9/lib/python/site-packages/httpx/_transports/default.py", line 250, in handle_request
    resp = self._pool.handle_request(req)
  File "/Library/Developer/CommandLineTools/Library/Frameworks/Python3.framework/Versions/3.9/lib/python3.9/contextlib.py", line 135, in __exit__
    self.gen.throw(type, value, traceback)
  File "/Users/mac/Library/Python/3.9/lib/python/site-packages/httpx/_transports/default.py", line 118, in map_httpcore_exceptions
    raise mapped_exc(message) from exc
httpx.ReadError: [Errno 54] Connection reset by peer

The above exception was the direct cause of the following exception:

Traceback (most recent call last):
  File "/Users/mac/.codex/skills/.system/imagegen/scripts/image_gen.py", line 995, in <module>
    raise SystemExit(main())
  File "/Users/mac/.codex/skills/.system/imagegen/scripts/image_gen.py", line 990, in main
    args.func(args)
  File "/Users/mac/.codex/skills/.system/imagegen/scripts/image_gen.py", line 831, in _edit
    result = client.images.edit(**request)
  File "/Users/mac/Library/Python/3.9/lib/python/site-packages/openai/_utils/_utils.py", line 298, in wrapper
    return func(*args, **kwargs)
  File "/Users/mac/Library/Python/3.9/lib/python/site-packages/openai/resources/images.py", line 570, in edit
    return self._post(
  File "/Users/mac/Library/Python/3.9/lib/python/site-packages/openai/_base_client.py", line 1360, in post
    return cast(ResponseT, self.request(cast_to, opts, stream=stream, stream_cls=stream_cls))
  File "/Users/mac/Library/Python/3.9/lib/python/site-packages/openai/_base_client.py", line 1100, in request
    raise APIConnectionError(request=request) from err
openai.APIConnectionError: Connection error.
[11] сбой сети/API; повтор через 20 секунд
[11] попытка 2/3: Ideas
OPENAI_API_KEY is set.
Calling Image API (edit) with 1 image(s).
Traceback (most recent call last):
  File "/Users/mac/Library/Python/3.9/lib/python/site-packages/httpx/_transports/default.py", line 101, in map_httpcore_exceptions
    yield
  File "/Users/mac/Library/Python/3.9/lib/python/site-packages/httpx/_transports/default.py", line 250, in handle_request
    resp = self._pool.handle_request(req)
  File "/Users/mac/Library/Python/3.9/lib/python/site-packages/httpcore/_sync/connection_pool.py", line 256, in handle_request
    raise exc from None
  File "/Users/mac/Library/Python/3.9/lib/python/site-packages/httpcore/_sync/connection_pool.py", line 236, in handle_request
    response = connection.handle_request(
  File "/Users/mac/Library/Python/3.9/lib/python/site-packages/httpcore/_sync/connection.py", line 103, in handle_request
    return self._connection.handle_request(request)
  File "/Users/mac/Library/Python/3.9/lib/python/site-packages/httpcore/_sync/http11.py", line 136, in handle_request
    raise exc
  File "/Users/mac/Library/Python/3.9/lib/python/site-packages/httpcore/_sync/http11.py", line 106, in handle_request
    ) = self._receive_response_headers(**kwargs)
  File "/Users/mac/Library/Python/3.9/lib/python/site-packages/httpcore/_sync/http11.py", line 177, in _receive_response_headers
    event = self._receive_event(timeout=timeout)
  File "/Users/mac/Library/Python/3.9/lib/python/site-packages/httpcore/_sync/http11.py", line 217, in _receive_event
    data = self._network_stream.read(
  File "/Users/mac/Library/Python/3.9/lib/python/site-packages/httpcore/_backends/sync.py", line 128, in read
    return self._sock.recv(max_bytes)
  File "/Library/Developer/CommandLineTools/Library/Frameworks/Python3.framework/Versions/3.9/lib/python3.9/contextlib.py", line 135, in __exit__
    self.gen.throw(type, value, traceback)
  File "/Users/mac/Library/Python/3.9/lib/python/site-packages/httpcore/_exceptions.py", line 14, in map_exceptions
    raise to_exc(exc) from exc
httpcore.ReadError: [Errno 54] Connection reset by peer

The above exception was the direct cause of the following exception:

Traceback (most recent call last):
  File "/Users/mac/Library/Python/3.9/lib/python/site-packages/openai/_base_client.py", line 1065, in request
    response = self._send_request(
  File "/Users/mac/Library/Python/3.9/lib/python/site-packages/openai/_client.py", line 483, in _send_request
    response = self._send_with_auth_retry(request, stream=stream, **kwargs)
  File "/Users/mac/Library/Python/3.9/lib/python/site-packages/openai/_client.py", line 461, in _send_with_auth_retry
    response = super()._send_request(request, stream=stream, **kwargs)
  File "/Users/mac/Library/Python/3.9/lib/python/site-packages/openai/_base_client.py", line 990, in _send_request
    return self._client.send(request, stream=stream, **kwargs)
  File "/Users/mac/Library/Python/3.9/lib/python/site-packages/httpx/_client.py", line 914, in send
    response = self._send_handling_auth(
  File "/Users/mac/Library/Python/3.9/lib/python/site-packages/httpx/_client.py", line 942, in _send_handling_auth
    response = self._send_handling_redirects(
  File "/Users/mac/Library/Python/3.9/lib/python/site-packages/httpx/_client.py", line 979, in _send_handling_redirects
    response = self._send_single_request(request)
  File "/Users/mac/Library/Python/3.9/lib/python/site-packages/httpx/_client.py", line 1014, in _send_single_request
    response = transport.handle_request(request)
  File "/Users/mac/Library/Python/3.9/lib/python/site-packages/httpx/_transports/default.py", line 250, in handle_request
    resp = self._pool.handle_request(req)
  File "/Library/Developer/CommandLineTools/Library/Frameworks/Python3.framework/Versions/3.9/lib/python3.9/contextlib.py", line 135, in __exit__
    self.gen.throw(type, value, traceback)
  File "/Users/mac/Library/Python/3.9/lib/python/site-packages/httpx/_transports/default.py", line 118, in map_httpcore_exceptions
    raise mapped_exc(message) from exc
httpx.ReadError: [Errno 54] Connection reset by peer

The above exception was the direct cause of the following exception:

Traceback (most recent call last):
  File "/Users/mac/.codex/skills/.system/imagegen/scripts/image_gen.py", line 995, in <module>
    raise SystemExit(main())
  File "/Users/mac/.codex/skills/.system/imagegen/scripts/image_gen.py", line 990, in main
    args.func(args)
  File "/Users/mac/.codex/skills/.system/imagegen/scripts/image_gen.py", line 831, in _edit
    result = client.images.edit(**request)
  File "/Users/mac/Library/Python/3.9/lib/python/site-packages/openai/_utils/_utils.py", line 298, in wrapper
    return func(*args, **kwargs)
  File "/Users/mac/Library/Python/3.9/lib/python/site-packages/openai/resources/images.py", line 570, in edit
    return self._post(
  File "/Users/mac/Library/Python/3.9/lib/python/site-packages/openai/_base_client.py", line 1360, in post
    return cast(ResponseT, self.request(cast_to, opts, stream=stream, stream_cls=stream_cls))
  File "/Users/mac/Library/Python/3.9/lib/python/site-packages/openai/_base_client.py", line 1100, in request
    raise APIConnectionError(request=request) from err
openai.APIConnectionError: Connection error.
[11] сбой сети/API; повтор через 20 секунд
[11] попытка 3/3: Ideas
OPENAI_API_KEY is set.
Calling Image API (edit) with 1 image(s).
Traceback (most recent call last):
  File "/Users/mac/Library/Python/3.9/lib/python/site-packages/httpx/_transports/default.py", line 101, in map_httpcore_exceptions
    yield
  File "/Users/mac/Library/Python/3.9/lib/python/site-packages/httpx/_transports/default.py", line 250, in handle_request
    resp = self._pool.handle_request(req)
  File "/Users/mac/Library/Python/3.9/lib/python/site-packages/httpcore/_sync/connection_pool.py", line 256, in handle_request
    raise exc from None
  File "/Users/mac/Library/Python/3.9/lib/python/site-packages/httpcore/_sync/connection_pool.py", line 236, in handle_request
    response = connection.handle_request(
  File "/Users/mac/Library/Python/3.9/lib/python/site-packages/httpcore/_sync/connection.py", line 103, in handle_request
    return self._connection.handle_request(request)
  File "/Users/mac/Library/Python/3.9/lib/python/site-packages/httpcore/_sync/http11.py", line 136, in handle_request
    raise exc
  File "/Users/mac/Library/Python/3.9/lib/python/site-packages/httpcore/_sync/http11.py", line 106, in handle_request
    ) = self._receive_response_headers(**kwargs)
  File "/Users/mac/Library/Python/3.9/lib/python/site-packages/httpcore/_sync/http11.py", line 177, in _receive_response_headers
    event = self._receive_event(timeout=timeout)
  File "/Users/mac/Library/Python/3.9/lib/python/site-packages/httpcore/_sync/http11.py", line 217, in _receive_event
    data = self._network_stream.read(
  File "/Users/mac/Library/Python/3.9/lib/python/site-packages/httpcore/_backends/sync.py", line 128, in read
    return self._sock.recv(max_bytes)
  File "/Library/Developer/CommandLineTools/Library/Frameworks/Python3.framework/Versions/3.9/lib/python3.9/contextlib.py", line 135, in __exit__
    self.gen.throw(type, value, traceback)
  File "/Users/mac/Library/Python/3.9/lib/python/site-packages/httpcore/_exceptions.py", line 14, in map_exceptions
    raise to_exc(exc) from exc
httpcore.ReadError: [Errno 54] Connection reset by peer

The above exception was the direct cause of the following exception:

Traceback (most recent call last):
  File "/Users/mac/Library/Python/3.9/lib/python/site-packages/openai/_base_client.py", line 1065, in request
    response = self._send_request(
  File "/Users/mac/Library/Python/3.9/lib/python/site-packages/openai/_client.py", line 483, in _send_request
    response = self._send_with_auth_retry(request, stream=stream, **kwargs)
  File "/Users/mac/Library/Python/3.9/lib/python/site-packages/openai/_client.py", line 461, in _send_with_auth_retry
    response = super()._send_request(request, stream=stream, **kwargs)
  File "/Users/mac/Library/Python/3.9/lib/python/site-packages/openai/_base_client.py", line 990, in _send_request
    return self._client.send(request, stream=stream, **kwargs)
  File "/Users/mac/Library/Python/3.9/lib/python/site-packages/httpx/_client.py", line 914, in send
    response = self._send_handling_auth(
  File "/Users/mac/Library/Python/3.9/lib/python/site-packages/httpx/_client.py", line 942, in _send_handling_auth
    response = self._send_handling_redirects(
  File "/Users/mac/Library/Python/3.9/lib/python/site-packages/httpx/_client.py", line 979, in _send_handling_redirects
    response = self._send_single_request(request)
  File "/Users/mac/Library/Python/3.9/lib/python/site-packages/httpx/_client.py", line 1014, in _send_single_request
    response = transport.handle_request(request)
  File "/Users/mac/Library/Python/3.9/lib/python/site-packages/httpx/_transports/default.py", line 250, in handle_request
    resp = self._pool.handle_request(req)
  File "/Library/Developer/CommandLineTools/Library/Frameworks/Python3.framework/Versions/3.9/lib/python3.9/contextlib.py", line 135, in __exit__
    self.gen.throw(type, value, traceback)
  File "/Users/mac/Library/Python/3.9/lib/python/site-packages/httpx/_transports/default.py", line 118, in map_httpcore_exceptions
    raise mapped_exc(message) from exc
httpx.ReadError: [Errno 54] Connection reset by peer

The above exception was the direct cause of the following exception:

Traceback (most recent call last):
  File "/Users/mac/.codex/skills/.system/imagegen/scripts/image_gen.py", line 995, in <module>
    raise SystemExit(main())
  File "/Users/mac/.codex/skills/.system/imagegen/scripts/image_gen.py", line 990, in main
    args.func(args)
  File "/Users/mac/.codex/skills/.system/imagegen/scripts/image_gen.py", line 831, in _edit
    result = client.images.edit(**request)
  File "/Users/mac/Library/Python/3.9/lib/python/site-packages/openai/_utils/_utils.py", line 298, in wrapper
    return func(*args, **kwargs)
  File "/Users/mac/Library/Python/3.9/lib/python/site-packages/openai/resources/images.py", line 570, in edit
    return self._post(
  File "/Users/mac/Library/Python/3.9/lib/python/site-packages/openai/_base_client.py", line 1360, in post
    return cast(ResponseT, self.request(cast_to, opts, stream=stream, stream_cls=stream_cls))
  File "/Users/mac/Library/Python/3.9/lib/python/site-packages/openai/_base_client.py", line 1100, in request
    raise APIConnectionError(request=request) from err
openai.APIConnectionError: Connection error.
[11] сбой сети/API; повтор через 20 секунд
[11] не удалось после трёх попыток — записано в render.log
[12] попытка 1/3: Selective expression
OPENAI_API_KEY is set.
Calling Image API (edit) with 1 image(s).
Traceback (most recent call last):
  File "/Users/mac/Library/Python/3.9/lib/python/site-packages/httpx/_transports/default.py", line 101, in map_httpcore_exceptions
    yield
  File "/Users/mac/Library/Python/3.9/lib/python/site-packages/httpx/_transports/default.py", line 250, in handle_request
    resp = self._pool.handle_request(req)
  File "/Users/mac/Library/Python/3.9/lib/python/site-packages/httpcore/_sync/connection_pool.py", line 256, in handle_request
    raise exc from None
  File "/Users/mac/Library/Python/3.9/lib/python/site-packages/httpcore/_sync/connection_pool.py", line 236, in handle_request
    response = connection.handle_request(
  File "/Users/mac/Library/Python/3.9/lib/python/site-packages/httpcore/_sync/connection.py", line 103, in handle_request
    return self._connection.handle_request(request)
  File "/Users/mac/Library/Python/3.9/lib/python/site-packages/httpcore/_sync/http11.py", line 136, in handle_request
    raise exc
  File "/Users/mac/Library/Python/3.9/lib/python/site-packages/httpcore/_sync/http11.py", line 106, in handle_request
    ) = self._receive_response_headers(**kwargs)
  File "/Users/mac/Library/Python/3.9/lib/python/site-packages/httpcore/_sync/http11.py", line 177, in _receive_response_headers
    event = self._receive_event(timeout=timeout)
  File "/Users/mac/Library/Python/3.9/lib/python/site-packages/httpcore/_sync/http11.py", line 217, in _receive_event
    data = self._network_stream.read(
  File "/Users/mac/Library/Python/3.9/lib/python/site-packages/httpcore/_backends/sync.py", line 128, in read
    return self._sock.recv(max_bytes)
  File "/Library/Developer/CommandLineTools/Library/Frameworks/Python3.framework/Versions/3.9/lib/python3.9/contextlib.py", line 135, in __exit__
    self.gen.throw(type, value, traceback)
  File "/Users/mac/Library/Python/3.9/lib/python/site-packages/httpcore/_exceptions.py", line 14, in map_exceptions
    raise to_exc(exc) from exc
httpcore.ReadError: [Errno 54] Connection reset by peer

The above exception was the direct cause of the following exception:

Traceback (most recent call last):
  File "/Users/mac/Library/Python/3.9/lib/python/site-packages/openai/_base_client.py", line 1065, in request
    response = self._send_request(
  File "/Users/mac/Library/Python/3.9/lib/python/site-packages/openai/_client.py", line 483, in _send_request
    response = self._send_with_auth_retry(request, stream=stream, **kwargs)
  File "/Users/mac/Library/Python/3.9/lib/python/site-packages/openai/_client.py", line 461, in _send_with_auth_retry
    response = super()._send_request(request, stream=stream, **kwargs)
  File "/Users/mac/Library/Python/3.9/lib/python/site-packages/openai/_base_client.py", line 990, in _send_request
    return self._client.send(request, stream=stream, **kwargs)
  File "/Users/mac/Library/Python/3.9/lib/python/site-packages/httpx/_client.py", line 914, in send
    response = self._send_handling_auth(
  File "/Users/mac/Library/Python/3.9/lib/python/site-packages/httpx/_client.py", line 942, in _send_handling_auth
    response = self._send_handling_redirects(
  File "/Users/mac/Library/Python/3.9/lib/python/site-packages/httpx/_client.py", line 979, in _send_handling_redirects
    response = self._send_single_request(request)
  File "/Users/mac/Library/Python/3.9/lib/python/site-packages/httpx/_client.py", line 1014, in _send_single_request
    response = transport.handle_request(request)
  File "/Users/mac/Library/Python/3.9/lib/python/site-packages/httpx/_transports/default.py", line 250, in handle_request
    resp = self._pool.handle_request(req)
  File "/Library/Developer/CommandLineTools/Library/Frameworks/Python3.framework/Versions/3.9/lib/python3.9/contextlib.py", line 135, in __exit__
    self.gen.throw(type, value, traceback)
  File "/Users/mac/Library/Python/3.9/lib/python/site-packages/httpx/_transports/default.py", line 118, in map_httpcore_exceptions
    raise mapped_exc(message) from exc
httpx.ReadError: [Errno 54] Connection reset by peer

The above exception was the direct cause of the following exception:

Traceback (most recent call last):
  File "/Users/mac/.codex/skills/.system/imagegen/scripts/image_gen.py", line 995, in <module>
    raise SystemExit(main())
  File "/Users/mac/.codex/skills/.system/imagegen/scripts/image_gen.py", line 990, in main
    args.func(args)
  File "/Users/mac/.codex/skills/.system/imagegen/scripts/image_gen.py", line 831, in _edit
    result = client.images.edit(**request)
  File "/Users/mac/Library/Python/3.9/lib/python/site-packages/openai/_utils/_utils.py", line 298, in wrapper
    return func(*args, **kwargs)
  File "/Users/mac/Library/Python/3.9/lib/python/site-packages/openai/resources/images.py", line 570, in edit
    return self._post(
  File "/Users/mac/Library/Python/3.9/lib/python/site-packages/openai/_base_client.py", line 1360, in post
    return cast(ResponseT, self.request(cast_to, opts, stream=stream, stream_cls=stream_cls))
  File "/Users/mac/Library/Python/3.9/lib/python/site-packages/openai/_base_client.py", line 1100, in request
    raise APIConnectionError(request=request) from err
openai.APIConnectionError: Connection error.
[12] сбой сети/API; повтор через 20 секунд
[12] попытка 2/3: Selective expression
OPENAI_API_KEY is set.
Calling Image API (edit) with 1 image(s).
Traceback (most recent call last):
  File "/Users/mac/Library/Python/3.9/lib/python/site-packages/httpx/_transports/default.py", line 101, in map_httpcore_exceptions
    yield
  File "/Users/mac/Library/Python/3.9/lib/python/site-packages/httpx/_transports/default.py", line 250, in handle_request
    resp = self._pool.handle_request(req)
  File "/Users/mac/Library/Python/3.9/lib/python/site-packages/httpcore/_sync/connection_pool.py", line 256, in handle_request
    raise exc from None
  File "/Users/mac/Library/Python/3.9/lib/python/site-packages/httpcore/_sync/connection_pool.py", line 236, in handle_request
    response = connection.handle_request(
  File "/Users/mac/Library/Python/3.9/lib/python/site-packages/httpcore/_sync/connection.py", line 103, in handle_request
    return self._connection.handle_request(request)
  File "/Users/mac/Library/Python/3.9/lib/python/site-packages/httpcore/_sync/http11.py", line 136, in handle_request
    raise exc
  File "/Users/mac/Library/Python/3.9/lib/python/site-packages/httpcore/_sync/http11.py", line 106, in handle_request
    ) = self._receive_response_headers(**kwargs)
  File "/Users/mac/Library/Python/3.9/lib/python/site-packages/httpcore/_sync/http11.py", line 177, in _receive_response_headers
    event = self._receive_event(timeout=timeout)
  File "/Users/mac/Library/Python/3.9/lib/python/site-packages/httpcore/_sync/http11.py", line 217, in _receive_event
    data = self._network_stream.read(
  File "/Users/mac/Library/Python/3.9/lib/python/site-packages/httpcore/_backends/sync.py", line 128, in read
    return self._sock.recv(max_bytes)
  File "/Library/Developer/CommandLineTools/Library/Frameworks/Python3.framework/Versions/3.9/lib/python3.9/contextlib.py", line 135, in __exit__
    self.gen.throw(type, value, traceback)
  File "/Users/mac/Library/Python/3.9/lib/python/site-packages/httpcore/_exceptions.py", line 14, in map_exceptions
    raise to_exc(exc) from exc
httpcore.ReadError: [Errno 54] Connection reset by peer

The above exception was the direct cause of the following exception:

Traceback (most recent call last):
  File "/Users/mac/Library/Python/3.9/lib/python/site-packages/openai/_base_client.py", line 1065, in request
    response = self._send_request(
  File "/Users/mac/Library/Python/3.9/lib/python/site-packages/openai/_client.py", line 483, in _send_request
    response = self._send_with_auth_retry(request, stream=stream, **kwargs)
  File "/Users/mac/Library/Python/3.9/lib/python/site-packages/openai/_client.py", line 461, in _send_with_auth_retry
    response = super()._send_request(request, stream=stream, **kwargs)
  File "/Users/mac/Library/Python/3.9/lib/python/site-packages/openai/_base_client.py", line 990, in _send_request
    return self._client.send(request, stream=stream, **kwargs)
  File "/Users/mac/Library/Python/3.9/lib/python/site-packages/httpx/_client.py", line 914, in send
    response = self._send_handling_auth(
  File "/Users/mac/Library/Python/3.9/lib/python/site-packages/httpx/_client.py", line 942, in _send_handling_auth
    response = self._send_handling_redirects(
  File "/Users/mac/Library/Python/3.9/lib/python/site-packages/httpx/_client.py", line 979, in _send_handling_redirects
    response = self._send_single_request(request)
  File "/Users/mac/Library/Python/3.9/lib/python/site-packages/httpx/_client.py", line 1014, in _send_single_request
    response = transport.handle_request(request)
  File "/Users/mac/Library/Python/3.9/lib/python/site-packages/httpx/_transports/default.py", line 250, in handle_request
    resp = self._pool.handle_request(req)
  File "/Library/Developer/CommandLineTools/Library/Frameworks/Python3.framework/Versions/3.9/lib/python3.9/contextlib.py", line 135, in __exit__
    self.gen.throw(type, value, traceback)
  File "/Users/mac/Library/Python/3.9/lib/python/site-packages/httpx/_transports/default.py", line 118, in map_httpcore_exceptions
    raise mapped_exc(message) from exc
httpx.ReadError: [Errno 54] Connection reset by peer

The above exception was the direct cause of the following exception:

Traceback (most recent call last):
  File "/Users/mac/.codex/skills/.system/imagegen/scripts/image_gen.py", line 995, in <module>
    raise SystemExit(main())
  File "/Users/mac/.codex/skills/.system/imagegen/scripts/image_gen.py", line 990, in main
    args.func(args)
  File "/Users/mac/.codex/skills/.system/imagegen/scripts/image_gen.py", line 831, in _edit
    result = client.images.edit(**request)
  File "/Users/mac/Library/Python/3.9/lib/python/site-packages/openai/_utils/_utils.py", line 298, in wrapper
    return func(*args, **kwargs)
  File "/Users/mac/Library/Python/3.9/lib/python/site-packages/openai/resources/images.py", line 570, in edit
    return self._post(
  File "/Users/mac/Library/Python/3.9/lib/python/site-packages/openai/_base_client.py", line 1360, in post
    return cast(ResponseT, self.request(cast_to, opts, stream=stream, stream_cls=stream_cls))
  File "/Users/mac/Library/Python/3.9/lib/python/site-packages/openai/_base_client.py", line 1100, in request
    raise APIConnectionError(request=request) from err
openai.APIConnectionError: Connection error.
[12] сбой сети/API; повтор через 20 секунд
[12] попытка 3/3: Selective expression
OPENAI_API_KEY is set.
Calling Image API (edit) with 1 image(s).
Traceback (most recent call last):
  File "/Users/mac/Library/Python/3.9/lib/python/site-packages/httpx/_transports/default.py", line 101, in map_httpcore_exceptions
    yield
  File "/Users/mac/Library/Python/3.9/lib/python/site-packages/httpx/_transports/default.py", line 250, in handle_request
    resp = self._pool.handle_request(req)
  File "/Users/mac/Library/Python/3.9/lib/python/site-packages/httpcore/_sync/connection_pool.py", line 256, in handle_request
    raise exc from None
  File "/Users/mac/Library/Python/3.9/lib/python/site-packages/httpcore/_sync/connection_pool.py", line 236, in handle_request
    response = connection.handle_request(
  File "/Users/mac/Library/Python/3.9/lib/python/site-packages/httpcore/_sync/connection.py", line 103, in handle_request
    return self._connection.handle_request(request)
  File "/Users/mac/Library/Python/3.9/lib/python/site-packages/httpcore/_sync/http11.py", line 136, in handle_request
    raise exc
  File "/Users/mac/Library/Python/3.9/lib/python/site-packages/httpcore/_sync/http11.py", line 106, in handle_request
    ) = self._receive_response_headers(**kwargs)
  File "/Users/mac/Library/Python/3.9/lib/python/site-packages/httpcore/_sync/http11.py", line 177, in _receive_response_headers
    event = self._receive_event(timeout=timeout)
  File "/Users/mac/Library/Python/3.9/lib/python/site-packages/httpcore/_sync/http11.py", line 217, in _receive_event
    data = self._network_stream.read(
  File "/Users/mac/Library/Python/3.9/lib/python/site-packages/httpcore/_backends/sync.py", line 128, in read
    return self._sock.recv(max_bytes)
  File "/Library/Developer/CommandLineTools/Library/Frameworks/Python3.framework/Versions/3.9/lib/python3.9/contextlib.py", line 135, in __exit__
    self.gen.throw(type, value, traceback)
  File "/Users/mac/Library/Python/3.9/lib/python/site-packages/httpcore/_exceptions.py", line 14, in map_exceptions
    raise to_exc(exc) from exc
httpcore.ReadError: [Errno 54] Connection reset by peer

The above exception was the direct cause of the following exception:

Traceback (most recent call last):
  File "/Users/mac/Library/Python/3.9/lib/python/site-packages/openai/_base_client.py", line 1065, in request
    response = self._send_request(
  File "/Users/mac/Library/Python/3.9/lib/python/site-packages/openai/_client.py", line 483, in _send_request
    response = self._send_with_auth_retry(request, stream=stream, **kwargs)
  File "/Users/mac/Library/Python/3.9/lib/python/site-packages/openai/_client.py", line 461, in _send_with_auth_retry
    response = super()._send_request(request, stream=stream, **kwargs)
  File "/Users/mac/Library/Python/3.9/lib/python/site-packages/openai/_base_client.py", line 990, in _send_request
    return self._client.send(request, stream=stream, **kwargs)
  File "/Users/mac/Library/Python/3.9/lib/python/site-packages/httpx/_client.py", line 914, in send
    response = self._send_handling_auth(
  File "/Users/mac/Library/Python/3.9/lib/python/site-packages/httpx/_client.py", line 942, in _send_handling_auth
    response = self._send_handling_redirects(
  File "/Users/mac/Library/Python/3.9/lib/python/site-packages/httpx/_client.py", line 979, in _send_handling_redirects
    response = self._send_single_request(request)
  File "/Users/mac/Library/Python/3.9/lib/python/site-packages/httpx/_client.py", line 1014, in _send_single_request
    response = transport.handle_request(request)
  File "/Users/mac/Library/Python/3.9/lib/python/site-packages/httpx/_transports/default.py", line 250, in handle_request
    resp = self._pool.handle_request(req)
  File "/Library/Developer/CommandLineTools/Library/Frameworks/Python3.framework/Versions/3.9/lib/python3.9/contextlib.py", line 135, in __exit__
    self.gen.throw(type, value, traceback)
  File "/Users/mac/Library/Python/3.9/lib/python/site-packages/httpx/_transports/default.py", line 118, in map_httpcore_exceptions
    raise mapped_exc(message) from exc
httpx.ReadError: [Errno 54] Connection reset by peer

The above exception was the direct cause of the following exception:

Traceback (most recent call last):
  File "/Users/mac/.codex/skills/.system/imagegen/scripts/image_gen.py", line 995, in <module>
    raise SystemExit(main())
  File "/Users/mac/.codex/skills/.system/imagegen/scripts/image_gen.py", line 990, in main
    args.func(args)
  File "/Users/mac/.codex/skills/.system/imagegen/scripts/image_gen.py", line 831, in _edit
    result = client.images.edit(**request)
  File "/Users/mac/Library/Python/3.9/lib/python/site-packages/openai/_utils/_utils.py", line 298, in wrapper
    return func(*args, **kwargs)
  File "/Users/mac/Library/Python/3.9/lib/python/site-packages/openai/resources/images.py", line 570, in edit
    return self._post(
  File "/Users/mac/Library/Python/3.9/lib/python/site-packages/openai/_base_client.py", line 1360, in post
    return cast(ResponseT, self.request(cast_to, opts, stream=stream, stream_cls=stream_cls))
  File "/Users/mac/Library/Python/3.9/lib/python/site-packages/openai/_base_client.py", line 1100, in request
    raise APIConnectionError(request=request) from err
openai.APIConnectionError: Connection error.
[12] сбой сети/API; повтор через 20 секунд
[12] не удалось после трёх попыток — записано в render.log
[14] попытка 1/3: Power and resources
OPENAI_API_KEY is set.
Calling Image API (edit) with 1 image(s).
Traceback (most recent call last):
  File "/Users/mac/Library/Python/3.9/lib/python/site-packages/httpx/_transports/default.py", line 101, in map_httpcore_exceptions
    yield
  File "/Users/mac/Library/Python/3.9/lib/python/site-packages/httpx/_transports/default.py", line 250, in handle_request
    resp = self._pool.handle_request(req)
  File "/Users/mac/Library/Python/3.9/lib/python/site-packages/httpcore/_sync/connection_pool.py", line 256, in handle_request
    raise exc from None
  File "/Users/mac/Library/Python/3.9/lib/python/site-packages/httpcore/_sync/connection_pool.py", line 236, in handle_request
    response = connection.handle_request(
  File "/Users/mac/Library/Python/3.9/lib/python/site-packages/httpcore/_sync/connection.py", line 103, in handle_request
    return self._connection.handle_request(request)
  File "/Users/mac/Library/Python/3.9/lib/python/site-packages/httpcore/_sync/http11.py", line 136, in handle_request
    raise exc
  File "/Users/mac/Library/Python/3.9/lib/python/site-packages/httpcore/_sync/http11.py", line 106, in handle_request
    ) = self._receive_response_headers(**kwargs)
  File "/Users/mac/Library/Python/3.9/lib/python/site-packages/httpcore/_sync/http11.py", line 177, in _receive_response_headers
    event = self._receive_event(timeout=timeout)
  File "/Users/mac/Library/Python/3.9/lib/python/site-packages/httpcore/_sync/http11.py", line 217, in _receive_event
    data = self._network_stream.read(
  File "/Users/mac/Library/Python/3.9/lib/python/site-packages/httpcore/_backends/sync.py", line 128, in read
    return self._sock.recv(max_bytes)
  File "/Library/Developer/CommandLineTools/Library/Frameworks/Python3.framework/Versions/3.9/lib/python3.9/contextlib.py", line 135, in __exit__
    self.gen.throw(type, value, traceback)
  File "/Users/mac/Library/Python/3.9/lib/python/site-packages/httpcore/_exceptions.py", line 14, in map_exceptions
    raise to_exc(exc) from exc
httpcore.ReadError: [Errno 54] Connection reset by peer

The above exception was the direct cause of the following exception:

Traceback (most recent call last):
  File "/Users/mac/Library/Python/3.9/lib/python/site-packages/openai/_base_client.py", line 1065, in request
    response = self._send_request(
  File "/Users/mac/Library/Python/3.9/lib/python/site-packages/openai/_client.py", line 483, in _send_request
    response = self._send_with_auth_retry(request, stream=stream, **kwargs)
  File "/Users/mac/Library/Python/3.9/lib/python/site-packages/openai/_client.py", line 461, in _send_with_auth_retry
    response = super()._send_request(request, stream=stream, **kwargs)
  File "/Users/mac/Library/Python/3.9/lib/python/site-packages/openai/_base_client.py", line 990, in _send_request
    return self._client.send(request, stream=stream, **kwargs)
  File "/Users/mac/Library/Python/3.9/lib/python/site-packages/httpx/_client.py", line 914, in send
    response = self._send_handling_auth(
  File "/Users/mac/Library/Python/3.9/lib/python/site-packages/httpx/_client.py", line 942, in _send_handling_auth
    response = self._send_handling_redirects(
  File "/Users/mac/Library/Python/3.9/lib/python/site-packages/httpx/_client.py", line 979, in _send_handling_redirects
    response = self._send_single_request(request)
  File "/Users/mac/Library/Python/3.9/lib/python/site-packages/httpx/_client.py", line 1014, in _send_single_request
    response = transport.handle_request(request)
  File "/Users/mac/Library/Python/3.9/lib/python/site-packages/httpx/_transports/default.py", line 250, in handle_request
    resp = self._pool.handle_request(req)
  File "/Library/Developer/CommandLineTools/Library/Frameworks/Python3.framework/Versions/3.9/lib/python3.9/contextlib.py", line 135, in __exit__
    self.gen.throw(type, value, traceback)
  File "/Users/mac/Library/Python/3.9/lib/python/site-packages/httpx/_transports/default.py", line 118, in map_httpcore_exceptions
    raise mapped_exc(message) from exc
httpx.ReadError: [Errno 54] Connection reset by peer

The above exception was the direct cause of the following exception:

Traceback (most recent call last):
  File "/Users/mac/.codex/skills/.system/imagegen/scripts/image_gen.py", line 995, in <module>
    raise SystemExit(main())
  File "/Users/mac/.codex/skills/.system/imagegen/scripts/image_gen.py", line 990, in main
    args.func(args)
  File "/Users/mac/.codex/skills/.system/imagegen/scripts/image_gen.py", line 831, in _edit
    result = client.images.edit(**request)
  File "/Users/mac/Library/Python/3.9/lib/python/site-packages/openai/_utils/_utils.py", line 298, in wrapper
    return func(*args, **kwargs)
  File "/Users/mac/Library/Python/3.9/lib/python/site-packages/openai/resources/images.py", line 570, in edit
    return self._post(
  File "/Users/mac/Library/Python/3.9/lib/python/site-packages/openai/_base_client.py", line 1360, in post
    return cast(ResponseT, self.request(cast_to, opts, stream=stream, stream_cls=stream_cls))
  File "/Users/mac/Library/Python/3.9/lib/python/site-packages/openai/_base_client.py", line 1100, in request
    raise APIConnectionError(request=request) from err
openai.APIConnectionError: Connection error.
[14] сбой сети/API; повтор через 20 секунд
[14] попытка 2/3: Power and resources
OPENAI_API_KEY is set.
Calling Image API (edit) with 1 image(s).
Traceback (most recent call last):
  File "/Users/mac/Library/Python/3.9/lib/python/site-packages/httpx/_transports/default.py", line 101, in map_httpcore_exceptions
    yield
  File "/Users/mac/Library/Python/3.9/lib/python/site-packages/httpx/_transports/default.py", line 250, in handle_request
    resp = self._pool.handle_request(req)
  File "/Users/mac/Library/Python/3.9/lib/python/site-packages/httpcore/_sync/connection_pool.py", line 256, in handle_request
    raise exc from None
  File "/Users/mac/Library/Python/3.9/lib/python/site-packages/httpcore/_sync/connection_pool.py", line 236, in handle_request
    response = connection.handle_request(
  File "/Users/mac/Library/Python/3.9/lib/python/site-packages/httpcore/_sync/connection.py", line 103, in handle_request
    return self._connection.handle_request(request)
  File "/Users/mac/Library/Python/3.9/lib/python/site-packages/httpcore/_sync/http11.py", line 136, in handle_request
    raise exc
  File "/Users/mac/Library/Python/3.9/lib/python/site-packages/httpcore/_sync/http11.py", line 106, in handle_request
    ) = self._receive_response_headers(**kwargs)
  File "/Users/mac/Library/Python/3.9/lib/python/site-packages/httpcore/_sync/http11.py", line 177, in _receive_response_headers
    event = self._receive_event(timeout=timeout)
  File "/Users/mac/Library/Python/3.9/lib/python/site-packages/httpcore/_sync/http11.py", line 217, in _receive_event
    data = self._network_stream.read(
  File "/Users/mac/Library/Python/3.9/lib/python/site-packages/httpcore/_backends/sync.py", line 128, in read
    return self._sock.recv(max_bytes)
  File "/Library/Developer/CommandLineTools/Library/Frameworks/Python3.framework/Versions/3.9/lib/python3.9/contextlib.py", line 135, in __exit__
    self.gen.throw(type, value, traceback)
  File "/Users/mac/Library/Python/3.9/lib/python/site-packages/httpcore/_exceptions.py", line 14, in map_exceptions
    raise to_exc(exc) from exc
httpcore.ReadError: [Errno 54] Connection reset by peer

The above exception was the direct cause of the following exception:

Traceback (most recent call last):
  File "/Users/mac/Library/Python/3.9/lib/python/site-packages/openai/_base_client.py", line 1065, in request
    response = self._send_request(
  File "/Users/mac/Library/Python/3.9/lib/python/site-packages/openai/_client.py", line 483, in _send_request
    response = self._send_with_auth_retry(request, stream=stream, **kwargs)
  File "/Users/mac/Library/Python/3.9/lib/python/site-packages/openai/_client.py", line 461, in _send_with_auth_retry
    response = super()._send_request(request, stream=stream, **kwargs)
  File "/Users/mac/Library/Python/3.9/lib/python/site-packages/openai/_base_client.py", line 990, in _send_request
    return self._client.send(request, stream=stream, **kwargs)
  File "/Users/mac/Library/Python/3.9/lib/python/site-packages/httpx/_client.py", line 914, in send
    response = self._send_handling_auth(
  File "/Users/mac/Library/Python/3.9/lib/python/site-packages/httpx/_client.py", line 942, in _send_handling_auth
    response = self._send_handling_redirects(
  File "/Users/mac/Library/Python/3.9/lib/python/site-packages/httpx/_client.py", line 979, in _send_handling_redirects
    response = self._send_single_request(request)
  File "/Users/mac/Library/Python/3.9/lib/python/site-packages/httpx/_client.py", line 1014, in _send_single_request
    response = transport.handle_request(request)
  File "/Users/mac/Library/Python/3.9/lib/python/site-packages/httpx/_transports/default.py", line 250, in handle_request
    resp = self._pool.handle_request(req)
  File "/Library/Developer/CommandLineTools/Library/Frameworks/Python3.framework/Versions/3.9/lib/python3.9/contextlib.py", line 135, in __exit__
    self.gen.throw(type, value, traceback)
  File "/Users/mac/Library/Python/3.9/lib/python/site-packages/httpx/_transports/default.py", line 118, in map_httpcore_exceptions
    raise mapped_exc(message) from exc
httpx.ReadError: [Errno 54] Connection reset by peer

The above exception was the direct cause of the following exception:

Traceback (most recent call last):
  File "/Users/mac/.codex/skills/.system/imagegen/scripts/image_gen.py", line 995, in <module>
    raise SystemExit(main())
  File "/Users/mac/.codex/skills/.system/imagegen/scripts/image_gen.py", line 990, in main
    args.func(args)
  File "/Users/mac/.codex/skills/.system/imagegen/scripts/image_gen.py", line 831, in _edit
    result = client.images.edit(**request)
  File "/Users/mac/Library/Python/3.9/lib/python/site-packages/openai/_utils/_utils.py", line 298, in wrapper
    return func(*args, **kwargs)
  File "/Users/mac/Library/Python/3.9/lib/python/site-packages/openai/resources/images.py", line 570, in edit
    return self._post(
  File "/Users/mac/Library/Python/3.9/lib/python/site-packages/openai/_base_client.py", line 1360, in post
    return cast(ResponseT, self.request(cast_to, opts, stream=stream, stream_cls=stream_cls))
  File "/Users/mac/Library/Python/3.9/lib/python/site-packages/openai/_base_client.py", line 1100, in request
    raise APIConnectionError(request=request) from err
openai.APIConnectionError: Connection error.
[14] сбой сети/API; повтор через 20 секунд
[14] попытка 3/3: Power and resources
OPENAI_API_KEY is set.
Calling Image API (edit) with 1 image(s).
Traceback (most recent call last):
  File "/Users/mac/Library/Python/3.9/lib/python/site-packages/httpx/_transports/default.py", line 101, in map_httpcore_exceptions
    yield
  File "/Users/mac/Library/Python/3.9/lib/python/site-packages/httpx/_transports/default.py", line 250, in handle_request
    resp = self._pool.handle_request(req)
  File "/Users/mac/Library/Python/3.9/lib/python/site-packages/httpcore/_sync/connection_pool.py", line 256, in handle_request
    raise exc from None
  File "/Users/mac/Library/Python/3.9/lib/python/site-packages/httpcore/_sync/connection_pool.py", line 236, in handle_request
    response = connection.handle_request(
  File "/Users/mac/Library/Python/3.9/lib/python/site-packages/httpcore/_sync/connection.py", line 103, in handle_request
    return self._connection.handle_request(request)
  File "/Users/mac/Library/Python/3.9/lib/python/site-packages/httpcore/_sync/http11.py", line 136, in handle_request
    raise exc
  File "/Users/mac/Library/Python/3.9/lib/python/site-packages/httpcore/_sync/http11.py", line 106, in handle_request
    ) = self._receive_response_headers(**kwargs)
  File "/Users/mac/Library/Python/3.9/lib/python/site-packages/httpcore/_sync/http11.py", line 177, in _receive_response_headers
    event = self._receive_event(timeout=timeout)
  File "/Users/mac/Library/Python/3.9/lib/python/site-packages/httpcore/_sync/http11.py", line 217, in _receive_event
    data = self._network_stream.read(
  File "/Users/mac/Library/Python/3.9/lib/python/site-packages/httpcore/_backends/sync.py", line 128, in read
    return self._sock.recv(max_bytes)
  File "/Library/Developer/CommandLineTools/Library/Frameworks/Python3.framework/Versions/3.9/lib/python3.9/contextlib.py", line 135, in __exit__
    self.gen.throw(type, value, traceback)
  File "/Users/mac/Library/Python/3.9/lib/python/site-packages/httpcore/_exceptions.py", line 14, in map_exceptions
    raise to_exc(exc) from exc
httpcore.ReadError: [Errno 54] Connection reset by peer

The above exception was the direct cause of the following exception:

Traceback (most recent call last):
  File "/Users/mac/Library/Python/3.9/lib/python/site-packages/openai/_base_client.py", line 1065, in request
    response = self._send_request(
  File "/Users/mac/Library/Python/3.9/lib/python/site-packages/openai/_client.py", line 483, in _send_request
    response = self._send_with_auth_retry(request, stream=stream, **kwargs)
  File "/Users/mac/Library/Python/3.9/lib/python/site-packages/openai/_client.py", line 461, in _send_with_auth_retry
    response = super()._send_request(request, stream=stream, **kwargs)
  File "/Users/mac/Library/Python/3.9/lib/python/site-packages/openai/_base_client.py", line 990, in _send_request
    return self._client.send(request, stream=stream, **kwargs)
  File "/Users/mac/Library/Python/3.9/lib/python/site-packages/httpx/_client.py", line 914, in send
    response = self._send_handling_auth(
  File "/Users/mac/Library/Python/3.9/lib/python/site-packages/httpx/_client.py", line 942, in _send_handling_auth
    response = self._send_handling_redirects(
  File "/Users/mac/Library/Python/3.9/lib/python/site-packages/httpx/_client.py", line 979, in _send_handling_redirects
    response = self._send_single_request(request)
  File "/Users/mac/Library/Python/3.9/lib/python/site-packages/httpx/_client.py", line 1014, in _send_single_request
    response = transport.handle_request(request)
  File "/Users/mac/Library/Python/3.9/lib/python/site-packages/httpx/_transports/default.py", line 250, in handle_request
    resp = self._pool.handle_request(req)
  File "/Library/Developer/CommandLineTools/Library/Frameworks/Python3.framework/Versions/3.9/lib/python3.9/contextlib.py", line 135, in __exit__
    self.gen.throw(type, value, traceback)
  File "/Users/mac/Library/Python/3.9/lib/python/site-packages/httpx/_transports/default.py", line 118, in map_httpcore_exceptions
    raise mapped_exc(message) from exc
httpx.ReadError: [Errno 54] Connection reset by peer

The above exception was the direct cause of the following exception:

Traceback (most recent call last):
  File "/Users/mac/.codex/skills/.system/imagegen/scripts/image_gen.py", line 995, in <module>
    raise SystemExit(main())
  File "/Users/mac/.codex/skills/.system/imagegen/scripts/image_gen.py", line 990, in main
    args.func(args)
  File "/Users/mac/.codex/skills/.system/imagegen/scripts/image_gen.py", line 831, in _edit
    result = client.images.edit(**request)
  File "/Users/mac/Library/Python/3.9/lib/python/site-packages/openai/_utils/_utils.py", line 298, in wrapper
    return func(*args, **kwargs)
  File "/Users/mac/Library/Python/3.9/lib/python/site-packages/openai/resources/images.py", line 570, in edit
    return self._post(
  File "/Users/mac/Library/Python/3.9/lib/python/site-packages/openai/_base_client.py", line 1360, in post
    return cast(ResponseT, self.request(cast_to, opts, stream=stream, stream_cls=stream_cls))
  File "/Users/mac/Library/Python/3.9/lib/python/site-packages/openai/_base_client.py", line 1100, in request
    raise APIConnectionError(request=request) from err
openai.APIConnectionError: Connection error.
[14] сбой сети/API; повтор через 20 секунд
[14] не удалось после трёх попыток — записано в render.log
[15] попытка 1/3: Extremes
OPENAI_API_KEY is set.
Calling Image API (edit) with 1 image(s).
Traceback (most recent call last):
  File "/Users/mac/Library/Python/3.9/lib/python/site-packages/httpx/_transports/default.py", line 101, in map_httpcore_exceptions
    yield
  File "/Users/mac/Library/Python/3.9/lib/python/site-packages/httpx/_transports/default.py", line 250, in handle_request
    resp = self._pool.handle_request(req)
  File "/Users/mac/Library/Python/3.9/lib/python/site-packages/httpcore/_sync/connection_pool.py", line 256, in handle_request
    raise exc from None
  File "/Users/mac/Library/Python/3.9/lib/python/site-packages/httpcore/_sync/connection_pool.py", line 236, in handle_request
    response = connection.handle_request(
  File "/Users/mac/Library/Python/3.9/lib/python/site-packages/httpcore/_sync/connection.py", line 103, in handle_request
    return self._connection.handle_request(request)
  File "/Users/mac/Library/Python/3.9/lib/python/site-packages/httpcore/_sync/http11.py", line 136, in handle_request
    raise exc
  File "/Users/mac/Library/Python/3.9/lib/python/site-packages/httpcore/_sync/http11.py", line 106, in handle_request
    ) = self._receive_response_headers(**kwargs)
  File "/Users/mac/Library/Python/3.9/lib/python/site-packages/httpcore/_sync/http11.py", line 177, in _receive_response_headers
    event = self._receive_event(timeout=timeout)
  File "/Users/mac/Library/Python/3.9/lib/python/site-packages/httpcore/_sync/http11.py", line 217, in _receive_event
    data = self._network_stream.read(
  File "/Users/mac/Library/Python/3.9/lib/python/site-packages/httpcore/_backends/sync.py", line 128, in read
    return self._sock.recv(max_bytes)
  File "/Library/Developer/CommandLineTools/Library/Frameworks/Python3.framework/Versions/3.9/lib/python3.9/contextlib.py", line 135, in __exit__
    self.gen.throw(type, value, traceback)
  File "/Users/mac/Library/Python/3.9/lib/python/site-packages/httpcore/_exceptions.py", line 14, in map_exceptions
    raise to_exc(exc) from exc
httpcore.ReadError: [Errno 54] Connection reset by peer

The above exception was the direct cause of the following exception:

Traceback (most recent call last):
  File "/Users/mac/Library/Python/3.9/lib/python/site-packages/openai/_base_client.py", line 1065, in request
    response = self._send_request(
  File "/Users/mac/Library/Python/3.9/lib/python/site-packages/openai/_client.py", line 483, in _send_request
    response = self._send_with_auth_retry(request, stream=stream, **kwargs)
  File "/Users/mac/Library/Python/3.9/lib/python/site-packages/openai/_client.py", line 461, in _send_with_auth_retry
    response = super()._send_request(request, stream=stream, **kwargs)
  File "/Users/mac/Library/Python/3.9/lib/python/site-packages/openai/_base_client.py", line 990, in _send_request
    return self._client.send(request, stream=stream, **kwargs)
  File "/Users/mac/Library/Python/3.9/lib/python/site-packages/httpx/_client.py", line 914, in send
    response = self._send_handling_auth(
  File "/Users/mac/Library/Python/3.9/lib/python/site-packages/httpx/_client.py", line 942, in _send_handling_auth
    response = self._send_handling_redirects(
  File "/Users/mac/Library/Python/3.9/lib/python/site-packages/httpx/_client.py", line 979, in _send_handling_redirects
    response = self._send_single_request(request)
  File "/Users/mac/Library/Python/3.9/lib/python/site-packages/httpx/_client.py", line 1014, in _send_single_request
    response = transport.handle_request(request)
  File "/Users/mac/Library/Python/3.9/lib/python/site-packages/httpx/_transports/default.py", line 250, in handle_request
    resp = self._pool.handle_request(req)
  File "/Library/Developer/CommandLineTools/Library/Frameworks/Python3.framework/Versions/3.9/lib/python3.9/contextlib.py", line 135, in __exit__
    self.gen.throw(type, value, traceback)
  File "/Users/mac/Library/Python/3.9/lib/python/site-packages/httpx/_transports/default.py", line 118, in map_httpcore_exceptions
    raise mapped_exc(message) from exc
httpx.ReadError: [Errno 54] Connection reset by peer

The above exception was the direct cause of the following exception:

Traceback (most recent call last):
  File "/Users/mac/.codex/skills/.system/imagegen/scripts/image_gen.py", line 995, in <module>
    raise SystemExit(main())
  File "/Users/mac/.codex/skills/.system/imagegen/scripts/image_gen.py", line 990, in main
    args.func(args)
  File "/Users/mac/.codex/skills/.system/imagegen/scripts/image_gen.py", line 831, in _edit
    result = client.images.edit(**request)
  File "/Users/mac/Library/Python/3.9/lib/python/site-packages/openai/_utils/_utils.py", line 298, in wrapper
    return func(*args, **kwargs)
  File "/Users/mac/Library/Python/3.9/lib/python/site-packages/openai/resources/images.py", line 570, in edit
    return self._post(
  File "/Users/mac/Library/Python/3.9/lib/python/site-packages/openai/_base_client.py", line 1360, in post
    return cast(ResponseT, self.request(cast_to, opts, stream=stream, stream_cls=stream_cls))
  File "/Users/mac/Library/Python/3.9/lib/python/site-packages/openai/_base_client.py", line 1100, in request
    raise APIConnectionError(request=request) from err
openai.APIConnectionError: Connection error.
[15] сбой сети/API; повтор через 20 секунд
[15] попытка 2/3: Extremes
OPENAI_API_KEY is set.
Calling Image API (edit) with 1 image(s).
Traceback (most recent call last):
  File "/Users/mac/Library/Python/3.9/lib/python/site-packages/httpx/_transports/default.py", line 101, in map_httpcore_exceptions
    yield
  File "/Users/mac/Library/Python/3.9/lib/python/site-packages/httpx/_transports/default.py", line 250, in handle_request
    resp = self._pool.handle_request(req)
  File "/Users/mac/Library/Python/3.9/lib/python/site-packages/httpcore/_sync/connection_pool.py", line 256, in handle_request
    raise exc from None
  File "/Users/mac/Library/Python/3.9/lib/python/site-packages/httpcore/_sync/connection_pool.py", line 236, in handle_request
    response = connection.handle_request(
  File "/Users/mac/Library/Python/3.9/lib/python/site-packages/httpcore/_sync/connection.py", line 103, in handle_request
    return self._connection.handle_request(request)
  File "/Users/mac/Library/Python/3.9/lib/python/site-packages/httpcore/_sync/http11.py", line 136, in handle_request
    raise exc
  File "/Users/mac/Library/Python/3.9/lib/python/site-packages/httpcore/_sync/http11.py", line 106, in handle_request
    ) = self._receive_response_headers(**kwargs)
  File "/Users/mac/Library/Python/3.9/lib/python/site-packages/httpcore/_sync/http11.py", line 177, in _receive_response_headers
    event = self._receive_event(timeout=timeout)
  File "/Users/mac/Library/Python/3.9/lib/python/site-packages/httpcore/_sync/http11.py", line 217, in _receive_event
    data = self._network_stream.read(
  File "/Users/mac/Library/Python/3.9/lib/python/site-packages/httpcore/_backends/sync.py", line 128, in read
    return self._sock.recv(max_bytes)
  File "/Library/Developer/CommandLineTools/Library/Frameworks/Python3.framework/Versions/3.9/lib/python3.9/contextlib.py", line 135, in __exit__
    self.gen.throw(type, value, traceback)
  File "/Users/mac/Library/Python/3.9/lib/python/site-packages/httpcore/_exceptions.py", line 14, in map_exceptions
    raise to_exc(exc) from exc
httpcore.ReadError: [Errno 54] Connection reset by peer

The above exception was the direct cause of the following exception:

Traceback (most recent call last):
  File "/Users/mac/Library/Python/3.9/lib/python/site-packages/openai/_base_client.py", line 1065, in request
    response = self._send_request(
  File "/Users/mac/Library/Python/3.9/lib/python/site-packages/openai/_client.py", line 483, in _send_request
    response = self._send_with_auth_retry(request, stream=stream, **kwargs)
  File "/Users/mac/Library/Python/3.9/lib/python/site-packages/openai/_client.py", line 461, in _send_with_auth_retry
    response = super()._send_request(request, stream=stream, **kwargs)
  File "/Users/mac/Library/Python/3.9/lib/python/site-packages/openai/_base_client.py", line 990, in _send_request
    return self._client.send(request, stream=stream, **kwargs)
  File "/Users/mac/Library/Python/3.9/lib/python/site-packages/httpx/_client.py", line 914, in send
    response = self._send_handling_auth(
  File "/Users/mac/Library/Python/3.9/lib/python/site-packages/httpx/_client.py", line 942, in _send_handling_auth
    response = self._send_handling_redirects(
  File "/Users/mac/Library/Python/3.9/lib/python/site-packages/httpx/_client.py", line 979, in _send_handling_redirects
    response = self._send_single_request(request)
  File "/Users/mac/Library/Python/3.9/lib/python/site-packages/httpx/_client.py", line 1014, in _send_single_request
    response = transport.handle_request(request)
  File "/Users/mac/Library/Python/3.9/lib/python/site-packages/httpx/_transports/default.py", line 250, in handle_request
    resp = self._pool.handle_request(req)
  File "/Library/Developer/CommandLineTools/Library/Frameworks/Python3.framework/Versions/3.9/lib/python3.9/contextlib.py", line 135, in __exit__
    self.gen.throw(type, value, traceback)
  File "/Users/mac/Library/Python/3.9/lib/python/site-packages/httpx/_transports/default.py", line 118, in map_httpcore_exceptions
    raise mapped_exc(message) from exc
httpx.ReadError: [Errno 54] Connection reset by peer

The above exception was the direct cause of the following exception:

Traceback (most recent call last):
  File "/Users/mac/.codex/skills/.system/imagegen/scripts/image_gen.py", line 995, in <module>
    raise SystemExit(main())
  File "/Users/mac/.codex/skills/.system/imagegen/scripts/image_gen.py", line 990, in main
    args.func(args)
  File "/Users/mac/.codex/skills/.system/imagegen/scripts/image_gen.py", line 831, in _edit
    result = client.images.edit(**request)
  File "/Users/mac/Library/Python/3.9/lib/python/site-packages/openai/_utils/_utils.py", line 298, in wrapper
    return func(*args, **kwargs)
  File "/Users/mac/Library/Python/3.9/lib/python/site-packages/openai/resources/images.py", line 570, in edit
    return self._post(
  File "/Users/mac/Library/Python/3.9/lib/python/site-packages/openai/_base_client.py", line 1360, in post
    return cast(ResponseT, self.request(cast_to, opts, stream=stream, stream_cls=stream_cls))
  File "/Users/mac/Library/Python/3.9/lib/python/site-packages/openai/_base_client.py", line 1100, in request
    raise APIConnectionError(request=request) from err
openai.APIConnectionError: Connection error.
[15] сбой сети/API; повтор через 20 секунд
[15] попытка 3/3: Extremes
OPENAI_API_KEY is set.
Calling Image API (edit) with 1 image(s).
Traceback (most recent call last):
  File "/Users/mac/Library/Python/3.9/lib/python/site-packages/httpx/_transports/default.py", line 101, in map_httpcore_exceptions
    yield
  File "/Users/mac/Library/Python/3.9/lib/python/site-packages/httpx/_transports/default.py", line 250, in handle_request
    resp = self._pool.handle_request(req)
  File "/Users/mac/Library/Python/3.9/lib/python/site-packages/httpcore/_sync/connection_pool.py", line 256, in handle_request
    raise exc from None
  File "/Users/mac/Library/Python/3.9/lib/python/site-packages/httpcore/_sync/connection_pool.py", line 236, in handle_request
    response = connection.handle_request(
  File "/Users/mac/Library/Python/3.9/lib/python/site-packages/httpcore/_sync/connection.py", line 103, in handle_request
    return self._connection.handle_request(request)
  File "/Users/mac/Library/Python/3.9/lib/python/site-packages/httpcore/_sync/http11.py", line 136, in handle_request
    raise exc
  File "/Users/mac/Library/Python/3.9/lib/python/site-packages/httpcore/_sync/http11.py", line 106, in handle_request
    ) = self._receive_response_headers(**kwargs)
  File "/Users/mac/Library/Python/3.9/lib/python/site-packages/httpcore/_sync/http11.py", line 177, in _receive_response_headers
    event = self._receive_event(timeout=timeout)
  File "/Users/mac/Library/Python/3.9/lib/python/site-packages/httpcore/_sync/http11.py", line 217, in _receive_event
    data = self._network_stream.read(
  File "/Users/mac/Library/Python/3.9/lib/python/site-packages/httpcore/_backends/sync.py", line 128, in read
    return self._sock.recv(max_bytes)
  File "/Library/Developer/CommandLineTools/Library/Frameworks/Python3.framework/Versions/3.9/lib/python3.9/contextlib.py", line 135, in __exit__
    self.gen.throw(type, value, traceback)
  File "/Users/mac/Library/Python/3.9/lib/python/site-packages/httpcore/_exceptions.py", line 14, in map_exceptions
    raise to_exc(exc) from exc
httpcore.ReadError: [Errno 54] Connection reset by peer

The above exception was the direct cause of the following exception:

Traceback (most recent call last):
  File "/Users/mac/Library/Python/3.9/lib/python/site-packages/openai/_base_client.py", line 1065, in request
    response = self._send_request(
  File "/Users/mac/Library/Python/3.9/lib/python/site-packages/openai/_client.py", line 483, in _send_request
    response = self._send_with_auth_retry(request, stream=stream, **kwargs)
  File "/Users/mac/Library/Python/3.9/lib/python/site-packages/openai/_client.py", line 461, in _send_with_auth_retry
    response = super()._send_request(request, stream=stream, **kwargs)
  File "/Users/mac/Library/Python/3.9/lib/python/site-packages/openai/_base_client.py", line 990, in _send_request
    return self._client.send(request, stream=stream, **kwargs)
  File "/Users/mac/Library/Python/3.9/lib/python/site-packages/httpx/_client.py", line 914, in send
    response = self._send_handling_auth(
  File "/Users/mac/Library/Python/3.9/lib/python/site-packages/httpx/_client.py", line 942, in _send_handling_auth
    response = self._send_handling_redirects(
  File "/Users/mac/Library/Python/3.9/lib/python/site-packages/httpx/_client.py", line 979, in _send_handling_redirects
    response = self._send_single_request(request)
  File "/Users/mac/Library/Python/3.9/lib/python/site-packages/httpx/_client.py", line 1014, in _send_single_request
    response = transport.handle_request(request)
  File "/Users/mac/Library/Python/3.9/lib/python/site-packages/httpx/_transports/default.py", line 250, in handle_request
    resp = self._pool.handle_request(req)
  File "/Library/Developer/CommandLineTools/Library/Frameworks/Python3.framework/Versions/3.9/lib/python3.9/contextlib.py", line 135, in __exit__
    self.gen.throw(type, value, traceback)
  File "/Users/mac/Library/Python/3.9/lib/python/site-packages/httpx/_transports/default.py", line 118, in map_httpcore_exceptions
    raise mapped_exc(message) from exc
httpx.ReadError: [Errno 54] Connection reset by peer

The above exception was the direct cause of the following exception:

Traceback (most recent call last):
  File "/Users/mac/.codex/skills/.system/imagegen/scripts/image_gen.py", line 995, in <module>
    raise SystemExit(main())
  File "/Users/mac/.codex/skills/.system/imagegen/scripts/image_gen.py", line 990, in main
    args.func(args)
  File "/Users/mac/.codex/skills/.system/imagegen/scripts/image_gen.py", line 831, in _edit
    result = client.images.edit(**request)
  File "/Users/mac/Library/Python/3.9/lib/python/site-packages/openai/_utils/_utils.py", line 298, in wrapper
    return func(*args, **kwargs)
  File "/Users/mac/Library/Python/3.9/lib/python/site-packages/openai/resources/images.py", line 570, in edit
    return self._post(
  File "/Users/mac/Library/Python/3.9/lib/python/site-packages/openai/_base_client.py", line 1360, in post
    return cast(ResponseT, self.request(cast_to, opts, stream=stream, stream_cls=stream_cls))
  File "/Users/mac/Library/Python/3.9/lib/python/site-packages/openai/_base_client.py", line 1100, in request
    raise APIConnectionError(request=request) from err
openai.APIConnectionError: Connection error.
[15] сбой сети/API; повтор через 20 секунд
[15] не удалось после трёх попыток — записано в render.log
[16] попытка 1/3: Skills
OPENAI_API_KEY is set.
Calling Image API (edit) with 1 image(s).
Traceback (most recent call last):
  File "/Users/mac/.codex/skills/.system/imagegen/scripts/image_gen.py", line 995, in <module>
    raise SystemExit(main())
  File "/Users/mac/.codex/skills/.system/imagegen/scripts/image_gen.py", line 990, in main
    args.func(args)
  File "/Users/mac/.codex/skills/.system/imagegen/scripts/image_gen.py", line 831, in _edit
    result = client.images.edit(**request)
  File "/Users/mac/Library/Python/3.9/lib/python/site-packages/openai/_utils/_utils.py", line 298, in wrapper
    return func(*args, **kwargs)
  File "/Users/mac/Library/Python/3.9/lib/python/site-packages/openai/resources/images.py", line 570, in edit
    return self._post(
  File "/Users/mac/Library/Python/3.9/lib/python/site-packages/openai/_base_client.py", line 1360, in post
    return cast(ResponseT, self.request(cast_to, opts, stream=stream, stream_cls=stream_cls))
  File "/Users/mac/Library/Python/3.9/lib/python/site-packages/openai/_base_client.py", line 1133, in request
    raise self._make_status_error_from_response(err.response) from None
openai.BadRequestError: Error code: 400 - {'error': {'message': 'Your request was rejected by the safety system. If you believe this is an error, contact us at help.openai.com and include the request ID req_a3b6dd2f0e684088b2e7431cbf0c402d. safety_violations=[sexual].', 'type': 'image_generation_user_error', 'param': None, 'code': 'moderation_blocked', 'moderation_details': {'moderation_stage': 'output', 'categories': ['sexual']}}}
[16] сбой сети/API; повтор через 20 секунд
[16] попытка 2/3: Skills
OPENAI_API_KEY is set.
Calling Image API (edit) with 1 image(s).
Edit completed in 52.8s.
Wrote /Users/mac/Documents/astro-mcp/assets/cards/final/gate-16-skills-v1.png
[16] готово: gate-16-skills-v1.png
[17] попытка 1/3: Opinions
OPENAI_API_KEY is set.
Calling Image API (edit) with 1 image(s).
Edit completed in 64.2s.
Wrote /Users/mac/Documents/astro-mcp/assets/cards/final/gate-17-opinions-v1.png
[17] готово: gate-17-opinions-v1.png
[18] попытка 1/3: Correction
OPENAI_API_KEY is set.
Calling Image API (edit) with 1 image(s).
Edit completed in 55.5s.
Wrote /Users/mac/Documents/astro-mcp/assets/cards/final/gate-18-correction-v1.png
[18] готово: gate-18-correction-v1.png
[19] попытка 1/3: Sensitivity to needs
OPENAI_API_KEY is set.
Calling Image API (edit) with 1 image(s).
Edit completed in 47.9s.
Wrote /Users/mac/Documents/astro-mcp/assets/cards/final/gate-19-needs-v1.png
[19] готово: gate-19-needs-v1.png
[20] попытка 1/3: The present moment
OPENAI_API_KEY is set.
Calling Image API (edit) with 1 image(s).
Edit completed in 53.6s.
Wrote /Users/mac/Documents/astro-mcp/assets/cards/final/gate-20-present-v1.png
[20] готово: gate-20-present-v1.png
[21] попытка 1/3: Control and stewardship
OPENAI_API_KEY is set.
Calling Image API (edit) with 1 image(s).
Edit completed in 54.3s.
Wrote /Users/mac/Documents/astro-mcp/assets/cards/final/gate-21-control-v1.png
[21] готово: gate-21-control-v1.png
[22] попытка 1/3: Grace and openness
OPENAI_API_KEY is set.
Calling Image API (edit) with 1 image(s).
Edit completed in 58.6s.
Wrote /Users/mac/Documents/astro-mcp/assets/cards/final/gate-22-openness-v1.png
[22] готово: gate-22-openness-v1.png
[23] попытка 1/3: Making the complex simple
OPENAI_API_KEY is set.
Calling Image API (edit) with 1 image(s).
Edit completed in 53.8s.
Wrote /Users/mac/Documents/astro-mcp/assets/cards/final/gate-23-assimilation-v1.png
[23] готово: gate-23-assimilation-v1.png
[24] попытка 1/3: Return and reflection
OPENAI_API_KEY is set.
Calling Image API (edit) with 1 image(s).
Traceback (most recent call last):
  File "/Users/mac/Library/Python/3.9/lib/python/site-packages/httpx/_transports/default.py", line 101, in map_httpcore_exceptions
    yield
  File "/Users/mac/Library/Python/3.9/lib/python/site-packages/httpx/_transports/default.py", line 250, in handle_request
    resp = self._pool.handle_request(req)
  File "/Users/mac/Library/Python/3.9/lib/python/site-packages/httpcore/_sync/connection_pool.py", line 256, in handle_request
    raise exc from None
  File "/Users/mac/Library/Python/3.9/lib/python/site-packages/httpcore/_sync/connection_pool.py", line 236, in handle_request
    response = connection.handle_request(
  File "/Users/mac/Library/Python/3.9/lib/python/site-packages/httpcore/_sync/connection.py", line 103, in handle_request
    return self._connection.handle_request(request)
  File "/Users/mac/Library/Python/3.9/lib/python/site-packages/httpcore/_sync/http11.py", line 136, in handle_request
    raise exc
  File "/Users/mac/Library/Python/3.9/lib/python/site-packages/httpcore/_sync/http11.py", line 106, in handle_request
    ) = self._receive_response_headers(**kwargs)
  File "/Users/mac/Library/Python/3.9/lib/python/site-packages/httpcore/_sync/http11.py", line 177, in _receive_response_headers
    event = self._receive_event(timeout=timeout)
  File "/Users/mac/Library/Python/3.9/lib/python/site-packages/httpcore/_sync/http11.py", line 217, in _receive_event
    data = self._network_stream.read(
  File "/Users/mac/Library/Python/3.9/lib/python/site-packages/httpcore/_backends/sync.py", line 128, in read
    return self._sock.recv(max_bytes)
  File "/Library/Developer/CommandLineTools/Library/Frameworks/Python3.framework/Versions/3.9/lib/python3.9/contextlib.py", line 135, in __exit__
    self.gen.throw(type, value, traceback)
  File "/Users/mac/Library/Python/3.9/lib/python/site-packages/httpcore/_exceptions.py", line 14, in map_exceptions
    raise to_exc(exc) from exc
httpcore.ReadError: [Errno 54] Connection reset by peer

The above exception was the direct cause of the following exception:

Traceback (most recent call last):
  File "/Users/mac/Library/Python/3.9/lib/python/site-packages/openai/_base_client.py", line 1065, in request
    response = self._send_request(
  File "/Users/mac/Library/Python/3.9/lib/python/site-packages/openai/_client.py", line 483, in _send_request
    response = self._send_with_auth_retry(request, stream=stream, **kwargs)
  File "/Users/mac/Library/Python/3.9/lib/python/site-packages/openai/_client.py", line 461, in _send_with_auth_retry
    response = super()._send_request(request, stream=stream, **kwargs)
  File "/Users/mac/Library/Python/3.9/lib/python/site-packages/openai/_base_client.py", line 990, in _send_request
    return self._client.send(request, stream=stream, **kwargs)
  File "/Users/mac/Library/Python/3.9/lib/python/site-packages/httpx/_client.py", line 914, in send
    response = self._send_handling_auth(
  File "/Users/mac/Library/Python/3.9/lib/python/site-packages/httpx/_client.py", line 942, in _send_handling_auth
    response = self._send_handling_redirects(
  File "/Users/mac/Library/Python/3.9/lib/python/site-packages/httpx/_client.py", line 979, in _send_handling_redirects
    response = self._send_single_request(request)
  File "/Users/mac/Library/Python/3.9/lib/python/site-packages/httpx/_client.py", line 1014, in _send_single_request
    response = transport.handle_request(request)
  File "/Users/mac/Library/Python/3.9/lib/python/site-packages/httpx/_transports/default.py", line 250, in handle_request
    resp = self._pool.handle_request(req)
  File "/Library/Developer/CommandLineTools/Library/Frameworks/Python3.framework/Versions/3.9/lib/python3.9/contextlib.py", line 135, in __exit__
    self.gen.throw(type, value, traceback)
  File "/Users/mac/Library/Python/3.9/lib/python/site-packages/httpx/_transports/default.py", line 118, in map_httpcore_exceptions
    raise mapped_exc(message) from exc
httpx.ReadError: [Errno 54] Connection reset by peer

The above exception was the direct cause of the following exception:

Traceback (most recent call last):
  File "/Users/mac/.codex/skills/.system/imagegen/scripts/image_gen.py", line 995, in <module>
    raise SystemExit(main())
  File "/Users/mac/.codex/skills/.system/imagegen/scripts/image_gen.py", line 990, in main
    args.func(args)
  File "/Users/mac/.codex/skills/.system/imagegen/scripts/image_gen.py", line 831, in _edit
    result = client.images.edit(**request)
  File "/Users/mac/Library/Python/3.9/lib/python/site-packages/openai/_utils/_utils.py", line 298, in wrapper
    return func(*args, **kwargs)
  File "/Users/mac/Library/Python/3.9/lib/python/site-packages/openai/resources/images.py", line 570, in edit
    return self._post(
  File "/Users/mac/Library/Python/3.9/lib/python/site-packages/openai/_base_client.py", line 1360, in post
    return cast(ResponseT, self.request(cast_to, opts, stream=stream, stream_cls=stream_cls))
  File "/Users/mac/Library/Python/3.9/lib/python/site-packages/openai/_base_client.py", line 1100, in request
    raise APIConnectionError(request=request) from err
openai.APIConnectionError: Connection error.
[24] сбой сети/API; повтор через 20 секунд
[24] попытка 2/3: Return and reflection
OPENAI_API_KEY is set.
Calling Image API (edit) with 1 image(s).
Traceback (most recent call last):
  File "/Users/mac/Library/Python/3.9/lib/python/site-packages/httpx/_transports/default.py", line 101, in map_httpcore_exceptions
    yield
  File "/Users/mac/Library/Python/3.9/lib/python/site-packages/httpx/_transports/default.py", line 250, in handle_request
    resp = self._pool.handle_request(req)
  File "/Users/mac/Library/Python/3.9/lib/python/site-packages/httpcore/_sync/connection_pool.py", line 256, in handle_request
    raise exc from None
  File "/Users/mac/Library/Python/3.9/lib/python/site-packages/httpcore/_sync/connection_pool.py", line 236, in handle_request
    response = connection.handle_request(
  File "/Users/mac/Library/Python/3.9/lib/python/site-packages/httpcore/_sync/connection.py", line 101, in handle_request
    raise exc
  File "/Users/mac/Library/Python/3.9/lib/python/site-packages/httpcore/_sync/connection.py", line 78, in handle_request
    stream = self._connect(request)
  File "/Users/mac/Library/Python/3.9/lib/python/site-packages/httpcore/_sync/connection.py", line 156, in _connect
    stream = stream.start_tls(**kwargs)
  File "/Users/mac/Library/Python/3.9/lib/python/site-packages/httpcore/_backends/sync.py", line 170, in start_tls
    raise exc
  File "/Library/Developer/CommandLineTools/Library/Frameworks/Python3.framework/Versions/3.9/lib/python3.9/contextlib.py", line 135, in __exit__
    self.gen.throw(type, value, traceback)
  File "/Users/mac/Library/Python/3.9/lib/python/site-packages/httpcore/_exceptions.py", line 14, in map_exceptions
    raise to_exc(exc) from exc
httpcore.ConnectTimeout: _ssl.c:1112: The handshake operation timed out

The above exception was the direct cause of the following exception:

Traceback (most recent call last):
  File "/Users/mac/Library/Python/3.9/lib/python/site-packages/openai/_base_client.py", line 1065, in request
    response = self._send_request(
  File "/Users/mac/Library/Python/3.9/lib/python/site-packages/openai/_client.py", line 483, in _send_request
    response = self._send_with_auth_retry(request, stream=stream, **kwargs)
  File "/Users/mac/Library/Python/3.9/lib/python/site-packages/openai/_client.py", line 461, in _send_with_auth_retry
    response = super()._send_request(request, stream=stream, **kwargs)
  File "/Users/mac/Library/Python/3.9/lib/python/site-packages/openai/_base_client.py", line 990, in _send_request
    return self._client.send(request, stream=stream, **kwargs)
  File "/Users/mac/Library/Python/3.9/lib/python/site-packages/httpx/_client.py", line 914, in send
    response = self._send_handling_auth(
  File "/Users/mac/Library/Python/3.9/lib/python/site-packages/httpx/_client.py", line 942, in _send_handling_auth
    response = self._send_handling_redirects(
  File "/Users/mac/Library/Python/3.9/lib/python/site-packages/httpx/_client.py", line 979, in _send_handling_redirects
    response = self._send_single_request(request)
  File "/Users/mac/Library/Python/3.9/lib/python/site-packages/httpx/_client.py", line 1014, in _send_single_request
    response = transport.handle_request(request)
  File "/Users/mac/Library/Python/3.9/lib/python/site-packages/httpx/_transports/default.py", line 250, in handle_request
    resp = self._pool.handle_request(req)
  File "/Library/Developer/CommandLineTools/Library/Frameworks/Python3.framework/Versions/3.9/lib/python3.9/contextlib.py", line 135, in __exit__
    self.gen.throw(type, value, traceback)
  File "/Users/mac/Library/Python/3.9/lib/python/site-packages/httpx/_transports/default.py", line 118, in map_httpcore_exceptions
    raise mapped_exc(message) from exc
httpx.ConnectTimeout: _ssl.c:1112: The handshake operation timed out

The above exception was the direct cause of the following exception:

Traceback (most recent call last):
  File "/Users/mac/.codex/skills/.system/imagegen/scripts/image_gen.py", line 995, in <module>
    raise SystemExit(main())
  File "/Users/mac/.codex/skills/.system/imagegen/scripts/image_gen.py", line 990, in main
    args.func(args)
  File "/Users/mac/.codex/skills/.system/imagegen/scripts/image_gen.py", line 831, in _edit
    result = client.images.edit(**request)
  File "/Users/mac/Library/Python/3.9/lib/python/site-packages/openai/_utils/_utils.py", line 298, in wrapper
    return func(*args, **kwargs)
  File "/Users/mac/Library/Python/3.9/lib/python/site-packages/openai/resources/images.py", line 570, in edit
    return self._post(
  File "/Users/mac/Library/Python/3.9/lib/python/site-packages/openai/_base_client.py", line 1360, in post
    return cast(ResponseT, self.request(cast_to, opts, stream=stream, stream_cls=stream_cls))
  File "/Users/mac/Library/Python/3.9/lib/python/site-packages/openai/_base_client.py", line 1083, in request
    raise APITimeoutError(request=request) from err
openai.APITimeoutError: Request timed out.
[24] сбой сети/API; повтор через 20 секунд
[24] попытка 3/3: Return and reflection
OPENAI_API_KEY is set.
Calling Image API (edit) with 1 image(s).
Traceback (most recent call last):
  File "/Users/mac/Library/Python/3.9/lib/python/site-packages/httpx/_transports/default.py", line 101, in map_httpcore_exceptions
    yield
  File "/Users/mac/Library/Python/3.9/lib/python/site-packages/httpx/_transports/default.py", line 250, in handle_request
    resp = self._pool.handle_request(req)
  File "/Users/mac/Library/Python/3.9/lib/python/site-packages/httpcore/_sync/connection_pool.py", line 256, in handle_request
    raise exc from None
  File "/Users/mac/Library/Python/3.9/lib/python/site-packages/httpcore/_sync/connection_pool.py", line 236, in handle_request
    response = connection.handle_request(
  File "/Users/mac/Library/Python/3.9/lib/python/site-packages/httpcore/_sync/connection.py", line 101, in handle_request
    raise exc
  File "/Users/mac/Library/Python/3.9/lib/python/site-packages/httpcore/_sync/connection.py", line 78, in handle_request
    stream = self._connect(request)
  File "/Users/mac/Library/Python/3.9/lib/python/site-packages/httpcore/_sync/connection.py", line 156, in _connect
    stream = stream.start_tls(**kwargs)
  File "/Users/mac/Library/Python/3.9/lib/python/site-packages/httpcore/_backends/sync.py", line 170, in start_tls
    raise exc
  File "/Library/Developer/CommandLineTools/Library/Frameworks/Python3.framework/Versions/3.9/lib/python3.9/contextlib.py", line 135, in __exit__
    self.gen.throw(type, value, traceback)
  File "/Users/mac/Library/Python/3.9/lib/python/site-packages/httpcore/_exceptions.py", line 14, in map_exceptions
    raise to_exc(exc) from exc
httpcore.ConnectError: [Errno 54] Connection reset by peer

The above exception was the direct cause of the following exception:

Traceback (most recent call last):
  File "/Users/mac/Library/Python/3.9/lib/python/site-packages/openai/_base_client.py", line 1065, in request
    response = self._send_request(
  File "/Users/mac/Library/Python/3.9/lib/python/site-packages/openai/_client.py", line 483, in _send_request
    response = self._send_with_auth_retry(request, stream=stream, **kwargs)
  File "/Users/mac/Library/Python/3.9/lib/python/site-packages/openai/_client.py", line 461, in _send_with_auth_retry
    response = super()._send_request(request, stream=stream, **kwargs)
  File "/Users/mac/Library/Python/3.9/lib/python/site-packages/openai/_base_client.py", line 990, in _send_request
    return self._client.send(request, stream=stream, **kwargs)
  File "/Users/mac/Library/Python/3.9/lib/python/site-packages/httpx/_client.py", line 914, in send
    response = self._send_handling_auth(
  File "/Users/mac/Library/Python/3.9/lib/python/site-packages/httpx/_client.py", line 942, in _send_handling_auth
    response = self._send_handling_redirects(
  File "/Users/mac/Library/Python/3.9/lib/python/site-packages/httpx/_client.py", line 979, in _send_handling_redirects
    response = self._send_single_request(request)
  File "/Users/mac/Library/Python/3.9/lib/python/site-packages/httpx/_client.py", line 1014, in _send_single_request
    response = transport.handle_request(request)
  File "/Users/mac/Library/Python/3.9/lib/python/site-packages/httpx/_transports/default.py", line 250, in handle_request
    resp = self._pool.handle_request(req)
  File "/Library/Developer/CommandLineTools/Library/Frameworks/Python3.framework/Versions/3.9/lib/python3.9/contextlib.py", line 135, in __exit__
    self.gen.throw(type, value, traceback)
  File "/Users/mac/Library/Python/3.9/lib/python/site-packages/httpx/_transports/default.py", line 118, in map_httpcore_exceptions
    raise mapped_exc(message) from exc
httpx.ConnectError: [Errno 54] Connection reset by peer

The above exception was the direct cause of the following exception:

Traceback (most recent call last):
  File "/Users/mac/.codex/skills/.system/imagegen/scripts/image_gen.py", line 995, in <module>
    raise SystemExit(main())
  File "/Users/mac/.codex/skills/.system/imagegen/scripts/image_gen.py", line 990, in main
    args.func(args)
  File "/Users/mac/.codex/skills/.system/imagegen/scripts/image_gen.py", line 831, in _edit
    result = client.images.edit(**request)
  File "/Users/mac/Library/Python/3.9/lib/python/site-packages/openai/_utils/_utils.py", line 298, in wrapper
    return func(*args, **kwargs)
  File "/Users/mac/Library/Python/3.9/lib/python/site-packages/openai/resources/images.py", line 570, in edit
    return self._post(
  File "/Users/mac/Library/Python/3.9/lib/python/site-packages/openai/_base_client.py", line 1360, in post
    return cast(ResponseT, self.request(cast_to, opts, stream=stream, stream_cls=stream_cls))
  File "/Users/mac/Library/Python/3.9/lib/python/site-packages/openai/_base_client.py", line 1100, in request
    raise APIConnectionError(request=request) from err
openai.APIConnectionError: Connection error.
[24] сбой сети/API; повтор через 20 секунд
[24] не удалось после трёх попыток — записано в render.log
[25] попытка 1/3: Innocence of spirit
OPENAI_API_KEY is set.
Calling Image API (edit) with 1 image(s).
Edit completed in 54.9s.
Wrote /Users/mac/Documents/astro-mcp/assets/cards/final/gate-25-spirit-v1.png
[25] готово: gate-25-spirit-v1.png
[26] попытка 1/3: Strategic persuasion
OPENAI_API_KEY is set.
Calling Image API (edit) with 1 image(s).
Edit completed in 48.4s.
Wrote /Users/mac/Documents/astro-mcp/assets/cards/final/gate-26-persuasion-v1.png
[26] готово: gate-26-persuasion-v1.png
[27] попытка 1/3: Care and nourishment
OPENAI_API_KEY is set.
Calling Image API (edit) with 1 image(s).
Traceback (most recent call last):
  File "/Users/mac/Library/Python/3.9/lib/python/site-packages/httpx/_transports/default.py", line 101, in map_httpcore_exceptions
    yield
  File "/Users/mac/Library/Python/3.9/lib/python/site-packages/httpx/_transports/default.py", line 250, in handle_request
    resp = self._pool.handle_request(req)
  File "/Users/mac/Library/Python/3.9/lib/python/site-packages/httpcore/_sync/connection_pool.py", line 256, in handle_request
    raise exc from None
  File "/Users/mac/Library/Python/3.9/lib/python/site-packages/httpcore/_sync/connection_pool.py", line 236, in handle_request
    response = connection.handle_request(
  File "/Users/mac/Library/Python/3.9/lib/python/site-packages/httpcore/_sync/connection.py", line 103, in handle_request
    return self._connection.handle_request(request)
  File "/Users/mac/Library/Python/3.9/lib/python/site-packages/httpcore/_sync/http11.py", line 136, in handle_request
    raise exc
  File "/Users/mac/Library/Python/3.9/lib/python/site-packages/httpcore/_sync/http11.py", line 106, in handle_request
    ) = self._receive_response_headers(**kwargs)
  File "/Users/mac/Library/Python/3.9/lib/python/site-packages/httpcore/_sync/http11.py", line 177, in _receive_response_headers
    event = self._receive_event(timeout=timeout)
  File "/Users/mac/Library/Python/3.9/lib/python/site-packages/httpcore/_sync/http11.py", line 217, in _receive_event
    data = self._network_stream.read(
  File "/Users/mac/Library/Python/3.9/lib/python/site-packages/httpcore/_backends/sync.py", line 128, in read
    return self._sock.recv(max_bytes)
  File "/Library/Developer/CommandLineTools/Library/Frameworks/Python3.framework/Versions/3.9/lib/python3.9/contextlib.py", line 135, in __exit__
    self.gen.throw(type, value, traceback)
  File "/Users/mac/Library/Python/3.9/lib/python/site-packages/httpcore/_exceptions.py", line 14, in map_exceptions
    raise to_exc(exc) from exc
httpcore.ReadError: [Errno 54] Connection reset by peer

The above exception was the direct cause of the following exception:

Traceback (most recent call last):
  File "/Users/mac/Library/Python/3.9/lib/python/site-packages/openai/_base_client.py", line 1065, in request
    response = self._send_request(
  File "/Users/mac/Library/Python/3.9/lib/python/site-packages/openai/_client.py", line 483, in _send_request
    response = self._send_with_auth_retry(request, stream=stream, **kwargs)
  File "/Users/mac/Library/Python/3.9/lib/python/site-packages/openai/_client.py", line 461, in _send_with_auth_retry
    response = super()._send_request(request, stream=stream, **kwargs)
  File "/Users/mac/Library/Python/3.9/lib/python/site-packages/openai/_base_client.py", line 990, in _send_request
    return self._client.send(request, stream=stream, **kwargs)
  File "/Users/mac/Library/Python/3.9/lib/python/site-packages/httpx/_client.py", line 914, in send
    response = self._send_handling_auth(
  File "/Users/mac/Library/Python/3.9/lib/python/site-packages/httpx/_client.py", line 942, in _send_handling_auth
    response = self._send_handling_redirects(
  File "/Users/mac/Library/Python/3.9/lib/python/site-packages/httpx/_client.py", line 979, in _send_handling_redirects
    response = self._send_single_request(request)
  File "/Users/mac/Library/Python/3.9/lib/python/site-packages/httpx/_client.py", line 1014, in _send_single_request
    response = transport.handle_request(request)
  File "/Users/mac/Library/Python/3.9/lib/python/site-packages/httpx/_transports/default.py", line 250, in handle_request
    resp = self._pool.handle_request(req)
  File "/Library/Developer/CommandLineTools/Library/Frameworks/Python3.framework/Versions/3.9/lib/python3.9/contextlib.py", line 135, in __exit__
    self.gen.throw(type, value, traceback)
  File "/Users/mac/Library/Python/3.9/lib/python/site-packages/httpx/_transports/default.py", line 118, in map_httpcore_exceptions
    raise mapped_exc(message) from exc
httpx.ReadError: [Errno 54] Connection reset by peer

The above exception was the direct cause of the following exception:

Traceback (most recent call last):
  File "/Users/mac/.codex/skills/.system/imagegen/scripts/image_gen.py", line 995, in <module>
    raise SystemExit(main())
  File "/Users/mac/.codex/skills/.system/imagegen/scripts/image_gen.py", line 990, in main
    args.func(args)
  File "/Users/mac/.codex/skills/.system/imagegen/scripts/image_gen.py", line 831, in _edit
    result = client.images.edit(**request)
  File "/Users/mac/Library/Python/3.9/lib/python/site-packages/openai/_utils/_utils.py", line 298, in wrapper
    return func(*args, **kwargs)
  File "/Users/mac/Library/Python/3.9/lib/python/site-packages/openai/resources/images.py", line 570, in edit
    return self._post(
  File "/Users/mac/Library/Python/3.9/lib/python/site-packages/openai/_base_client.py", line 1360, in post
    return cast(ResponseT, self.request(cast_to, opts, stream=stream, stream_cls=stream_cls))
  File "/Users/mac/Library/Python/3.9/lib/python/site-packages/openai/_base_client.py", line 1100, in request
    raise APIConnectionError(request=request) from err
openai.APIConnectionError: Connection error.
[27] сбой сети/API; повтор через 20 секунд
[27] попытка 2/3: Care and nourishment
OPENAI_API_KEY is set.
Calling Image API (edit) with 1 image(s).
Traceback (most recent call last):
  File "/Users/mac/Library/Python/3.9/lib/python/site-packages/httpx/_transports/default.py", line 101, in map_httpcore_exceptions
    yield
  File "/Users/mac/Library/Python/3.9/lib/python/site-packages/httpx/_transports/default.py", line 250, in handle_request
    resp = self._pool.handle_request(req)
  File "/Users/mac/Library/Python/3.9/lib/python/site-packages/httpcore/_sync/connection_pool.py", line 256, in handle_request
    raise exc from None
  File "/Users/mac/Library/Python/3.9/lib/python/site-packages/httpcore/_sync/connection_pool.py", line 236, in handle_request
    response = connection.handle_request(
  File "/Users/mac/Library/Python/3.9/lib/python/site-packages/httpcore/_sync/connection.py", line 103, in handle_request
    return self._connection.handle_request(request)
  File "/Users/mac/Library/Python/3.9/lib/python/site-packages/httpcore/_sync/http11.py", line 136, in handle_request
    raise exc
  File "/Users/mac/Library/Python/3.9/lib/python/site-packages/httpcore/_sync/http11.py", line 106, in handle_request
    ) = self._receive_response_headers(**kwargs)
  File "/Users/mac/Library/Python/3.9/lib/python/site-packages/httpcore/_sync/http11.py", line 177, in _receive_response_headers
    event = self._receive_event(timeout=timeout)
  File "/Users/mac/Library/Python/3.9/lib/python/site-packages/httpcore/_sync/http11.py", line 217, in _receive_event
    data = self._network_stream.read(
  File "/Users/mac/Library/Python/3.9/lib/python/site-packages/httpcore/_backends/sync.py", line 128, in read
    return self._sock.recv(max_bytes)
  File "/Library/Developer/CommandLineTools/Library/Frameworks/Python3.framework/Versions/3.9/lib/python3.9/contextlib.py", line 135, in __exit__
    self.gen.throw(type, value, traceback)
  File "/Users/mac/Library/Python/3.9/lib/python/site-packages/httpcore/_exceptions.py", line 14, in map_exceptions
    raise to_exc(exc) from exc
httpcore.ReadError: [Errno 54] Connection reset by peer

The above exception was the direct cause of the following exception:

Traceback (most recent call last):
  File "/Users/mac/Library/Python/3.9/lib/python/site-packages/openai/_base_client.py", line 1065, in request
    response = self._send_request(
  File "/Users/mac/Library/Python/3.9/lib/python/site-packages/openai/_client.py", line 483, in _send_request
    response = self._send_with_auth_retry(request, stream=stream, **kwargs)
  File "/Users/mac/Library/Python/3.9/lib/python/site-packages/openai/_client.py", line 461, in _send_with_auth_retry
    response = super()._send_request(request, stream=stream, **kwargs)
  File "/Users/mac/Library/Python/3.9/lib/python/site-packages/openai/_base_client.py", line 990, in _send_request
    return self._client.send(request, stream=stream, **kwargs)
  File "/Users/mac/Library/Python/3.9/lib/python/site-packages/httpx/_client.py", line 914, in send
    response = self._send_handling_auth(
  File "/Users/mac/Library/Python/3.9/lib/python/site-packages/httpx/_client.py", line 942, in _send_handling_auth
    response = self._send_handling_redirects(
  File "/Users/mac/Library/Python/3.9/lib/python/site-packages/httpx/_client.py", line 979, in _send_handling_redirects
    response = self._send_single_request(request)
  File "/Users/mac/Library/Python/3.9/lib/python/site-packages/httpx/_client.py", line 1014, in _send_single_request
    response = transport.handle_request(request)
  File "/Users/mac/Library/Python/3.9/lib/python/site-packages/httpx/_transports/default.py", line 250, in handle_request
    resp = self._pool.handle_request(req)
  File "/Library/Developer/CommandLineTools/Library/Frameworks/Python3.framework/Versions/3.9/lib/python3.9/contextlib.py", line 135, in __exit__
    self.gen.throw(type, value, traceback)
  File "/Users/mac/Library/Python/3.9/lib/python/site-packages/httpx/_transports/default.py", line 118, in map_httpcore_exceptions
    raise mapped_exc(message) from exc
httpx.ReadError: [Errno 54] Connection reset by peer

The above exception was the direct cause of the following exception:

Traceback (most recent call last):
  File "/Users/mac/.codex/skills/.system/imagegen/scripts/image_gen.py", line 995, in <module>
    raise SystemExit(main())
  File "/Users/mac/.codex/skills/.system/imagegen/scripts/image_gen.py", line 990, in main
    args.func(args)
  File "/Users/mac/.codex/skills/.system/imagegen/scripts/image_gen.py", line 831, in _edit
    result = client.images.edit(**request)
  File "/Users/mac/Library/Python/3.9/lib/python/site-packages/openai/_utils/_utils.py", line 298, in wrapper
    return func(*args, **kwargs)
  File "/Users/mac/Library/Python/3.9/lib/python/site-packages/openai/resources/images.py", line 570, in edit
    return self._post(
  File "/Users/mac/Library/Python/3.9/lib/python/site-packages/openai/_base_client.py", line 1360, in post
    return cast(ResponseT, self.request(cast_to, opts, stream=stream, stream_cls=stream_cls))
  File "/Users/mac/Library/Python/3.9/lib/python/site-packages/openai/_base_client.py", line 1100, in request
    raise APIConnectionError(request=request) from err
openai.APIConnectionError: Connection error.
[27] сбой сети/API; повтор через 20 секунд
[27] попытка 3/3: Care and nourishment
OPENAI_API_KEY is set.
Calling Image API (edit) with 1 image(s).
Traceback (most recent call last):
  File "/Users/mac/Library/Python/3.9/lib/python/site-packages/httpx/_transports/default.py", line 101, in map_httpcore_exceptions
    yield
  File "/Users/mac/Library/Python/3.9/lib/python/site-packages/httpx/_transports/default.py", line 250, in handle_request
    resp = self._pool.handle_request(req)
  File "/Users/mac/Library/Python/3.9/lib/python/site-packages/httpcore/_sync/connection_pool.py", line 256, in handle_request
    raise exc from None
  File "/Users/mac/Library/Python/3.9/lib/python/site-packages/httpcore/_sync/connection_pool.py", line 236, in handle_request
    response = connection.handle_request(
  File "/Users/mac/Library/Python/3.9/lib/python/site-packages/httpcore/_sync/connection.py", line 103, in handle_request
    return self._connection.handle_request(request)
  File "/Users/mac/Library/Python/3.9/lib/python/site-packages/httpcore/_sync/http11.py", line 136, in handle_request
    raise exc
  File "/Users/mac/Library/Python/3.9/lib/python/site-packages/httpcore/_sync/http11.py", line 106, in handle_request
    ) = self._receive_response_headers(**kwargs)
  File "/Users/mac/Library/Python/3.9/lib/python/site-packages/httpcore/_sync/http11.py", line 177, in _receive_response_headers
    event = self._receive_event(timeout=timeout)
  File "/Users/mac/Library/Python/3.9/lib/python/site-packages/httpcore/_sync/http11.py", line 217, in _receive_event
    data = self._network_stream.read(
  File "/Users/mac/Library/Python/3.9/lib/python/site-packages/httpcore/_backends/sync.py", line 128, in read
    return self._sock.recv(max_bytes)
  File "/Library/Developer/CommandLineTools/Library/Frameworks/Python3.framework/Versions/3.9/lib/python3.9/contextlib.py", line 135, in __exit__
    self.gen.throw(type, value, traceback)
  File "/Users/mac/Library/Python/3.9/lib/python/site-packages/httpcore/_exceptions.py", line 14, in map_exceptions
    raise to_exc(exc) from exc
httpcore.ReadError: [Errno 54] Connection reset by peer

The above exception was the direct cause of the following exception:

Traceback (most recent call last):
  File "/Users/mac/Library/Python/3.9/lib/python/site-packages/openai/_base_client.py", line 1065, in request
    response = self._send_request(
  File "/Users/mac/Library/Python/3.9/lib/python/site-packages/openai/_client.py", line 483, in _send_request
    response = self._send_with_auth_retry(request, stream=stream, **kwargs)
  File "/Users/mac/Library/Python/3.9/lib/python/site-packages/openai/_client.py", line 461, in _send_with_auth_retry
    response = super()._send_request(request, stream=stream, **kwargs)
  File "/Users/mac/Library/Python/3.9/lib/python/site-packages/openai/_base_client.py", line 990, in _send_request
    return self._client.send(request, stream=stream, **kwargs)
  File "/Users/mac/Library/Python/3.9/lib/python/site-packages/httpx/_client.py", line 914, in send
    response = self._send_handling_auth(
  File "/Users/mac/Library/Python/3.9/lib/python/site-packages/httpx/_client.py", line 942, in _send_handling_auth
    response = self._send_handling_redirects(
  File "/Users/mac/Library/Python/3.9/lib/python/site-packages/httpx/_client.py", line 979, in _send_handling_redirects
    response = self._send_single_request(request)
  File "/Users/mac/Library/Python/3.9/lib/python/site-packages/httpx/_client.py", line 1014, in _send_single_request
    response = transport.handle_request(request)
  File "/Users/mac/Library/Python/3.9/lib/python/site-packages/httpx/_transports/default.py", line 250, in handle_request
    resp = self._pool.handle_request(req)
  File "/Library/Developer/CommandLineTools/Library/Frameworks/Python3.framework/Versions/3.9/lib/python3.9/contextlib.py", line 135, in __exit__
    self.gen.throw(type, value, traceback)
  File "/Users/mac/Library/Python/3.9/lib/python/site-packages/httpx/_transports/default.py", line 118, in map_httpcore_exceptions
    raise mapped_exc(message) from exc
httpx.ReadError: [Errno 54] Connection reset by peer

The above exception was the direct cause of the following exception:

Traceback (most recent call last):
  File "/Users/mac/.codex/skills/.system/imagegen/scripts/image_gen.py", line 995, in <module>
    raise SystemExit(main())
  File "/Users/mac/.codex/skills/.system/imagegen/scripts/image_gen.py", line 990, in main
    args.func(args)
  File "/Users/mac/.codex/skills/.system/imagegen/scripts/image_gen.py", line 831, in _edit
    result = client.images.edit(**request)
  File "/Users/mac/Library/Python/3.9/lib/python/site-packages/openai/_utils/_utils.py", line 298, in wrapper
    return func(*args, **kwargs)
  File "/Users/mac/Library/Python/3.9/lib/python/site-packages/openai/resources/images.py", line 570, in edit
    return self._post(
  File "/Users/mac/Library/Python/3.9/lib/python/site-packages/openai/_base_client.py", line 1360, in post
    return cast(ResponseT, self.request(cast_to, opts, stream=stream, stream_cls=stream_cls))
  File "/Users/mac/Library/Python/3.9/lib/python/site-packages/openai/_base_client.py", line 1100, in request
    raise APIConnectionError(request=request) from err
openai.APIConnectionError: Connection error.
[27] сбой сети/API; повтор через 20 секунд
[27] не удалось после трёх попыток — записано в render.log
[28] попытка 1/3: The meaningful struggle
OPENAI_API_KEY is set.
Calling Image API (edit) with 1 image(s).
Edit completed in 686.4s.
Wrote /Users/mac/Documents/astro-mcp/assets/cards/final/gate-28-risk-v1.png
[28] готово: gate-28-risk-v1.png
[29] попытка 1/3: Commitment
OPENAI_API_KEY is set.
Calling Image API (edit) with 1 image(s).
Edit completed in 48.8s.
Wrote /Users/mac/Documents/astro-mcp/assets/cards/final/gate-29-commitment-v1.png
[29] готово: gate-29-commitment-v1.png
[30] попытка 1/3: Feelings and desire
OPENAI_API_KEY is set.
Calling Image API (edit) with 1 image(s).
Edit completed in 45.8s.
Wrote /Users/mac/Documents/astro-mcp/assets/cards/final/gate-30-desire-v1.png
[30] готово: gate-30-desire-v1.png
[31] попытка 1/3: Influence and leadership
OPENAI_API_KEY is set.
Calling Image API (edit) with 1 image(s).
Edit completed in 49.8s.
Wrote /Users/mac/Documents/astro-mcp/assets/cards/final/gate-31-leadership-v1.png
[31] готово: gate-31-leadership-v1.png
[32] попытка 1/3: Continuity
OPENAI_API_KEY is set.
Calling Image API (edit) with 1 image(s).
Edit completed in 52.7s.
Wrote /Users/mac/Documents/astro-mcp/assets/cards/final/gate-32-continuity-v1.png
[32] готово: gate-32-continuity-v1.png
[33] попытка 1/3: Retreat and privacy
OPENAI_API_KEY is set.
Calling Image API (edit) with 1 image(s).
Traceback (most recent call last):
  File "/Users/mac/Library/Python/3.9/lib/python/site-packages/httpx/_transports/default.py", line 101, in map_httpcore_exceptions
    yield
  File "/Users/mac/Library/Python/3.9/lib/python/site-packages/httpx/_transports/default.py", line 250, in handle_request
    resp = self._pool.handle_request(req)
  File "/Users/mac/Library/Python/3.9/lib/python/site-packages/httpcore/_sync/connection_pool.py", line 256, in handle_request
    raise exc from None
  File "/Users/mac/Library/Python/3.9/lib/python/site-packages/httpcore/_sync/connection_pool.py", line 236, in handle_request
    response = connection.handle_request(
  File "/Users/mac/Library/Python/3.9/lib/python/site-packages/httpcore/_sync/connection.py", line 103, in handle_request
    return self._connection.handle_request(request)
  File "/Users/mac/Library/Python/3.9/lib/python/site-packages/httpcore/_sync/http11.py", line 136, in handle_request
    raise exc
  File "/Users/mac/Library/Python/3.9/lib/python/site-packages/httpcore/_sync/http11.py", line 106, in handle_request
    ) = self._receive_response_headers(**kwargs)
  File "/Users/mac/Library/Python/3.9/lib/python/site-packages/httpcore/_sync/http11.py", line 177, in _receive_response_headers
    event = self._receive_event(timeout=timeout)
  File "/Users/mac/Library/Python/3.9/lib/python/site-packages/httpcore/_sync/http11.py", line 217, in _receive_event
    data = self._network_stream.read(
  File "/Users/mac/Library/Python/3.9/lib/python/site-packages/httpcore/_backends/sync.py", line 128, in read
    return self._sock.recv(max_bytes)
  File "/Library/Developer/CommandLineTools/Library/Frameworks/Python3.framework/Versions/3.9/lib/python3.9/contextlib.py", line 135, in __exit__
    self.gen.throw(type, value, traceback)
  File "/Users/mac/Library/Python/3.9/lib/python/site-packages/httpcore/_exceptions.py", line 14, in map_exceptions
    raise to_exc(exc) from exc
httpcore.ReadError: [Errno 54] Connection reset by peer

The above exception was the direct cause of the following exception:

Traceback (most recent call last):
  File "/Users/mac/Library/Python/3.9/lib/python/site-packages/openai/_base_client.py", line 1065, in request
    response = self._send_request(
  File "/Users/mac/Library/Python/3.9/lib/python/site-packages/openai/_client.py", line 483, in _send_request
    response = self._send_with_auth_retry(request, stream=stream, **kwargs)
  File "/Users/mac/Library/Python/3.9/lib/python/site-packages/openai/_client.py", line 461, in _send_with_auth_retry
    response = super()._send_request(request, stream=stream, **kwargs)
  File "/Users/mac/Library/Python/3.9/lib/python/site-packages/openai/_base_client.py", line 990, in _send_request
    return self._client.send(request, stream=stream, **kwargs)
  File "/Users/mac/Library/Python/3.9/lib/python/site-packages/httpx/_client.py", line 914, in send
    response = self._send_handling_auth(
  File "/Users/mac/Library/Python/3.9/lib/python/site-packages/httpx/_client.py", line 942, in _send_handling_auth
    response = self._send_handling_redirects(
  File "/Users/mac/Library/Python/3.9/lib/python/site-packages/httpx/_client.py", line 979, in _send_handling_redirects
    response = self._send_single_request(request)
  File "/Users/mac/Library/Python/3.9/lib/python/site-packages/httpx/_client.py", line 1014, in _send_single_request
    response = transport.handle_request(request)
  File "/Users/mac/Library/Python/3.9/lib/python/site-packages/httpx/_transports/default.py", line 250, in handle_request
    resp = self._pool.handle_request(req)
  File "/Library/Developer/CommandLineTools/Library/Frameworks/Python3.framework/Versions/3.9/lib/python3.9/contextlib.py", line 135, in __exit__
    self.gen.throw(type, value, traceback)
  File "/Users/mac/Library/Python/3.9/lib/python/site-packages/httpx/_transports/default.py", line 118, in map_httpcore_exceptions
    raise mapped_exc(message) from exc
httpx.ReadError: [Errno 54] Connection reset by peer

The above exception was the direct cause of the following exception:

Traceback (most recent call last):
  File "/Users/mac/.codex/skills/.system/imagegen/scripts/image_gen.py", line 995, in <module>
    raise SystemExit(main())
  File "/Users/mac/.codex/skills/.system/imagegen/scripts/image_gen.py", line 990, in main
    args.func(args)
  File "/Users/mac/.codex/skills/.system/imagegen/scripts/image_gen.py", line 831, in _edit
    result = client.images.edit(**request)
  File "/Users/mac/Library/Python/3.9/lib/python/site-packages/openai/_utils/_utils.py", line 298, in wrapper
    return func(*args, **kwargs)
  File "/Users/mac/Library/Python/3.9/lib/python/site-packages/openai/resources/images.py", line 570, in edit
    return self._post(
  File "/Users/mac/Library/Python/3.9/lib/python/site-packages/openai/_base_client.py", line 1360, in post
    return cast(ResponseT, self.request(cast_to, opts, stream=stream, stream_cls=stream_cls))
  File "/Users/mac/Library/Python/3.9/lib/python/site-packages/openai/_base_client.py", line 1100, in request
    raise APIConnectionError(request=request) from err
openai.APIConnectionError: Connection error.
[33] сбой сети/API; повтор через 20 секунд
[33] попытка 2/3: Retreat and privacy
OPENAI_API_KEY is set.
Calling Image API (edit) with 1 image(s).
Edit completed in 686.9s.
Wrote /Users/mac/Documents/astro-mcp/assets/cards/final/gate-33-retreat-v1.png
[33] готово: gate-33-retreat-v1.png
[34] попытка 1/3: Personal force
OPENAI_API_KEY is set.
Calling Image API (edit) with 1 image(s).
Edit completed in 52.6s.
Wrote /Users/mac/Documents/astro-mcp/assets/cards/final/gate-34-power-v1.png
[34] готово: gate-34-power-v1.png
[35] попытка 1/3: Progress through experience
OPENAI_API_KEY is set.
Calling Image API (edit) with 1 image(s).
Edit completed in 62.5s.
Wrote /Users/mac/Documents/astro-mcp/assets/cards/final/gate-35-change-v1.png
[35] готово: gate-35-change-v1.png
[36] попытка 1/3: Emotional crisis
OPENAI_API_KEY is set.
Calling Image API (edit) with 1 image(s).
Edit completed in 47.0s.
Wrote /Users/mac/Documents/astro-mcp/assets/cards/final/gate-36-crisis-v1.png
[36] готово: gate-36-crisis-v1.png
[37] попытка 1/3: Family and agreements
OPENAI_API_KEY is set.
Calling Image API (edit) with 1 image(s).
Edit completed in 49.2s.
Wrote /Users/mac/Documents/astro-mcp/assets/cards/final/gate-37-belonging-v1.png
[37] готово: gate-37-belonging-v1.png
[38] попытка 1/3: The fighter
OPENAI_API_KEY is set.
Calling Image API (edit) with 1 image(s).
Edit completed in 49.5s.
Wrote /Users/mac/Documents/astro-mcp/assets/cards/final/gate-38-struggle-v1.png
[38] готово: gate-38-struggle-v1.png
[39] попытка 1/3: Provocation
OPENAI_API_KEY is set.
Calling Image API (edit) with 1 image(s).
Edit completed in 690.4s.
Wrote /Users/mac/Documents/astro-mcp/assets/cards/final/gate-39-provocation-v1.png
[39] готово: gate-39-provocation-v1.png
[40] попытка 1/3: Work and solitude
OPENAI_API_KEY is set.
Calling Image API (edit) with 1 image(s).
Edit completed in 50.4s.
Wrote /Users/mac/Documents/astro-mcp/assets/cards/final/gate-40-solitude-v1.png
[40] готово: gate-40-solitude-v1.png
[41] попытка 1/3: The first spark of desire
OPENAI_API_KEY is set.
Calling Image API (edit) with 1 image(s).
Traceback (most recent call last):
  File "/Users/mac/Library/Python/3.9/lib/python/site-packages/httpx/_transports/default.py", line 101, in map_httpcore_exceptions
    yield
  File "/Users/mac/Library/Python/3.9/lib/python/site-packages/httpx/_transports/default.py", line 250, in handle_request
    resp = self._pool.handle_request(req)
  File "/Users/mac/Library/Python/3.9/lib/python/site-packages/httpcore/_sync/connection_pool.py", line 256, in handle_request
    raise exc from None
  File "/Users/mac/Library/Python/3.9/lib/python/site-packages/httpcore/_sync/connection_pool.py", line 236, in handle_request
    response = connection.handle_request(
  File "/Users/mac/Library/Python/3.9/lib/python/site-packages/httpcore/_sync/connection.py", line 103, in handle_request
    return self._connection.handle_request(request)
  File "/Users/mac/Library/Python/3.9/lib/python/site-packages/httpcore/_sync/http11.py", line 136, in handle_request
    raise exc
  File "/Users/mac/Library/Python/3.9/lib/python/site-packages/httpcore/_sync/http11.py", line 106, in handle_request
    ) = self._receive_response_headers(**kwargs)
  File "/Users/mac/Library/Python/3.9/lib/python/site-packages/httpcore/_sync/http11.py", line 177, in _receive_response_headers
    event = self._receive_event(timeout=timeout)
  File "/Users/mac/Library/Python/3.9/lib/python/site-packages/httpcore/_sync/http11.py", line 217, in _receive_event
    data = self._network_stream.read(
  File "/Users/mac/Library/Python/3.9/lib/python/site-packages/httpcore/_backends/sync.py", line 128, in read
    return self._sock.recv(max_bytes)
  File "/Library/Developer/CommandLineTools/Library/Frameworks/Python3.framework/Versions/3.9/lib/python3.9/contextlib.py", line 135, in __exit__
    self.gen.throw(type, value, traceback)
  File "/Users/mac/Library/Python/3.9/lib/python/site-packages/httpcore/_exceptions.py", line 14, in map_exceptions
    raise to_exc(exc) from exc
httpcore.ReadError: [Errno 54] Connection reset by peer

The above exception was the direct cause of the following exception:

Traceback (most recent call last):
  File "/Users/mac/Library/Python/3.9/lib/python/site-packages/openai/_base_client.py", line 1065, in request
    response = self._send_request(
  File "/Users/mac/Library/Python/3.9/lib/python/site-packages/openai/_client.py", line 483, in _send_request
    response = self._send_with_auth_retry(request, stream=stream, **kwargs)
  File "/Users/mac/Library/Python/3.9/lib/python/site-packages/openai/_client.py", line 461, in _send_with_auth_retry
    response = super()._send_request(request, stream=stream, **kwargs)
  File "/Users/mac/Library/Python/3.9/lib/python/site-packages/openai/_base_client.py", line 990, in _send_request
    return self._client.send(request, stream=stream, **kwargs)
  File "/Users/mac/Library/Python/3.9/lib/python/site-packages/httpx/_client.py", line 914, in send
    response = self._send_handling_auth(
  File "/Users/mac/Library/Python/3.9/lib/python/site-packages/httpx/_client.py", line 942, in _send_handling_auth
    response = self._send_handling_redirects(
  File "/Users/mac/Library/Python/3.9/lib/python/site-packages/httpx/_client.py", line 979, in _send_handling_redirects
    response = self._send_single_request(request)
  File "/Users/mac/Library/Python/3.9/lib/python/site-packages/httpx/_client.py", line 1014, in _send_single_request
    response = transport.handle_request(request)
  File "/Users/mac/Library/Python/3.9/lib/python/site-packages/httpx/_transports/default.py", line 250, in handle_request
    resp = self._pool.handle_request(req)
  File "/Library/Developer/CommandLineTools/Library/Frameworks/Python3.framework/Versions/3.9/lib/python3.9/contextlib.py", line 135, in __exit__
    self.gen.throw(type, value, traceback)
  File "/Users/mac/Library/Python/3.9/lib/python/site-packages/httpx/_transports/default.py", line 118, in map_httpcore_exceptions
    raise mapped_exc(message) from exc
httpx.ReadError: [Errno 54] Connection reset by peer

The above exception was the direct cause of the following exception:

Traceback (most recent call last):
  File "/Users/mac/.codex/skills/.system/imagegen/scripts/image_gen.py", line 995, in <module>
    raise SystemExit(main())
  File "/Users/mac/.codex/skills/.system/imagegen/scripts/image_gen.py", line 990, in main
    args.func(args)
  File "/Users/mac/.codex/skills/.system/imagegen/scripts/image_gen.py", line 831, in _edit
    result = client.images.edit(**request)
  File "/Users/mac/Library/Python/3.9/lib/python/site-packages/openai/_utils/_utils.py", line 298, in wrapper
    return func(*args, **kwargs)
  File "/Users/mac/Library/Python/3.9/lib/python/site-packages/openai/resources/images.py", line 570, in edit
    return self._post(
  File "/Users/mac/Library/Python/3.9/lib/python/site-packages/openai/_base_client.py", line 1360, in post
    return cast(ResponseT, self.request(cast_to, opts, stream=stream, stream_cls=stream_cls))
  File "/Users/mac/Library/Python/3.9/lib/python/site-packages/openai/_base_client.py", line 1100, in request
    raise APIConnectionError(request=request) from err
openai.APIConnectionError: Connection error.
[41] сбой сети/API; повтор через 20 секунд
[41] попытка 2/3: The first spark of desire
OPENAI_API_KEY is set.
Calling Image API (edit) with 1 image(s).
Traceback (most recent call last):
  File "/Users/mac/Library/Python/3.9/lib/python/site-packages/httpx/_transports/default.py", line 101, in map_httpcore_exceptions
    yield
  File "/Users/mac/Library/Python/3.9/lib/python/site-packages/httpx/_transports/default.py", line 250, in handle_request
    resp = self._pool.handle_request(req)
  File "/Users/mac/Library/Python/3.9/lib/python/site-packages/httpcore/_sync/connection_pool.py", line 256, in handle_request
    raise exc from None
  File "/Users/mac/Library/Python/3.9/lib/python/site-packages/httpcore/_sync/connection_pool.py", line 236, in handle_request
    response = connection.handle_request(
  File "/Users/mac/Library/Python/3.9/lib/python/site-packages/httpcore/_sync/connection.py", line 103, in handle_request
    return self._connection.handle_request(request)
  File "/Users/mac/Library/Python/3.9/lib/python/site-packages/httpcore/_sync/http11.py", line 136, in handle_request
    raise exc
  File "/Users/mac/Library/Python/3.9/lib/python/site-packages/httpcore/_sync/http11.py", line 106, in handle_request
    ) = self._receive_response_headers(**kwargs)
  File "/Users/mac/Library/Python/3.9/lib/python/site-packages/httpcore/_sync/http11.py", line 177, in _receive_response_headers
    event = self._receive_event(timeout=timeout)
  File "/Users/mac/Library/Python/3.9/lib/python/site-packages/httpcore/_sync/http11.py", line 217, in _receive_event
    data = self._network_stream.read(
  File "/Users/mac/Library/Python/3.9/lib/python/site-packages/httpcore/_backends/sync.py", line 128, in read
    return self._sock.recv(max_bytes)
  File "/Library/Developer/CommandLineTools/Library/Frameworks/Python3.framework/Versions/3.9/lib/python3.9/contextlib.py", line 135, in __exit__
    self.gen.throw(type, value, traceback)
  File "/Users/mac/Library/Python/3.9/lib/python/site-packages/httpcore/_exceptions.py", line 14, in map_exceptions
    raise to_exc(exc) from exc
httpcore.ReadError: [Errno 54] Connection reset by peer

The above exception was the direct cause of the following exception:

Traceback (most recent call last):
  File "/Users/mac/Library/Python/3.9/lib/python/site-packages/openai/_base_client.py", line 1065, in request
    response = self._send_request(
  File "/Users/mac/Library/Python/3.9/lib/python/site-packages/openai/_client.py", line 483, in _send_request
    response = self._send_with_auth_retry(request, stream=stream, **kwargs)
  File "/Users/mac/Library/Python/3.9/lib/python/site-packages/openai/_client.py", line 461, in _send_with_auth_retry
    response = super()._send_request(request, stream=stream, **kwargs)
  File "/Users/mac/Library/Python/3.9/lib/python/site-packages/openai/_base_client.py", line 990, in _send_request
    return self._client.send(request, stream=stream, **kwargs)
  File "/Users/mac/Library/Python/3.9/lib/python/site-packages/httpx/_client.py", line 914, in send
    response = self._send_handling_auth(
  File "/Users/mac/Library/Python/3.9/lib/python/site-packages/httpx/_client.py", line 942, in _send_handling_auth
    response = self._send_handling_redirects(
  File "/Users/mac/Library/Python/3.9/lib/python/site-packages/httpx/_client.py", line 979, in _send_handling_redirects
    response = self._send_single_request(request)
  File "/Users/mac/Library/Python/3.9/lib/python/site-packages/httpx/_client.py", line 1014, in _send_single_request
    response = transport.handle_request(request)
  File "/Users/mac/Library/Python/3.9/lib/python/site-packages/httpx/_transports/default.py", line 250, in handle_request
    resp = self._pool.handle_request(req)
  File "/Library/Developer/CommandLineTools/Library/Frameworks/Python3.framework/Versions/3.9/lib/python3.9/contextlib.py", line 135, in __exit__
    self.gen.throw(type, value, traceback)
  File "/Users/mac/Library/Python/3.9/lib/python/site-packages/httpx/_transports/default.py", line 118, in map_httpcore_exceptions
    raise mapped_exc(message) from exc
httpx.ReadError: [Errno 54] Connection reset by peer

The above exception was the direct cause of the following exception:

Traceback (most recent call last):
  File "/Users/mac/.codex/skills/.system/imagegen/scripts/image_gen.py", line 995, in <module>
    raise SystemExit(main())
  File "/Users/mac/.codex/skills/.system/imagegen/scripts/image_gen.py", line 990, in main
    args.func(args)
  File "/Users/mac/.codex/skills/.system/imagegen/scripts/image_gen.py", line 831, in _edit
    result = client.images.edit(**request)
  File "/Users/mac/Library/Python/3.9/lib/python/site-packages/openai/_utils/_utils.py", line 298, in wrapper
    return func(*args, **kwargs)
  File "/Users/mac/Library/Python/3.9/lib/python/site-packages/openai/resources/images.py", line 570, in edit
    return self._post(
  File "/Users/mac/Library/Python/3.9/lib/python/site-packages/openai/_base_client.py", line 1360, in post
    return cast(ResponseT, self.request(cast_to, opts, stream=stream, stream_cls=stream_cls))
  File "/Users/mac/Library/Python/3.9/lib/python/site-packages/openai/_base_client.py", line 1100, in request
    raise APIConnectionError(request=request) from err
openai.APIConnectionError: Connection error.
[41] сбой сети/API; повтор через 20 секунд
[41] попытка 3/3: The first spark of desire
OPENAI_API_KEY is set.
Calling Image API (edit) with 1 image(s).
Traceback (most recent call last):
  File "/Users/mac/Library/Python/3.9/lib/python/site-packages/httpx/_transports/default.py", line 101, in map_httpcore_exceptions
    yield
  File "/Users/mac/Library/Python/3.9/lib/python/site-packages/httpx/_transports/default.py", line 250, in handle_request
    resp = self._pool.handle_request(req)
  File "/Users/mac/Library/Python/3.9/lib/python/site-packages/httpcore/_sync/connection_pool.py", line 256, in handle_request
    raise exc from None
  File "/Users/mac/Library/Python/3.9/lib/python/site-packages/httpcore/_sync/connection_pool.py", line 236, in handle_request
    response = connection.handle_request(
  File "/Users/mac/Library/Python/3.9/lib/python/site-packages/httpcore/_sync/connection.py", line 103, in handle_request
    return self._connection.handle_request(request)
  File "/Users/mac/Library/Python/3.9/lib/python/site-packages/httpcore/_sync/http11.py", line 136, in handle_request
    raise exc
  File "/Users/mac/Library/Python/3.9/lib/python/site-packages/httpcore/_sync/http11.py", line 106, in handle_request
    ) = self._receive_response_headers(**kwargs)
  File "/Users/mac/Library/Python/3.9/lib/python/site-packages/httpcore/_sync/http11.py", line 177, in _receive_response_headers
    event = self._receive_event(timeout=timeout)
  File "/Users/mac/Library/Python/3.9/lib/python/site-packages/httpcore/_sync/http11.py", line 217, in _receive_event
    data = self._network_stream.read(
  File "/Users/mac/Library/Python/3.9/lib/python/site-packages/httpcore/_backends/sync.py", line 128, in read
    return self._sock.recv(max_bytes)
  File "/Library/Developer/CommandLineTools/Library/Frameworks/Python3.framework/Versions/3.9/lib/python3.9/contextlib.py", line 135, in __exit__
    self.gen.throw(type, value, traceback)
  File "/Users/mac/Library/Python/3.9/lib/python/site-packages/httpcore/_exceptions.py", line 14, in map_exceptions
    raise to_exc(exc) from exc
httpcore.ReadError: [Errno 54] Connection reset by peer

The above exception was the direct cause of the following exception:

Traceback (most recent call last):
  File "/Users/mac/Library/Python/3.9/lib/python/site-packages/openai/_base_client.py", line 1065, in request
    response = self._send_request(
  File "/Users/mac/Library/Python/3.9/lib/python/site-packages/openai/_client.py", line 483, in _send_request
    response = self._send_with_auth_retry(request, stream=stream, **kwargs)
  File "/Users/mac/Library/Python/3.9/lib/python/site-packages/openai/_client.py", line 461, in _send_with_auth_retry
    response = super()._send_request(request, stream=stream, **kwargs)
  File "/Users/mac/Library/Python/3.9/lib/python/site-packages/openai/_base_client.py", line 990, in _send_request
    return self._client.send(request, stream=stream, **kwargs)
  File "/Users/mac/Library/Python/3.9/lib/python/site-packages/httpx/_client.py", line 914, in send
    response = self._send_handling_auth(
  File "/Users/mac/Library/Python/3.9/lib/python/site-packages/httpx/_client.py", line 942, in _send_handling_auth
    response = self._send_handling_redirects(
  File "/Users/mac/Library/Python/3.9/lib/python/site-packages/httpx/_client.py", line 979, in _send_handling_redirects
    response = self._send_single_request(request)
  File "/Users/mac/Library/Python/3.9/lib/python/site-packages/httpx/_client.py", line 1014, in _send_single_request
    response = transport.handle_request(request)
  File "/Users/mac/Library/Python/3.9/lib/python/site-packages/httpx/_transports/default.py", line 250, in handle_request
    resp = self._pool.handle_request(req)
  File "/Library/Developer/CommandLineTools/Library/Frameworks/Python3.framework/Versions/3.9/lib/python3.9/contextlib.py", line 135, in __exit__
    self.gen.throw(type, value, traceback)
  File "/Users/mac/Library/Python/3.9/lib/python/site-packages/httpx/_transports/default.py", line 118, in map_httpcore_exceptions
    raise mapped_exc(message) from exc
httpx.ReadError: [Errno 54] Connection reset by peer

The above exception was the direct cause of the following exception:

Traceback (most recent call last):
  File "/Users/mac/.codex/skills/.system/imagegen/scripts/image_gen.py", line 995, in <module>
    raise SystemExit(main())
  File "/Users/mac/.codex/skills/.system/imagegen/scripts/image_gen.py", line 990, in main
    args.func(args)
  File "/Users/mac/.codex/skills/.system/imagegen/scripts/image_gen.py", line 831, in _edit
    result = client.images.edit(**request)
  File "/Users/mac/Library/Python/3.9/lib/python/site-packages/openai/_utils/_utils.py", line 298, in wrapper
    return func(*args, **kwargs)
  File "/Users/mac/Library/Python/3.9/lib/python/site-packages/openai/resources/images.py", line 570, in edit
    return self._post(
  File "/Users/mac/Library/Python/3.9/lib/python/site-packages/openai/_base_client.py", line 1360, in post
    return cast(ResponseT, self.request(cast_to, opts, stream=stream, stream_cls=stream_cls))
  File "/Users/mac/Library/Python/3.9/lib/python/site-packages/openai/_base_client.py", line 1100, in request
    raise APIConnectionError(request=request) from err
openai.APIConnectionError: Connection error.
[41] сбой сети/API; повтор через 20 секунд
[41] не удалось после трёх попыток — записано в render.log
[42] попытка 1/3: Growth and completion
OPENAI_API_KEY is set.
Calling Image API (edit) with 1 image(s).
Traceback (most recent call last):
  File "/Users/mac/Library/Python/3.9/lib/python/site-packages/httpx/_transports/default.py", line 101, in map_httpcore_exceptions
    yield
  File "/Users/mac/Library/Python/3.9/lib/python/site-packages/httpx/_transports/default.py", line 250, in handle_request
    resp = self._pool.handle_request(req)
  File "/Users/mac/Library/Python/3.9/lib/python/site-packages/httpcore/_sync/connection_pool.py", line 256, in handle_request
    raise exc from None
  File "/Users/mac/Library/Python/3.9/lib/python/site-packages/httpcore/_sync/connection_pool.py", line 236, in handle_request
    response = connection.handle_request(
  File "/Users/mac/Library/Python/3.9/lib/python/site-packages/httpcore/_sync/connection.py", line 103, in handle_request
    return self._connection.handle_request(request)
  File "/Users/mac/Library/Python/3.9/lib/python/site-packages/httpcore/_sync/http11.py", line 136, in handle_request
    raise exc
  File "/Users/mac/Library/Python/3.9/lib/python/site-packages/httpcore/_sync/http11.py", line 106, in handle_request
    ) = self._receive_response_headers(**kwargs)
  File "/Users/mac/Library/Python/3.9/lib/python/site-packages/httpcore/_sync/http11.py", line 177, in _receive_response_headers
    event = self._receive_event(timeout=timeout)
  File "/Users/mac/Library/Python/3.9/lib/python/site-packages/httpcore/_sync/http11.py", line 217, in _receive_event
    data = self._network_stream.read(
  File "/Users/mac/Library/Python/3.9/lib/python/site-packages/httpcore/_backends/sync.py", line 128, in read
    return self._sock.recv(max_bytes)
  File "/Library/Developer/CommandLineTools/Library/Frameworks/Python3.framework/Versions/3.9/lib/python3.9/contextlib.py", line 135, in __exit__
    self.gen.throw(type, value, traceback)
  File "/Users/mac/Library/Python/3.9/lib/python/site-packages/httpcore/_exceptions.py", line 14, in map_exceptions
    raise to_exc(exc) from exc
httpcore.ReadError: [Errno 54] Connection reset by peer

The above exception was the direct cause of the following exception:

Traceback (most recent call last):
  File "/Users/mac/Library/Python/3.9/lib/python/site-packages/openai/_base_client.py", line 1065, in request
    response = self._send_request(
  File "/Users/mac/Library/Python/3.9/lib/python/site-packages/openai/_client.py", line 483, in _send_request
    response = self._send_with_auth_retry(request, stream=stream, **kwargs)
  File "/Users/mac/Library/Python/3.9/lib/python/site-packages/openai/_client.py", line 461, in _send_with_auth_retry
    response = super()._send_request(request, stream=stream, **kwargs)
  File "/Users/mac/Library/Python/3.9/lib/python/site-packages/openai/_base_client.py", line 990, in _send_request
    return self._client.send(request, stream=stream, **kwargs)
  File "/Users/mac/Library/Python/3.9/lib/python/site-packages/httpx/_client.py", line 914, in send
    response = self._send_handling_auth(
  File "/Users/mac/Library/Python/3.9/lib/python/site-packages/httpx/_client.py", line 942, in _send_handling_auth
    response = self._send_handling_redirects(
  File "/Users/mac/Library/Python/3.9/lib/python/site-packages/httpx/_client.py", line 979, in _send_handling_redirects
    response = self._send_single_request(request)
  File "/Users/mac/Library/Python/3.9/lib/python/site-packages/httpx/_client.py", line 1014, in _send_single_request
    response = transport.handle_request(request)
  File "/Users/mac/Library/Python/3.9/lib/python/site-packages/httpx/_transports/default.py", line 250, in handle_request
    resp = self._pool.handle_request(req)
  File "/Library/Developer/CommandLineTools/Library/Frameworks/Python3.framework/Versions/3.9/lib/python3.9/contextlib.py", line 135, in __exit__
    self.gen.throw(type, value, traceback)
  File "/Users/mac/Library/Python/3.9/lib/python/site-packages/httpx/_transports/default.py", line 118, in map_httpcore_exceptions
    raise mapped_exc(message) from exc
httpx.ReadError: [Errno 54] Connection reset by peer

The above exception was the direct cause of the following exception:

Traceback (most recent call last):
  File "/Users/mac/.codex/skills/.system/imagegen/scripts/image_gen.py", line 995, in <module>
    raise SystemExit(main())
  File "/Users/mac/.codex/skills/.system/imagegen/scripts/image_gen.py", line 990, in main
    args.func(args)
  File "/Users/mac/.codex/skills/.system/imagegen/scripts/image_gen.py", line 831, in _edit
    result = client.images.edit(**request)
  File "/Users/mac/Library/Python/3.9/lib/python/site-packages/openai/_utils/_utils.py", line 298, in wrapper
    return func(*args, **kwargs)
  File "/Users/mac/Library/Python/3.9/lib/python/site-packages/openai/resources/images.py", line 570, in edit
    return self._post(
  File "/Users/mac/Library/Python/3.9/lib/python/site-packages/openai/_base_client.py", line 1360, in post
    return cast(ResponseT, self.request(cast_to, opts, stream=stream, stream_cls=stream_cls))
  File "/Users/mac/Library/Python/3.9/lib/python/site-packages/openai/_base_client.py", line 1100, in request
    raise APIConnectionError(request=request) from err
openai.APIConnectionError: Connection error.
[42] сбой сети/API; повтор через 20 секунд
[42] попытка 2/3: Growth and completion
OPENAI_API_KEY is set.
Calling Image API (edit) with 1 image(s).
Traceback (most recent call last):
  File "/Users/mac/Library/Python/3.9/lib/python/site-packages/httpx/_transports/default.py", line 101, in map_httpcore_exceptions
    yield
  File "/Users/mac/Library/Python/3.9/lib/python/site-packages/httpx/_transports/default.py", line 250, in handle_request
    resp = self._pool.handle_request(req)
  File "/Users/mac/Library/Python/3.9/lib/python/site-packages/httpcore/_sync/connection_pool.py", line 256, in handle_request
    raise exc from None
  File "/Users/mac/Library/Python/3.9/lib/python/site-packages/httpcore/_sync/connection_pool.py", line 236, in handle_request
    response = connection.handle_request(
  File "/Users/mac/Library/Python/3.9/lib/python/site-packages/httpcore/_sync/connection.py", line 103, in handle_request
    return self._connection.handle_request(request)
  File "/Users/mac/Library/Python/3.9/lib/python/site-packages/httpcore/_sync/http11.py", line 136, in handle_request
    raise exc
  File "/Users/mac/Library/Python/3.9/lib/python/site-packages/httpcore/_sync/http11.py", line 106, in handle_request
    ) = self._receive_response_headers(**kwargs)
  File "/Users/mac/Library/Python/3.9/lib/python/site-packages/httpcore/_sync/http11.py", line 177, in _receive_response_headers
    event = self._receive_event(timeout=timeout)
  File "/Users/mac/Library/Python/3.9/lib/python/site-packages/httpcore/_sync/http11.py", line 217, in _receive_event
    data = self._network_stream.read(
  File "/Users/mac/Library/Python/3.9/lib/python/site-packages/httpcore/_backends/sync.py", line 128, in read
    return self._sock.recv(max_bytes)
  File "/Library/Developer/CommandLineTools/Library/Frameworks/Python3.framework/Versions/3.9/lib/python3.9/contextlib.py", line 135, in __exit__
    self.gen.throw(type, value, traceback)
  File "/Users/mac/Library/Python/3.9/lib/python/site-packages/httpcore/_exceptions.py", line 14, in map_exceptions
    raise to_exc(exc) from exc
httpcore.ReadError: [Errno 54] Connection reset by peer

The above exception was the direct cause of the following exception:

Traceback (most recent call last):
  File "/Users/mac/Library/Python/3.9/lib/python/site-packages/openai/_base_client.py", line 1065, in request
    response = self._send_request(
  File "/Users/mac/Library/Python/3.9/lib/python/site-packages/openai/_client.py", line 483, in _send_request
    response = self._send_with_auth_retry(request, stream=stream, **kwargs)
  File "/Users/mac/Library/Python/3.9/lib/python/site-packages/openai/_client.py", line 461, in _send_with_auth_retry
    response = super()._send_request(request, stream=stream, **kwargs)
  File "/Users/mac/Library/Python/3.9/lib/python/site-packages/openai/_base_client.py", line 990, in _send_request
    return self._client.send(request, stream=stream, **kwargs)
  File "/Users/mac/Library/Python/3.9/lib/python/site-packages/httpx/_client.py", line 914, in send
    response = self._send_handling_auth(
  File "/Users/mac/Library/Python/3.9/lib/python/site-packages/httpx/_client.py", line 942, in _send_handling_auth
    response = self._send_handling_redirects(
  File "/Users/mac/Library/Python/3.9/lib/python/site-packages/httpx/_client.py", line 979, in _send_handling_redirects
    response = self._send_single_request(request)
  File "/Users/mac/Library/Python/3.9/lib/python/site-packages/httpx/_client.py", line 1014, in _send_single_request
    response = transport.handle_request(request)
  File "/Users/mac/Library/Python/3.9/lib/python/site-packages/httpx/_transports/default.py", line 250, in handle_request
    resp = self._pool.handle_request(req)
  File "/Library/Developer/CommandLineTools/Library/Frameworks/Python3.framework/Versions/3.9/lib/python3.9/contextlib.py", line 135, in __exit__
    self.gen.throw(type, value, traceback)
  File "/Users/mac/Library/Python/3.9/lib/python/site-packages/httpx/_transports/default.py", line 118, in map_httpcore_exceptions
    raise mapped_exc(message) from exc
httpx.ReadError: [Errno 54] Connection reset by peer

The above exception was the direct cause of the following exception:

Traceback (most recent call last):
  File "/Users/mac/.codex/skills/.system/imagegen/scripts/image_gen.py", line 995, in <module>
    raise SystemExit(main())
  File "/Users/mac/.codex/skills/.system/imagegen/scripts/image_gen.py", line 990, in main
    args.func(args)
  File "/Users/mac/.codex/skills/.system/imagegen/scripts/image_gen.py", line 831, in _edit
    result = client.images.edit(**request)
  File "/Users/mac/Library/Python/3.9/lib/python/site-packages/openai/_utils/_utils.py", line 298, in wrapper
    return func(*args, **kwargs)
  File "/Users/mac/Library/Python/3.9/lib/python/site-packages/openai/resources/images.py", line 570, in edit
    return self._post(
  File "/Users/mac/Library/Python/3.9/lib/python/site-packages/openai/_base_client.py", line 1360, in post
    return cast(ResponseT, self.request(cast_to, opts, stream=stream, stream_cls=stream_cls))
  File "/Users/mac/Library/Python/3.9/lib/python/site-packages/openai/_base_client.py", line 1100, in request
    raise APIConnectionError(request=request) from err
openai.APIConnectionError: Connection error.
[42] сбой сети/API; повтор через 20 секунд
[42] попытка 3/3: Growth and completion
OPENAI_API_KEY is set.
Calling Image API (edit) with 1 image(s).
Traceback (most recent call last):
  File "/Users/mac/Library/Python/3.9/lib/python/site-packages/httpx/_transports/default.py", line 101, in map_httpcore_exceptions
    yield
  File "/Users/mac/Library/Python/3.9/lib/python/site-packages/httpx/_transports/default.py", line 250, in handle_request
    resp = self._pool.handle_request(req)
  File "/Users/mac/Library/Python/3.9/lib/python/site-packages/httpcore/_sync/connection_pool.py", line 256, in handle_request
    raise exc from None
  File "/Users/mac/Library/Python/3.9/lib/python/site-packages/httpcore/_sync/connection_pool.py", line 236, in handle_request
    response = connection.handle_request(
  File "/Users/mac/Library/Python/3.9/lib/python/site-packages/httpcore/_sync/connection.py", line 103, in handle_request
    return self._connection.handle_request(request)
  File "/Users/mac/Library/Python/3.9/lib/python/site-packages/httpcore/_sync/http11.py", line 136, in handle_request
    raise exc
  File "/Users/mac/Library/Python/3.9/lib/python/site-packages/httpcore/_sync/http11.py", line 106, in handle_request
    ) = self._receive_response_headers(**kwargs)
  File "/Users/mac/Library/Python/3.9/lib/python/site-packages/httpcore/_sync/http11.py", line 177, in _receive_response_headers
    event = self._receive_event(timeout=timeout)
  File "/Users/mac/Library/Python/3.9/lib/python/site-packages/httpcore/_sync/http11.py", line 217, in _receive_event
    data = self._network_stream.read(
  File "/Users/mac/Library/Python/3.9/lib/python/site-packages/httpcore/_backends/sync.py", line 128, in read
    return self._sock.recv(max_bytes)
  File "/Library/Developer/CommandLineTools/Library/Frameworks/Python3.framework/Versions/3.9/lib/python3.9/contextlib.py", line 135, in __exit__
    self.gen.throw(type, value, traceback)
  File "/Users/mac/Library/Python/3.9/lib/python/site-packages/httpcore/_exceptions.py", line 14, in map_exceptions
    raise to_exc(exc) from exc
httpcore.ReadError: [Errno 54] Connection reset by peer

The above exception was the direct cause of the following exception:

Traceback (most recent call last):
  File "/Users/mac/Library/Python/3.9/lib/python/site-packages/openai/_base_client.py", line 1065, in request
    response = self._send_request(
  File "/Users/mac/Library/Python/3.9/lib/python/site-packages/openai/_client.py", line 483, in _send_request
    response = self._send_with_auth_retry(request, stream=stream, **kwargs)
  File "/Users/mac/Library/Python/3.9/lib/python/site-packages/openai/_client.py", line 461, in _send_with_auth_retry
    response = super()._send_request(request, stream=stream, **kwargs)
  File "/Users/mac/Library/Python/3.9/lib/python/site-packages/openai/_base_client.py", line 990, in _send_request
    return self._client.send(request, stream=stream, **kwargs)
  File "/Users/mac/Library/Python/3.9/lib/python/site-packages/httpx/_client.py", line 914, in send
    response = self._send_handling_auth(
  File "/Users/mac/Library/Python/3.9/lib/python/site-packages/httpx/_client.py", line 942, in _send_handling_auth
    response = self._send_handling_redirects(
  File "/Users/mac/Library/Python/3.9/lib/python/site-packages/httpx/_client.py", line 979, in _send_handling_redirects
    response = self._send_single_request(request)
  File "/Users/mac/Library/Python/3.9/lib/python/site-packages/httpx/_client.py", line 1014, in _send_single_request
    response = transport.handle_request(request)
  File "/Users/mac/Library/Python/3.9/lib/python/site-packages/httpx/_transports/default.py", line 250, in handle_request
    resp = self._pool.handle_request(req)
  File "/Library/Developer/CommandLineTools/Library/Frameworks/Python3.framework/Versions/3.9/lib/python3.9/contextlib.py", line 135, in __exit__
    self.gen.throw(type, value, traceback)
  File "/Users/mac/Library/Python/3.9/lib/python/site-packages/httpx/_transports/default.py", line 118, in map_httpcore_exceptions
    raise mapped_exc(message) from exc
httpx.ReadError: [Errno 54] Connection reset by peer

The above exception was the direct cause of the following exception:

Traceback (most recent call last):
  File "/Users/mac/.codex/skills/.system/imagegen/scripts/image_gen.py", line 995, in <module>
    raise SystemExit(main())
  File "/Users/mac/.codex/skills/.system/imagegen/scripts/image_gen.py", line 990, in main
    args.func(args)
  File "/Users/mac/.codex/skills/.system/imagegen/scripts/image_gen.py", line 831, in _edit
    result = client.images.edit(**request)
  File "/Users/mac/Library/Python/3.9/lib/python/site-packages/openai/_utils/_utils.py", line 298, in wrapper
    return func(*args, **kwargs)
  File "/Users/mac/Library/Python/3.9/lib/python/site-packages/openai/resources/images.py", line 570, in edit
    return self._post(
  File "/Users/mac/Library/Python/3.9/lib/python/site-packages/openai/_base_client.py", line 1360, in post
    return cast(ResponseT, self.request(cast_to, opts, stream=stream, stream_cls=stream_cls))
  File "/Users/mac/Library/Python/3.9/lib/python/site-packages/openai/_base_client.py", line 1100, in request
    raise APIConnectionError(request=request) from err
openai.APIConnectionError: Connection error.
[42] сбой сети/API; повтор через 20 секунд
[42] не удалось после трёх попыток — записано в render.log
[43] попытка 1/3: Breakthrough insight
OPENAI_API_KEY is set.
Calling Image API (edit) with 1 image(s).
Traceback (most recent call last):
  File "/Users/mac/Library/Python/3.9/lib/python/site-packages/httpx/_transports/default.py", line 101, in map_httpcore_exceptions
    yield
  File "/Users/mac/Library/Python/3.9/lib/python/site-packages/httpx/_transports/default.py", line 250, in handle_request
    resp = self._pool.handle_request(req)
  File "/Users/mac/Library/Python/3.9/lib/python/site-packages/httpcore/_sync/connection_pool.py", line 256, in handle_request
    raise exc from None
  File "/Users/mac/Library/Python/3.9/lib/python/site-packages/httpcore/_sync/connection_pool.py", line 236, in handle_request
    response = connection.handle_request(
  File "/Users/mac/Library/Python/3.9/lib/python/site-packages/httpcore/_sync/connection.py", line 103, in handle_request
    return self._connection.handle_request(request)
  File "/Users/mac/Library/Python/3.9/lib/python/site-packages/httpcore/_sync/http11.py", line 136, in handle_request
    raise exc
  File "/Users/mac/Library/Python/3.9/lib/python/site-packages/httpcore/_sync/http11.py", line 106, in handle_request
    ) = self._receive_response_headers(**kwargs)
  File "/Users/mac/Library/Python/3.9/lib/python/site-packages/httpcore/_sync/http11.py", line 177, in _receive_response_headers
    event = self._receive_event(timeout=timeout)
  File "/Users/mac/Library/Python/3.9/lib/python/site-packages/httpcore/_sync/http11.py", line 217, in _receive_event
    data = self._network_stream.read(
  File "/Users/mac/Library/Python/3.9/lib/python/site-packages/httpcore/_backends/sync.py", line 128, in read
    return self._sock.recv(max_bytes)
  File "/Library/Developer/CommandLineTools/Library/Frameworks/Python3.framework/Versions/3.9/lib/python3.9/contextlib.py", line 135, in __exit__
    self.gen.throw(type, value, traceback)
  File "/Users/mac/Library/Python/3.9/lib/python/site-packages/httpcore/_exceptions.py", line 14, in map_exceptions
    raise to_exc(exc) from exc
httpcore.ReadError: [Errno 54] Connection reset by peer

The above exception was the direct cause of the following exception:

Traceback (most recent call last):
  File "/Users/mac/Library/Python/3.9/lib/python/site-packages/openai/_base_client.py", line 1065, in request
    response = self._send_request(
  File "/Users/mac/Library/Python/3.9/lib/python/site-packages/openai/_client.py", line 483, in _send_request
    response = self._send_with_auth_retry(request, stream=stream, **kwargs)
  File "/Users/mac/Library/Python/3.9/lib/python/site-packages/openai/_client.py", line 461, in _send_with_auth_retry
    response = super()._send_request(request, stream=stream, **kwargs)
  File "/Users/mac/Library/Python/3.9/lib/python/site-packages/openai/_base_client.py", line 990, in _send_request
    return self._client.send(request, stream=stream, **kwargs)
  File "/Users/mac/Library/Python/3.9/lib/python/site-packages/httpx/_client.py", line 914, in send
    response = self._send_handling_auth(
  File "/Users/mac/Library/Python/3.9/lib/python/site-packages/httpx/_client.py", line 942, in _send_handling_auth
    response = self._send_handling_redirects(
  File "/Users/mac/Library/Python/3.9/lib/python/site-packages/httpx/_client.py", line 979, in _send_handling_redirects
    response = self._send_single_request(request)
  File "/Users/mac/Library/Python/3.9/lib/python/site-packages/httpx/_client.py", line 1014, in _send_single_request
    response = transport.handle_request(request)
  File "/Users/mac/Library/Python/3.9/lib/python/site-packages/httpx/_transports/default.py", line 250, in handle_request
    resp = self._pool.handle_request(req)
  File "/Library/Developer/CommandLineTools/Library/Frameworks/Python3.framework/Versions/3.9/lib/python3.9/contextlib.py", line 135, in __exit__
    self.gen.throw(type, value, traceback)
  File "/Users/mac/Library/Python/3.9/lib/python/site-packages/httpx/_transports/default.py", line 118, in map_httpcore_exceptions
    raise mapped_exc(message) from exc
httpx.ReadError: [Errno 54] Connection reset by peer

The above exception was the direct cause of the following exception:

Traceback (most recent call last):
  File "/Users/mac/.codex/skills/.system/imagegen/scripts/image_gen.py", line 995, in <module>
    raise SystemExit(main())
  File "/Users/mac/.codex/skills/.system/imagegen/scripts/image_gen.py", line 990, in main
    args.func(args)
  File "/Users/mac/.codex/skills/.system/imagegen/scripts/image_gen.py", line 831, in _edit
    result = client.images.edit(**request)
  File "/Users/mac/Library/Python/3.9/lib/python/site-packages/openai/_utils/_utils.py", line 298, in wrapper
    return func(*args, **kwargs)
  File "/Users/mac/Library/Python/3.9/lib/python/site-packages/openai/resources/images.py", line 570, in edit
    return self._post(
  File "/Users/mac/Library/Python/3.9/lib/python/site-packages/openai/_base_client.py", line 1360, in post
    return cast(ResponseT, self.request(cast_to, opts, stream=stream, stream_cls=stream_cls))
  File "/Users/mac/Library/Python/3.9/lib/python/site-packages/openai/_base_client.py", line 1100, in request
    raise APIConnectionError(request=request) from err
openai.APIConnectionError: Connection error.
[43] сбой сети/API; повтор через 20 секунд
[43] попытка 2/3: Breakthrough insight
OPENAI_API_KEY is set.
Calling Image API (edit) with 1 image(s).
Traceback (most recent call last):
  File "/Users/mac/Library/Python/3.9/lib/python/site-packages/httpx/_transports/default.py", line 101, in map_httpcore_exceptions
    yield
  File "/Users/mac/Library/Python/3.9/lib/python/site-packages/httpx/_transports/default.py", line 250, in handle_request
    resp = self._pool.handle_request(req)
  File "/Users/mac/Library/Python/3.9/lib/python/site-packages/httpcore/_sync/connection_pool.py", line 256, in handle_request
    raise exc from None
  File "/Users/mac/Library/Python/3.9/lib/python/site-packages/httpcore/_sync/connection_pool.py", line 236, in handle_request
    response = connection.handle_request(
  File "/Users/mac/Library/Python/3.9/lib/python/site-packages/httpcore/_sync/connection.py", line 103, in handle_request
    return self._connection.handle_request(request)
  File "/Users/mac/Library/Python/3.9/lib/python/site-packages/httpcore/_sync/http11.py", line 136, in handle_request
    raise exc
  File "/Users/mac/Library/Python/3.9/lib/python/site-packages/httpcore/_sync/http11.py", line 106, in handle_request
    ) = self._receive_response_headers(**kwargs)
  File "/Users/mac/Library/Python/3.9/lib/python/site-packages/httpcore/_sync/http11.py", line 177, in _receive_response_headers
    event = self._receive_event(timeout=timeout)
  File "/Users/mac/Library/Python/3.9/lib/python/site-packages/httpcore/_sync/http11.py", line 217, in _receive_event
    data = self._network_stream.read(
  File "/Users/mac/Library/Python/3.9/lib/python/site-packages/httpcore/_backends/sync.py", line 128, in read
    return self._sock.recv(max_bytes)
  File "/Library/Developer/CommandLineTools/Library/Frameworks/Python3.framework/Versions/3.9/lib/python3.9/contextlib.py", line 135, in __exit__
    self.gen.throw(type, value, traceback)
  File "/Users/mac/Library/Python/3.9/lib/python/site-packages/httpcore/_exceptions.py", line 14, in map_exceptions
    raise to_exc(exc) from exc
httpcore.ReadError: [Errno 54] Connection reset by peer

The above exception was the direct cause of the following exception:

Traceback (most recent call last):
  File "/Users/mac/Library/Python/3.9/lib/python/site-packages/openai/_base_client.py", line 1065, in request
    response = self._send_request(
  File "/Users/mac/Library/Python/3.9/lib/python/site-packages/openai/_client.py", line 483, in _send_request
    response = self._send_with_auth_retry(request, stream=stream, **kwargs)
  File "/Users/mac/Library/Python/3.9/lib/python/site-packages/openai/_client.py", line 461, in _send_with_auth_retry
    response = super()._send_request(request, stream=stream, **kwargs)
  File "/Users/mac/Library/Python/3.9/lib/python/site-packages/openai/_base_client.py", line 990, in _send_request
    return self._client.send(request, stream=stream, **kwargs)
  File "/Users/mac/Library/Python/3.9/lib/python/site-packages/httpx/_client.py", line 914, in send
    response = self._send_handling_auth(
  File "/Users/mac/Library/Python/3.9/lib/python/site-packages/httpx/_client.py", line 942, in _send_handling_auth
    response = self._send_handling_redirects(
  File "/Users/mac/Library/Python/3.9/lib/python/site-packages/httpx/_client.py", line 979, in _send_handling_redirects
    response = self._send_single_request(request)
  File "/Users/mac/Library/Python/3.9/lib/python/site-packages/httpx/_client.py", line 1014, in _send_single_request
    response = transport.handle_request(request)
  File "/Users/mac/Library/Python/3.9/lib/python/site-packages/httpx/_transports/default.py", line 250, in handle_request
    resp = self._pool.handle_request(req)
  File "/Library/Developer/CommandLineTools/Library/Frameworks/Python3.framework/Versions/3.9/lib/python3.9/contextlib.py", line 135, in __exit__
    self.gen.throw(type, value, traceback)
  File "/Users/mac/Library/Python/3.9/lib/python/site-packages/httpx/_transports/default.py", line 118, in map_httpcore_exceptions
    raise mapped_exc(message) from exc
httpx.ReadError: [Errno 54] Connection reset by peer

The above exception was the direct cause of the following exception:

Traceback (most recent call last):
  File "/Users/mac/.codex/skills/.system/imagegen/scripts/image_gen.py", line 995, in <module>
    raise SystemExit(main())
  File "/Users/mac/.codex/skills/.system/imagegen/scripts/image_gen.py", line 990, in main
    args.func(args)
  File "/Users/mac/.codex/skills/.system/imagegen/scripts/image_gen.py", line 831, in _edit
    result = client.images.edit(**request)
  File "/Users/mac/Library/Python/3.9/lib/python/site-packages/openai/_utils/_utils.py", line 298, in wrapper
    return func(*args, **kwargs)
  File "/Users/mac/Library/Python/3.9/lib/python/site-packages/openai/resources/images.py", line 570, in edit
    return self._post(
  File "/Users/mac/Library/Python/3.9/lib/python/site-packages/openai/_base_client.py", line 1360, in post
    return cast(ResponseT, self.request(cast_to, opts, stream=stream, stream_cls=stream_cls))
  File "/Users/mac/Library/Python/3.9/lib/python/site-packages/openai/_base_client.py", line 1100, in request
    raise APIConnectionError(request=request) from err
openai.APIConnectionError: Connection error.
[43] сбой сети/API; повтор через 20 секунд
[43] попытка 3/3: Breakthrough insight
OPENAI_API_KEY is set.
Calling Image API (edit) with 1 image(s).
Edit completed in 48.5s.
Wrote /Users/mac/Documents/astro-mcp/assets/cards/final/gate-43-insight-v1.png
[43] готово: gate-43-insight-v1.png
[44] попытка 1/3: Pattern recognition
OPENAI_API_KEY is set.
Calling Image API (edit) with 1 image(s).
Edit completed in 47.5s.
Wrote /Users/mac/Documents/astro-mcp/assets/cards/final/gate-44-alertness-v1.png
[44] готово: gate-44-alertness-v1.png
[45] попытка 1/3: Rulership and gathering
OPENAI_API_KEY is set.
Calling Image API (edit) with 1 image(s).
Edit completed in 48.9s.
Wrote /Users/mac/Documents/astro-mcp/assets/cards/final/gate-45-gathering-v1.png
[45] готово: gate-45-gathering-v1.png
[46] попытка 1/3: Right place in the body
OPENAI_API_KEY is set.
Calling Image API (edit) with 1 image(s).
Edit completed in 43.8s.
Wrote /Users/mac/Documents/astro-mcp/assets/cards/final/gate-46-embodiment-v1.png
[46] готово: gate-46-embodiment-v1.png
[47] попытка 1/3: Making sense of pressure
OPENAI_API_KEY is set.
Calling Image API (edit) with 1 image(s).
Edit completed in 48.6s.
Wrote /Users/mac/Documents/astro-mcp/assets/cards/final/gate-47-realization-v1.png
[47] готово: gate-47-realization-v1.png
[48] попытка 1/3: The well of depth
OPENAI_API_KEY is set.
Calling Image API (edit) with 1 image(s).
Edit completed in 49.3s.
Wrote /Users/mac/Documents/astro-mcp/assets/cards/final/gate-48-depth-v1.png
[48] готово: gate-48-depth-v1.png
[49] попытка 1/3: Revolution of values
OPENAI_API_KEY is set.
Calling Image API (edit) with 1 image(s).
Edit completed in 49.6s.
Wrote /Users/mac/Documents/astro-mcp/assets/cards/final/gate-49-principles-v1.png
[49] готово: gate-49-principles-v1.png
[50] попытка 1/3: Values and responsibility
OPENAI_API_KEY is set.
Calling Image API (edit) with 1 image(s).
Edit completed in 47.5s.
Wrote /Users/mac/Documents/astro-mcp/assets/cards/final/gate-50-values-v1.png
[50] готово: gate-50-values-v1.png
[51] попытка 1/3: Initiating shock
OPENAI_API_KEY is set.
Calling Image API (edit) with 1 image(s).
Traceback (most recent call last):
  File "/Users/mac/Library/Python/3.9/lib/python/site-packages/httpx/_transports/default.py", line 101, in map_httpcore_exceptions
    yield
  File "/Users/mac/Library/Python/3.9/lib/python/site-packages/httpx/_transports/default.py", line 250, in handle_request
    resp = self._pool.handle_request(req)
  File "/Users/mac/Library/Python/3.9/lib/python/site-packages/httpcore/_sync/connection_pool.py", line 256, in handle_request
    raise exc from None
  File "/Users/mac/Library/Python/3.9/lib/python/site-packages/httpcore/_sync/connection_pool.py", line 236, in handle_request
    response = connection.handle_request(
  File "/Users/mac/Library/Python/3.9/lib/python/site-packages/httpcore/_sync/connection.py", line 103, in handle_request
    return self._connection.handle_request(request)
  File "/Users/mac/Library/Python/3.9/lib/python/site-packages/httpcore/_sync/http11.py", line 136, in handle_request
    raise exc
  File "/Users/mac/Library/Python/3.9/lib/python/site-packages/httpcore/_sync/http11.py", line 106, in handle_request
    ) = self._receive_response_headers(**kwargs)
  File "/Users/mac/Library/Python/3.9/lib/python/site-packages/httpcore/_sync/http11.py", line 177, in _receive_response_headers
    event = self._receive_event(timeout=timeout)
  File "/Users/mac/Library/Python/3.9/lib/python/site-packages/httpcore/_sync/http11.py", line 217, in _receive_event
    data = self._network_stream.read(
  File "/Users/mac/Library/Python/3.9/lib/python/site-packages/httpcore/_backends/sync.py", line 128, in read
    return self._sock.recv(max_bytes)
  File "/Library/Developer/CommandLineTools/Library/Frameworks/Python3.framework/Versions/3.9/lib/python3.9/contextlib.py", line 135, in __exit__
    self.gen.throw(type, value, traceback)
  File "/Users/mac/Library/Python/3.9/lib/python/site-packages/httpcore/_exceptions.py", line 14, in map_exceptions
    raise to_exc(exc) from exc
httpcore.ReadError: [Errno 54] Connection reset by peer

The above exception was the direct cause of the following exception:

Traceback (most recent call last):
  File "/Users/mac/Library/Python/3.9/lib/python/site-packages/openai/_base_client.py", line 1065, in request
    response = self._send_request(
  File "/Users/mac/Library/Python/3.9/lib/python/site-packages/openai/_client.py", line 483, in _send_request
    response = self._send_with_auth_retry(request, stream=stream, **kwargs)
  File "/Users/mac/Library/Python/3.9/lib/python/site-packages/openai/_client.py", line 461, in _send_with_auth_retry
    response = super()._send_request(request, stream=stream, **kwargs)
  File "/Users/mac/Library/Python/3.9/lib/python/site-packages/openai/_base_client.py", line 990, in _send_request
    return self._client.send(request, stream=stream, **kwargs)
  File "/Users/mac/Library/Python/3.9/lib/python/site-packages/httpx/_client.py", line 914, in send
    response = self._send_handling_auth(
  File "/Users/mac/Library/Python/3.9/lib/python/site-packages/httpx/_client.py", line 942, in _send_handling_auth
    response = self._send_handling_redirects(
  File "/Users/mac/Library/Python/3.9/lib/python/site-packages/httpx/_client.py", line 979, in _send_handling_redirects
    response = self._send_single_request(request)
  File "/Users/mac/Library/Python/3.9/lib/python/site-packages/httpx/_client.py", line 1014, in _send_single_request
    response = transport.handle_request(request)
  File "/Users/mac/Library/Python/3.9/lib/python/site-packages/httpx/_transports/default.py", line 250, in handle_request
    resp = self._pool.handle_request(req)
  File "/Library/Developer/CommandLineTools/Library/Frameworks/Python3.framework/Versions/3.9/lib/python3.9/contextlib.py", line 135, in __exit__
    self.gen.throw(type, value, traceback)
  File "/Users/mac/Library/Python/3.9/lib/python/site-packages/httpx/_transports/default.py", line 118, in map_httpcore_exceptions
    raise mapped_exc(message) from exc
httpx.ReadError: [Errno 54] Connection reset by peer

The above exception was the direct cause of the following exception:

Traceback (most recent call last):
  File "/Users/mac/.codex/skills/.system/imagegen/scripts/image_gen.py", line 995, in <module>
    raise SystemExit(main())
  File "/Users/mac/.codex/skills/.system/imagegen/scripts/image_gen.py", line 990, in main
    args.func(args)
  File "/Users/mac/.codex/skills/.system/imagegen/scripts/image_gen.py", line 831, in _edit
    result = client.images.edit(**request)
  File "/Users/mac/Library/Python/3.9/lib/python/site-packages/openai/_utils/_utils.py", line 298, in wrapper
    return func(*args, **kwargs)
  File "/Users/mac/Library/Python/3.9/lib/python/site-packages/openai/resources/images.py", line 570, in edit
    return self._post(
  File "/Users/mac/Library/Python/3.9/lib/python/site-packages/openai/_base_client.py", line 1360, in post
    return cast(ResponseT, self.request(cast_to, opts, stream=stream, stream_cls=stream_cls))
  File "/Users/mac/Library/Python/3.9/lib/python/site-packages/openai/_base_client.py", line 1100, in request
    raise APIConnectionError(request=request) from err
openai.APIConnectionError: Connection error.
[51] сбой сети/API; повтор через 20 секунд
[51] попытка 2/3: Initiating shock
OPENAI_API_KEY is set.
Calling Image API (edit) with 1 image(s).
Edit completed in 372.9s.
Wrote /Users/mac/Documents/astro-mcp/assets/cards/final/gate-51-shock-v1.png
[51] готово: gate-51-shock-v1.png
[52] попытка 1/3: Stillness and concentration
OPENAI_API_KEY is set.
Calling Image API (edit) with 1 image(s).
Edit completed in 56.8s.
Wrote /Users/mac/Documents/astro-mcp/assets/cards/final/gate-52-stillness-v1.png
[52] готово: gate-52-stillness-v1.png
[53] попытка 1/3: Development and beginnings
OPENAI_API_KEY is set.
Calling Image API (edit) with 1 image(s).
Edit completed in 117.7s.
Wrote /Users/mac/Documents/astro-mcp/assets/cards/final/gate-53-beginning-v1.png
[53] готово: gate-53-beginning-v1.png
[54] попытка 1/3: Ambition and ascent
OPENAI_API_KEY is set.
Calling Image API (edit) with 1 image(s).
Edit completed in 50.7s.
Wrote /Users/mac/Documents/astro-mcp/assets/cards/final/gate-54-ambition-v1.png
[54] готово: gate-54-ambition-v1.png
[55] попытка 1/3: Abundance of spirit
OPENAI_API_KEY is set.
Calling Image API (edit) with 1 image(s).
Edit completed in 54.8s.
Wrote /Users/mac/Documents/astro-mcp/assets/cards/final/gate-55-spirit-v1.png
[55] готово: gate-55-spirit-v1.png
[56] попытка 1/3: The wandering storyteller
OPENAI_API_KEY is set.
Calling Image API (edit) with 1 image(s).
Edit completed in 52.9s.
Wrote /Users/mac/Documents/astro-mcp/assets/cards/final/gate-56-storytelling-v1.png
[56] готово: gate-56-storytelling-v1.png
[57] попытка 1/3: Intuitive clarity
OPENAI_API_KEY is set.
Calling Image API (edit) with 1 image(s).
Edit completed in 48.8s.
Wrote /Users/mac/Documents/astro-mcp/assets/cards/final/gate-57-intuition-v1.png
[57] готово: gate-57-intuition-v1.png
[58] попытка 1/3: Vital joy
OPENAI_API_KEY is set.
Calling Image API (edit) with 1 image(s).
Edit completed in 52.0s.
Wrote /Users/mac/Documents/astro-mcp/assets/cards/final/gate-58-joy-v1.png
[58] готово: gate-58-joy-v1.png
[59] попытка 1/3: Dissolving barriers
OPENAI_API_KEY is set.
Calling Image API (edit) with 1 image(s).
Edit completed in 119.9s.
Wrote /Users/mac/Documents/astro-mcp/assets/cards/final/gate-59-intimacy-v1.png
[59] готово: gate-59-intimacy-v1.png
[60] попытка 1/3: Acceptance of limits
OPENAI_API_KEY is set.
Calling Image API (edit) with 1 image(s).
Edit completed in 56.0s.
Wrote /Users/mac/Documents/astro-mcp/assets/cards/final/gate-60-limits-v1.png
[60] готово: gate-60-limits-v1.png
[61] попытка 1/3: Inner truth and mystery
OPENAI_API_KEY is set.
Calling Image API (edit) with 1 image(s).
Edit completed in 48.6s.
Wrote /Users/mac/Documents/astro-mcp/assets/cards/final/gate-61-mystery-v1.png
[61] готово: gate-61-mystery-v1.png
[62] попытка 1/3: The power of details
OPENAI_API_KEY is set.
Calling Image API (edit) with 1 image(s).
Edit completed in 48.6s.
Wrote /Users/mac/Documents/astro-mcp/assets/cards/final/gate-62-details-v1.png
[62] готово: gate-62-details-v1.png
[63] попытка 1/3: Constructive doubt
OPENAI_API_KEY is set.
Calling Image API (edit) with 1 image(s).
Edit completed in 45.8s.
Wrote /Users/mac/Documents/astro-mcp/assets/cards/final/gate-63-doubt-v1.png
[63] готово: gate-63-doubt-v1.png
[64] попытка 1/3: From confusion to clarity
OPENAI_API_KEY is set.
Calling Image API (edit) with 1 image(s).
Edit completed in 51.5s.
Wrote /Users/mac/Documents/astro-mcp/assets/cards/final/gate-64-confusion-v1.png
[64] готово: gate-64-confusion-v1.png
[08] уже есть — пропускаю: gate-08-contribution-v2.png
[09] уже есть — пропускаю: gate-09-focus-v2.png
[10] уже есть — пропускаю: gate-10-authenticity-v1.png
[11] попытка 1/3: Ideas
OPENAI_API_KEY is set.
Calling Image API (edit) with 1 image(s).
Traceback (most recent call last):
  File "/Users/mac/Library/Python/3.9/lib/python/site-packages/httpx/_transports/default.py", line 101, in map_httpcore_exceptions
    yield
  File "/Users/mac/Library/Python/3.9/lib/python/site-packages/httpx/_transports/default.py", line 250, in handle_request
    resp = self._pool.handle_request(req)
  File "/Users/mac/Library/Python/3.9/lib/python/site-packages/httpcore/_sync/connection_pool.py", line 256, in handle_request
    raise exc from None
  File "/Users/mac/Library/Python/3.9/lib/python/site-packages/httpcore/_sync/connection_pool.py", line 236, in handle_request
    response = connection.handle_request(
  File "/Users/mac/Library/Python/3.9/lib/python/site-packages/httpcore/_sync/connection.py", line 103, in handle_request
    return self._connection.handle_request(request)
  File "/Users/mac/Library/Python/3.9/lib/python/site-packages/httpcore/_sync/http11.py", line 136, in handle_request
    raise exc
  File "/Users/mac/Library/Python/3.9/lib/python/site-packages/httpcore/_sync/http11.py", line 106, in handle_request
    ) = self._receive_response_headers(**kwargs)
  File "/Users/mac/Library/Python/3.9/lib/python/site-packages/httpcore/_sync/http11.py", line 177, in _receive_response_headers
    event = self._receive_event(timeout=timeout)
  File "/Users/mac/Library/Python/3.9/lib/python/site-packages/httpcore/_sync/http11.py", line 217, in _receive_event
    data = self._network_stream.read(
  File "/Users/mac/Library/Python/3.9/lib/python/site-packages/httpcore/_backends/sync.py", line 128, in read
    return self._sock.recv(max_bytes)
  File "/Library/Developer/CommandLineTools/Library/Frameworks/Python3.framework/Versions/3.9/lib/python3.9/contextlib.py", line 135, in __exit__
    self.gen.throw(type, value, traceback)
  File "/Users/mac/Library/Python/3.9/lib/python/site-packages/httpcore/_exceptions.py", line 14, in map_exceptions
    raise to_exc(exc) from exc
httpcore.ReadError: [Errno 54] Connection reset by peer

The above exception was the direct cause of the following exception:

Traceback (most recent call last):
  File "/Users/mac/Library/Python/3.9/lib/python/site-packages/openai/_base_client.py", line 1065, in request
    response = self._send_request(
  File "/Users/mac/Library/Python/3.9/lib/python/site-packages/openai/_client.py", line 483, in _send_request
    response = self._send_with_auth_retry(request, stream=stream, **kwargs)
  File "/Users/mac/Library/Python/3.9/lib/python/site-packages/openai/_client.py", line 461, in _send_with_auth_retry
    response = super()._send_request(request, stream=stream, **kwargs)
  File "/Users/mac/Library/Python/3.9/lib/python/site-packages/openai/_base_client.py", line 990, in _send_request
    return self._client.send(request, stream=stream, **kwargs)
  File "/Users/mac/Library/Python/3.9/lib/python/site-packages/httpx/_client.py", line 914, in send
    response = self._send_handling_auth(
  File "/Users/mac/Library/Python/3.9/lib/python/site-packages/httpx/_client.py", line 942, in _send_handling_auth
    response = self._send_handling_redirects(
  File "/Users/mac/Library/Python/3.9/lib/python/site-packages/httpx/_client.py", line 979, in _send_handling_redirects
    response = self._send_single_request(request)
  File "/Users/mac/Library/Python/3.9/lib/python/site-packages/httpx/_client.py", line 1014, in _send_single_request
    response = transport.handle_request(request)
  File "/Users/mac/Library/Python/3.9/lib/python/site-packages/httpx/_transports/default.py", line 250, in handle_request
    resp = self._pool.handle_request(req)
  File "/Library/Developer/CommandLineTools/Library/Frameworks/Python3.framework/Versions/3.9/lib/python3.9/contextlib.py", line 135, in __exit__
    self.gen.throw(type, value, traceback)
  File "/Users/mac/Library/Python/3.9/lib/python/site-packages/httpx/_transports/default.py", line 118, in map_httpcore_exceptions
    raise mapped_exc(message) from exc
httpx.ReadError: [Errno 54] Connection reset by peer

The above exception was the direct cause of the following exception:

Traceback (most recent call last):
  File "/Users/mac/.codex/skills/.system/imagegen/scripts/image_gen.py", line 995, in <module>
    raise SystemExit(main())
  File "/Users/mac/.codex/skills/.system/imagegen/scripts/image_gen.py", line 990, in main
    args.func(args)
  File "/Users/mac/.codex/skills/.system/imagegen/scripts/image_gen.py", line 831, in _edit
    result = client.images.edit(**request)
  File "/Users/mac/Library/Python/3.9/lib/python/site-packages/openai/_utils/_utils.py", line 298, in wrapper
    return func(*args, **kwargs)
  File "/Users/mac/Library/Python/3.9/lib/python/site-packages/openai/resources/images.py", line 570, in edit
    return self._post(
  File "/Users/mac/Library/Python/3.9/lib/python/site-packages/openai/_base_client.py", line 1360, in post
    return cast(ResponseT, self.request(cast_to, opts, stream=stream, stream_cls=stream_cls))
  File "/Users/mac/Library/Python/3.9/lib/python/site-packages/openai/_base_client.py", line 1100, in request
    raise APIConnectionError(request=request) from err
openai.APIConnectionError: Connection error.
[11] сбой сети/API; повтор через 20 секунд
[11] попытка 2/3: Ideas
OPENAI_API_KEY is set.
Calling Image API (edit) with 1 image(s).
Traceback (most recent call last):
  File "/Users/mac/Library/Python/3.9/lib/python/site-packages/httpx/_transports/default.py", line 101, in map_httpcore_exceptions
    yield
  File "/Users/mac/Library/Python/3.9/lib/python/site-packages/httpx/_transports/default.py", line 250, in handle_request
    resp = self._pool.handle_request(req)
  File "/Users/mac/Library/Python/3.9/lib/python/site-packages/httpcore/_sync/connection_pool.py", line 256, in handle_request
    raise exc from None
  File "/Users/mac/Library/Python/3.9/lib/python/site-packages/httpcore/_sync/connection_pool.py", line 236, in handle_request
    response = connection.handle_request(
  File "/Users/mac/Library/Python/3.9/lib/python/site-packages/httpcore/_sync/connection.py", line 103, in handle_request
    return self._connection.handle_request(request)
  File "/Users/mac/Library/Python/3.9/lib/python/site-packages/httpcore/_sync/http11.py", line 136, in handle_request
    raise exc
  File "/Users/mac/Library/Python/3.9/lib/python/site-packages/httpcore/_sync/http11.py", line 106, in handle_request
    ) = self._receive_response_headers(**kwargs)
  File "/Users/mac/Library/Python/3.9/lib/python/site-packages/httpcore/_sync/http11.py", line 177, in _receive_response_headers
    event = self._receive_event(timeout=timeout)
  File "/Users/mac/Library/Python/3.9/lib/python/site-packages/httpcore/_sync/http11.py", line 217, in _receive_event
    data = self._network_stream.read(
  File "/Users/mac/Library/Python/3.9/lib/python/site-packages/httpcore/_backends/sync.py", line 128, in read
    return self._sock.recv(max_bytes)
  File "/Library/Developer/CommandLineTools/Library/Frameworks/Python3.framework/Versions/3.9/lib/python3.9/contextlib.py", line 135, in __exit__
    self.gen.throw(type, value, traceback)
  File "/Users/mac/Library/Python/3.9/lib/python/site-packages/httpcore/_exceptions.py", line 14, in map_exceptions
    raise to_exc(exc) from exc
httpcore.ReadError: [Errno 54] Connection reset by peer

The above exception was the direct cause of the following exception:

Traceback (most recent call last):
  File "/Users/mac/Library/Python/3.9/lib/python/site-packages/openai/_base_client.py", line 1065, in request
    response = self._send_request(
  File "/Users/mac/Library/Python/3.9/lib/python/site-packages/openai/_client.py", line 483, in _send_request
    response = self._send_with_auth_retry(request, stream=stream, **kwargs)
  File "/Users/mac/Library/Python/3.9/lib/python/site-packages/openai/_client.py", line 461, in _send_with_auth_retry
    response = super()._send_request(request, stream=stream, **kwargs)
  File "/Users/mac/Library/Python/3.9/lib/python/site-packages/openai/_base_client.py", line 990, in _send_request
    return self._client.send(request, stream=stream, **kwargs)
  File "/Users/mac/Library/Python/3.9/lib/python/site-packages/httpx/_client.py", line 914, in send
    response = self._send_handling_auth(
  File "/Users/mac/Library/Python/3.9/lib/python/site-packages/httpx/_client.py", line 942, in _send_handling_auth
    response = self._send_handling_redirects(
  File "/Users/mac/Library/Python/3.9/lib/python/site-packages/httpx/_client.py", line 979, in _send_handling_redirects
    response = self._send_single_request(request)
  File "/Users/mac/Library/Python/3.9/lib/python/site-packages/httpx/_client.py", line 1014, in _send_single_request
    response = transport.handle_request(request)
  File "/Users/mac/Library/Python/3.9/lib/python/site-packages/httpx/_transports/default.py", line 250, in handle_request
    resp = self._pool.handle_request(req)
  File "/Library/Developer/CommandLineTools/Library/Frameworks/Python3.framework/Versions/3.9/lib/python3.9/contextlib.py", line 135, in __exit__
    self.gen.throw(type, value, traceback)
  File "/Users/mac/Library/Python/3.9/lib/python/site-packages/httpx/_transports/default.py", line 118, in map_httpcore_exceptions
    raise mapped_exc(message) from exc
httpx.ReadError: [Errno 54] Connection reset by peer

The above exception was the direct cause of the following exception:

Traceback (most recent call last):
  File "/Users/mac/.codex/skills/.system/imagegen/scripts/image_gen.py", line 995, in <module>
    raise SystemExit(main())
  File "/Users/mac/.codex/skills/.system/imagegen/scripts/image_gen.py", line 990, in main
    args.func(args)
  File "/Users/mac/.codex/skills/.system/imagegen/scripts/image_gen.py", line 831, in _edit
    result = client.images.edit(**request)
  File "/Users/mac/Library/Python/3.9/lib/python/site-packages/openai/_utils/_utils.py", line 298, in wrapper
    return func(*args, **kwargs)
  File "/Users/mac/Library/Python/3.9/lib/python/site-packages/openai/resources/images.py", line 570, in edit
    return self._post(
  File "/Users/mac/Library/Python/3.9/lib/python/site-packages/openai/_base_client.py", line 1360, in post
    return cast(ResponseT, self.request(cast_to, opts, stream=stream, stream_cls=stream_cls))
  File "/Users/mac/Library/Python/3.9/lib/python/site-packages/openai/_base_client.py", line 1100, in request
    raise APIConnectionError(request=request) from err
openai.APIConnectionError: Connection error.
[11] сбой сети/API; повтор через 20 секунд
[11] попытка 3/3: Ideas
OPENAI_API_KEY is set.
Calling Image API (edit) with 1 image(s).
Edit completed in 123.1s.
Wrote /Users/mac/Documents/astro-mcp/assets/cards/final/gate-11-ideas-v1.png
[11] готово: gate-11-ideas-v1.png
[12] попытка 1/3: Selective expression
OPENAI_API_KEY is set.
Calling Image API (edit) with 1 image(s).
Traceback (most recent call last):
  File "/Users/mac/Library/Python/3.9/lib/python/site-packages/httpx/_transports/default.py", line 101, in map_httpcore_exceptions
    yield
  File "/Users/mac/Library/Python/3.9/lib/python/site-packages/httpx/_transports/default.py", line 250, in handle_request
    resp = self._pool.handle_request(req)
  File "/Users/mac/Library/Python/3.9/lib/python/site-packages/httpcore/_sync/connection_pool.py", line 256, in handle_request
    raise exc from None
  File "/Users/mac/Library/Python/3.9/lib/python/site-packages/httpcore/_sync/connection_pool.py", line 236, in handle_request
    response = connection.handle_request(
  File "/Users/mac/Library/Python/3.9/lib/python/site-packages/httpcore/_sync/connection.py", line 103, in handle_request
    return self._connection.handle_request(request)
  File "/Users/mac/Library/Python/3.9/lib/python/site-packages/httpcore/_sync/http11.py", line 136, in handle_request
    raise exc
  File "/Users/mac/Library/Python/3.9/lib/python/site-packages/httpcore/_sync/http11.py", line 106, in handle_request
    ) = self._receive_response_headers(**kwargs)
  File "/Users/mac/Library/Python/3.9/lib/python/site-packages/httpcore/_sync/http11.py", line 177, in _receive_response_headers
    event = self._receive_event(timeout=timeout)
  File "/Users/mac/Library/Python/3.9/lib/python/site-packages/httpcore/_sync/http11.py", line 217, in _receive_event
    data = self._network_stream.read(
  File "/Users/mac/Library/Python/3.9/lib/python/site-packages/httpcore/_backends/sync.py", line 128, in read
    return self._sock.recv(max_bytes)
  File "/Library/Developer/CommandLineTools/Library/Frameworks/Python3.framework/Versions/3.9/lib/python3.9/contextlib.py", line 135, in __exit__
    self.gen.throw(type, value, traceback)
  File "/Users/mac/Library/Python/3.9/lib/python/site-packages/httpcore/_exceptions.py", line 14, in map_exceptions
    raise to_exc(exc) from exc
httpcore.ReadError: [Errno 54] Connection reset by peer

The above exception was the direct cause of the following exception:

Traceback (most recent call last):
  File "/Users/mac/Library/Python/3.9/lib/python/site-packages/openai/_base_client.py", line 1065, in request
    response = self._send_request(
  File "/Users/mac/Library/Python/3.9/lib/python/site-packages/openai/_client.py", line 483, in _send_request
    response = self._send_with_auth_retry(request, stream=stream, **kwargs)
  File "/Users/mac/Library/Python/3.9/lib/python/site-packages/openai/_client.py", line 461, in _send_with_auth_retry
    response = super()._send_request(request, stream=stream, **kwargs)
  File "/Users/mac/Library/Python/3.9/lib/python/site-packages/openai/_base_client.py", line 990, in _send_request
    return self._client.send(request, stream=stream, **kwargs)
  File "/Users/mac/Library/Python/3.9/lib/python/site-packages/httpx/_client.py", line 914, in send
    response = self._send_handling_auth(
  File "/Users/mac/Library/Python/3.9/lib/python/site-packages/httpx/_client.py", line 942, in _send_handling_auth
    response = self._send_handling_redirects(
  File "/Users/mac/Library/Python/3.9/lib/python/site-packages/httpx/_client.py", line 979, in _send_handling_redirects
    response = self._send_single_request(request)
  File "/Users/mac/Library/Python/3.9/lib/python/site-packages/httpx/_client.py", line 1014, in _send_single_request
    response = transport.handle_request(request)
  File "/Users/mac/Library/Python/3.9/lib/python/site-packages/httpx/_transports/default.py", line 250, in handle_request
    resp = self._pool.handle_request(req)
  File "/Library/Developer/CommandLineTools/Library/Frameworks/Python3.framework/Versions/3.9/lib/python3.9/contextlib.py", line 135, in __exit__
    self.gen.throw(type, value, traceback)
  File "/Users/mac/Library/Python/3.9/lib/python/site-packages/httpx/_transports/default.py", line 118, in map_httpcore_exceptions
    raise mapped_exc(message) from exc
httpx.ReadError: [Errno 54] Connection reset by peer

The above exception was the direct cause of the following exception:

Traceback (most recent call last):
  File "/Users/mac/.codex/skills/.system/imagegen/scripts/image_gen.py", line 995, in <module>
    raise SystemExit(main())
  File "/Users/mac/.codex/skills/.system/imagegen/scripts/image_gen.py", line 990, in main
    args.func(args)
  File "/Users/mac/.codex/skills/.system/imagegen/scripts/image_gen.py", line 831, in _edit
    result = client.images.edit(**request)
  File "/Users/mac/Library/Python/3.9/lib/python/site-packages/openai/_utils/_utils.py", line 298, in wrapper
    return func(*args, **kwargs)
  File "/Users/mac/Library/Python/3.9/lib/python/site-packages/openai/resources/images.py", line 570, in edit
    return self._post(
  File "/Users/mac/Library/Python/3.9/lib/python/site-packages/openai/_base_client.py", line 1360, in post
    return cast(ResponseT, self.request(cast_to, opts, stream=stream, stream_cls=stream_cls))
  File "/Users/mac/Library/Python/3.9/lib/python/site-packages/openai/_base_client.py", line 1100, in request
    raise APIConnectionError(request=request) from err
openai.APIConnectionError: Connection error.
[12] сбой сети/API; повтор через 20 секунд
[12] попытка 2/3: Selective expression
OPENAI_API_KEY is set.
Calling Image API (edit) with 1 image(s).
Edit completed in 122.0s.
Wrote /Users/mac/Documents/astro-mcp/assets/cards/final/gate-12-caution-v1.png
[12] готово: gate-12-caution-v1.png
[14] попытка 1/3: Power and resources
OPENAI_API_KEY is set.
Calling Image API (edit) with 1 image(s).
Traceback (most recent call last):
  File "/Users/mac/.codex/skills/.system/imagegen/scripts/image_gen.py", line 995, in <module>
    raise SystemExit(main())
  File "/Users/mac/.codex/skills/.system/imagegen/scripts/image_gen.py", line 990, in main
    args.func(args)
  File "/Users/mac/.codex/skills/.system/imagegen/scripts/image_gen.py", line 831, in _edit
    result = client.images.edit(**request)
  File "/Users/mac/Library/Python/3.9/lib/python/site-packages/openai/_utils/_utils.py", line 298, in wrapper
    return func(*args, **kwargs)
  File "/Users/mac/Library/Python/3.9/lib/python/site-packages/openai/resources/images.py", line 570, in edit
    return self._post(
  File "/Users/mac/Library/Python/3.9/lib/python/site-packages/openai/_base_client.py", line 1360, in post
    return cast(ResponseT, self.request(cast_to, opts, stream=stream, stream_cls=stream_cls))
  File "/Users/mac/Library/Python/3.9/lib/python/site-packages/openai/_base_client.py", line 1133, in request
    raise self._make_status_error_from_response(err.response) from None
openai.RateLimitError: Error code: 429 - {'error': {'message': 'You have no credits remaining. Add credits to continue using the API at https://platform.openai.com/settings/organization/billing/.', 'type': 'insufficient_quota', 'param': None, 'code': 'credit_balance_exhausted'}}
[14] сбой сети/API; повтор через 20 секунд
[14] попытка 2/3: Power and resources
OPENAI_API_KEY is set.
Calling Image API (edit) with 1 image(s).
Traceback (most recent call last):
  File "/Users/mac/.codex/skills/.system/imagegen/scripts/image_gen.py", line 995, in <module>
    raise SystemExit(main())
  File "/Users/mac/.codex/skills/.system/imagegen/scripts/image_gen.py", line 990, in main
    args.func(args)
  File "/Users/mac/.codex/skills/.system/imagegen/scripts/image_gen.py", line 831, in _edit
    result = client.images.edit(**request)
  File "/Users/mac/Library/Python/3.9/lib/python/site-packages/openai/_utils/_utils.py", line 298, in wrapper
    return func(*args, **kwargs)
  File "/Users/mac/Library/Python/3.9/lib/python/site-packages/openai/resources/images.py", line 570, in edit
    return self._post(
  File "/Users/mac/Library/Python/3.9/lib/python/site-packages/openai/_base_client.py", line 1360, in post
    return cast(ResponseT, self.request(cast_to, opts, stream=stream, stream_cls=stream_cls))
  File "/Users/mac/Library/Python/3.9/lib/python/site-packages/openai/_base_client.py", line 1133, in request
    raise self._make_status_error_from_response(err.response) from None
openai.RateLimitError: Error code: 429 - {'error': {'message': 'You have no credits remaining. Add credits to continue using the API at https://platform.openai.com/settings/organization/billing/.', 'type': 'insufficient_quota', 'param': None, 'code': 'credit_balance_exhausted'}}
[14] сбой сети/API; повтор через 20 секунд
[14] попытка 3/3: Power and resources
OPENAI_API_KEY is set.
Calling Image API (edit) with 1 image(s).
Traceback (most recent call last):
  File "/Users/mac/.codex/skills/.system/imagegen/scripts/image_gen.py", line 995, in <module>
    raise SystemExit(main())
  File "/Users/mac/.codex/skills/.system/imagegen/scripts/image_gen.py", line 990, in main
    args.func(args)
  File "/Users/mac/.codex/skills/.system/imagegen/scripts/image_gen.py", line 831, in _edit
    result = client.images.edit(**request)
  File "/Users/mac/Library/Python/3.9/lib/python/site-packages/openai/_utils/_utils.py", line 298, in wrapper
    return func(*args, **kwargs)
  File "/Users/mac/Library/Python/3.9/lib/python/site-packages/openai/resources/images.py", line 570, in edit
    return self._post(
  File "/Users/mac/Library/Python/3.9/lib/python/site-packages/openai/_base_client.py", line 1360, in post
    return cast(ResponseT, self.request(cast_to, opts, stream=stream, stream_cls=stream_cls))
  File "/Users/mac/Library/Python/3.9/lib/python/site-packages/openai/_base_client.py", line 1133, in request
    raise self._make_status_error_from_response(err.response) from None
openai.RateLimitError: Error code: 429 - {'error': {'message': 'You have no credits remaining. Add credits to continue using the API at https://platform.openai.com/settings/organization/billing/.', 'type': 'insufficient_quota', 'param': None, 'code': 'credit_balance_exhausted'}}
[14] сбой сети/API; повтор через 20 секунд
[14] не удалось после трёх попыток — записано в render.log
[15] попытка 1/3: Extremes
OPENAI_API_KEY is set.
Calling Image API (edit) with 1 image(s).
Traceback (most recent call last):
  File "/Users/mac/.codex/skills/.system/imagegen/scripts/image_gen.py", line 995, in <module>
    raise SystemExit(main())
  File "/Users/mac/.codex/skills/.system/imagegen/scripts/image_gen.py", line 990, in main
    args.func(args)
  File "/Users/mac/.codex/skills/.system/imagegen/scripts/image_gen.py", line 831, in _edit
    result = client.images.edit(**request)
  File "/Users/mac/Library/Python/3.9/lib/python/site-packages/openai/_utils/_utils.py", line 298, in wrapper
    return func(*args, **kwargs)
  File "/Users/mac/Library/Python/3.9/lib/python/site-packages/openai/resources/images.py", line 570, in edit
    return self._post(
  File "/Users/mac/Library/Python/3.9/lib/python/site-packages/openai/_base_client.py", line 1360, in post
    return cast(ResponseT, self.request(cast_to, opts, stream=stream, stream_cls=stream_cls))
  File "/Users/mac/Library/Python/3.9/lib/python/site-packages/openai/_base_client.py", line 1133, in request
    raise self._make_status_error_from_response(err.response) from None
openai.RateLimitError: Error code: 429 - {'error': {'message': 'You have no credits remaining. Add credits to continue using the API at https://platform.openai.com/settings/organization/billing/.', 'type': 'insufficient_quota', 'param': None, 'code': 'credit_balance_exhausted'}}
[15] сбой сети/API; повтор через 20 секунд
[15] попытка 2/3: Extremes
OPENAI_API_KEY is set.
Calling Image API (edit) with 1 image(s).
Traceback (most recent call last):
  File "/Users/mac/.codex/skills/.system/imagegen/scripts/image_gen.py", line 995, in <module>
    raise SystemExit(main())
  File "/Users/mac/.codex/skills/.system/imagegen/scripts/image_gen.py", line 990, in main
    args.func(args)
  File "/Users/mac/.codex/skills/.system/imagegen/scripts/image_gen.py", line 831, in _edit
    result = client.images.edit(**request)
  File "/Users/mac/Library/Python/3.9/lib/python/site-packages/openai/_utils/_utils.py", line 298, in wrapper
    return func(*args, **kwargs)
  File "/Users/mac/Library/Python/3.9/lib/python/site-packages/openai/resources/images.py", line 570, in edit
    return self._post(
  File "/Users/mac/Library/Python/3.9/lib/python/site-packages/openai/_base_client.py", line 1360, in post
    return cast(ResponseT, self.request(cast_to, opts, stream=stream, stream_cls=stream_cls))
  File "/Users/mac/Library/Python/3.9/lib/python/site-packages/openai/_base_client.py", line 1133, in request
    raise self._make_status_error_from_response(err.response) from None
openai.RateLimitError: Error code: 429 - {'error': {'message': 'You have no credits remaining. Add credits to continue using the API at https://platform.openai.com/settings/organization/billing/.', 'type': 'insufficient_quota', 'param': None, 'code': 'credit_balance_exhausted'}}
[15] сбой сети/API; повтор через 20 секунд
[15] попытка 3/3: Extremes
OPENAI_API_KEY is set.
Calling Image API (edit) with 1 image(s).
Traceback (most recent call last):
  File "/Users/mac/.codex/skills/.system/imagegen/scripts/image_gen.py", line 995, in <module>
    raise SystemExit(main())
  File "/Users/mac/.codex/skills/.system/imagegen/scripts/image_gen.py", line 990, in main
    args.func(args)
  File "/Users/mac/.codex/skills/.system/imagegen/scripts/image_gen.py", line 831, in _edit
    result = client.images.edit(**request)
  File "/Users/mac/Library/Python/3.9/lib/python/site-packages/openai/_utils/_utils.py", line 298, in wrapper
    return func(*args, **kwargs)
  File "/Users/mac/Library/Python/3.9/lib/python/site-packages/openai/resources/images.py", line 570, in edit
    return self._post(
  File "/Users/mac/Library/Python/3.9/lib/python/site-packages/openai/_base_client.py", line 1360, in post
    return cast(ResponseT, self.request(cast_to, opts, stream=stream, stream_cls=stream_cls))
  File "/Users/mac/Library/Python/3.9/lib/python/site-packages/openai/_base_client.py", line 1133, in request
    raise self._make_status_error_from_response(err.response) from None
openai.RateLimitError: Error code: 429 - {'error': {'message': 'You have no credits remaining. Add credits to continue using the API at https://platform.openai.com/settings/organization/billing/.', 'type': 'insufficient_quota', 'param': None, 'code': 'credit_balance_exhausted'}}
[15] сбой сети/API; повтор через 20 секунд
[15] не удалось после трёх попыток — записано в render.log
[16] уже есть — пропускаю: gate-16-skills-v1.png
[17] уже есть — пропускаю: gate-17-opinions-v1.png
[18] уже есть — пропускаю: gate-18-correction-v1.png
[19] уже есть — пропускаю: gate-19-needs-v1.png
[20] уже есть — пропускаю: gate-20-present-v1.png
[21] уже есть — пропускаю: gate-21-control-v1.png
[22] уже есть — пропускаю: gate-22-openness-v1.png
[23] уже есть — пропускаю: gate-23-assimilation-v1.png
[24] попытка 1/3: Return and reflection
OPENAI_API_KEY is set.
Calling Image API (edit) with 1 image(s).
Traceback (most recent call last):
  File "/Users/mac/.codex/skills/.system/imagegen/scripts/image_gen.py", line 995, in <module>
    raise SystemExit(main())
  File "/Users/mac/.codex/skills/.system/imagegen/scripts/image_gen.py", line 990, in main
    args.func(args)
  File "/Users/mac/.codex/skills/.system/imagegen/scripts/image_gen.py", line 831, in _edit
    result = client.images.edit(**request)
  File "/Users/mac/Library/Python/3.9/lib/python/site-packages/openai/_utils/_utils.py", line 298, in wrapper
    return func(*args, **kwargs)
  File "/Users/mac/Library/Python/3.9/lib/python/site-packages/openai/resources/images.py", line 570, in edit
    return self._post(
  File "/Users/mac/Library/Python/3.9/lib/python/site-packages/openai/_base_client.py", line 1360, in post
    return cast(ResponseT, self.request(cast_to, opts, stream=stream, stream_cls=stream_cls))
  File "/Users/mac/Library/Python/3.9/lib/python/site-packages/openai/_base_client.py", line 1133, in request
    raise self._make_status_error_from_response(err.response) from None
openai.RateLimitError: Error code: 429 - {'error': {'message': 'You have no credits remaining. Add credits to continue using the API at https://platform.openai.com/settings/organization/billing/.', 'type': 'insufficient_quota', 'param': None, 'code': 'credit_balance_exhausted'}}
[24] сбой сети/API; повтор через 20 секунд
[24] попытка 2/3: Return and reflection
OPENAI_API_KEY is set.
Calling Image API (edit) with 1 image(s).
Traceback (most recent call last):
  File "/Users/mac/.codex/skills/.system/imagegen/scripts/image_gen.py", line 995, in <module>
    raise SystemExit(main())
  File "/Users/mac/.codex/skills/.system/imagegen/scripts/image_gen.py", line 990, in main
    args.func(args)
  File "/Users/mac/.codex/skills/.system/imagegen/scripts/image_gen.py", line 831, in _edit
    result = client.images.edit(**request)
  File "/Users/mac/Library/Python/3.9/lib/python/site-packages/openai/_utils/_utils.py", line 298, in wrapper
    return func(*args, **kwargs)
  File "/Users/mac/Library/Python/3.9/lib/python/site-packages/openai/resources/images.py", line 570, in edit
    return self._post(
  File "/Users/mac/Library/Python/3.9/lib/python/site-packages/openai/_base_client.py", line 1360, in post
    return cast(ResponseT, self.request(cast_to, opts, stream=stream, stream_cls=stream_cls))
  File "/Users/mac/Library/Python/3.9/lib/python/site-packages/openai/_base_client.py", line 1133, in request
    raise self._make_status_error_from_response(err.response) from None
openai.RateLimitError: Error code: 429 - {'error': {'message': 'You have no credits remaining. Add credits to continue using the API at https://platform.openai.com/settings/organization/billing/.', 'type': 'insufficient_quota', 'param': None, 'code': 'credit_balance_exhausted'}}
[24] сбой сети/API; повтор через 20 секунд
[24] попытка 3/3: Return and reflection
OPENAI_API_KEY is set.
Calling Image API (edit) with 1 image(s).
Traceback (most recent call last):
  File "/Users/mac/.codex/skills/.system/imagegen/scripts/image_gen.py", line 995, in <module>
    raise SystemExit(main())
  File "/Users/mac/.codex/skills/.system/imagegen/scripts/image_gen.py", line 990, in main
    args.func(args)
  File "/Users/mac/.codex/skills/.system/imagegen/scripts/image_gen.py", line 831, in _edit
    result = client.images.edit(**request)
  File "/Users/mac/Library/Python/3.9/lib/python/site-packages/openai/_utils/_utils.py", line 298, in wrapper
    return func(*args, **kwargs)
  File "/Users/mac/Library/Python/3.9/lib/python/site-packages/openai/resources/images.py", line 570, in edit
    return self._post(
  File "/Users/mac/Library/Python/3.9/lib/python/site-packages/openai/_base_client.py", line 1360, in post
    return cast(ResponseT, self.request(cast_to, opts, stream=stream, stream_cls=stream_cls))
  File "/Users/mac/Library/Python/3.9/lib/python/site-packages/openai/_base_client.py", line 1133, in request
    raise self._make_status_error_from_response(err.response) from None
openai.RateLimitError: Error code: 429 - {'error': {'message': 'You have no credits remaining. Add credits to continue using the API at https://platform.openai.com/settings/organization/billing/.', 'type': 'insufficient_quota', 'param': None, 'code': 'credit_balance_exhausted'}}
[24] сбой сети/API; повтор через 20 секунд
[24] не удалось после трёх попыток — записано в render.log
[25] уже есть — пропускаю: gate-25-spirit-v1.png
[26] уже есть — пропускаю: gate-26-persuasion-v1.png
[27] попытка 1/3: Care and nourishment
OPENAI_API_KEY is set.
Calling Image API (edit) with 1 image(s).
Traceback (most recent call last):
  File "/Users/mac/.codex/skills/.system/imagegen/scripts/image_gen.py", line 995, in <module>
    raise SystemExit(main())
  File "/Users/mac/.codex/skills/.system/imagegen/scripts/image_gen.py", line 990, in main
    args.func(args)
  File "/Users/mac/.codex/skills/.system/imagegen/scripts/image_gen.py", line 831, in _edit
    result = client.images.edit(**request)
  File "/Users/mac/Library/Python/3.9/lib/python/site-packages/openai/_utils/_utils.py", line 298, in wrapper
    return func(*args, **kwargs)
  File "/Users/mac/Library/Python/3.9/lib/python/site-packages/openai/resources/images.py", line 570, in edit
    return self._post(
  File "/Users/mac/Library/Python/3.9/lib/python/site-packages/openai/_base_client.py", line 1360, in post
    return cast(ResponseT, self.request(cast_to, opts, stream=stream, stream_cls=stream_cls))
  File "/Users/mac/Library/Python/3.9/lib/python/site-packages/openai/_base_client.py", line 1133, in request
    raise self._make_status_error_from_response(err.response) from None
openai.RateLimitError: Error code: 429 - {'error': {'message': 'You have no credits remaining. Add credits to continue using the API at https://platform.openai.com/settings/organization/billing/.', 'type': 'insufficient_quota', 'param': None, 'code': 'credit_balance_exhausted'}}
[27] сбой сети/API; повтор через 20 секунд
[27] попытка 2/3: Care and nourishment
OPENAI_API_KEY is set.
Calling Image API (edit) with 1 image(s).
Traceback (most recent call last):
  File "/Users/mac/.codex/skills/.system/imagegen/scripts/image_gen.py", line 995, in <module>
    raise SystemExit(main())
  File "/Users/mac/.codex/skills/.system/imagegen/scripts/image_gen.py", line 990, in main
    args.func(args)
  File "/Users/mac/.codex/skills/.system/imagegen/scripts/image_gen.py", line 831, in _edit
    result = client.images.edit(**request)
  File "/Users/mac/Library/Python/3.9/lib/python/site-packages/openai/_utils/_utils.py", line 298, in wrapper
    return func(*args, **kwargs)
  File "/Users/mac/Library/Python/3.9/lib/python/site-packages/openai/resources/images.py", line 570, in edit
    return self._post(
  File "/Users/mac/Library/Python/3.9/lib/python/site-packages/openai/_base_client.py", line 1360, in post
    return cast(ResponseT, self.request(cast_to, opts, stream=stream, stream_cls=stream_cls))
  File "/Users/mac/Library/Python/3.9/lib/python/site-packages/openai/_base_client.py", line 1133, in request
    raise self._make_status_error_from_response(err.response) from None
openai.RateLimitError: Error code: 429 - {'error': {'message': 'You have no credits remaining. Add credits to continue using the API at https://platform.openai.com/settings/organization/billing/.', 'type': 'insufficient_quota', 'param': None, 'code': 'credit_balance_exhausted'}}
[27] сбой сети/API; повтор через 20 секунд
[27] попытка 3/3: Care and nourishment
OPENAI_API_KEY is set.
Calling Image API (edit) with 1 image(s).
Traceback (most recent call last):
  File "/Users/mac/.codex/skills/.system/imagegen/scripts/image_gen.py", line 995, in <module>
    raise SystemExit(main())
  File "/Users/mac/.codex/skills/.system/imagegen/scripts/image_gen.py", line 990, in main
    args.func(args)
  File "/Users/mac/.codex/skills/.system/imagegen/scripts/image_gen.py", line 831, in _edit
    result = client.images.edit(**request)
  File "/Users/mac/Library/Python/3.9/lib/python/site-packages/openai/_utils/_utils.py", line 298, in wrapper
    return func(*args, **kwargs)
  File "/Users/mac/Library/Python/3.9/lib/python/site-packages/openai/resources/images.py", line 570, in edit
    return self._post(
  File "/Users/mac/Library/Python/3.9/lib/python/site-packages/openai/_base_client.py", line 1360, in post
    return cast(ResponseT, self.request(cast_to, opts, stream=stream, stream_cls=stream_cls))
  File "/Users/mac/Library/Python/3.9/lib/python/site-packages/openai/_base_client.py", line 1133, in request
    raise self._make_status_error_from_response(err.response) from None
openai.RateLimitError: Error code: 429 - {'error': {'message': 'You have no credits remaining. Add credits to continue using the API at https://platform.openai.com/settings/organization/billing/.', 'type': 'insufficient_quota', 'param': None, 'code': 'credit_balance_exhausted'}}
[27] сбой сети/API; повтор через 20 секунд
[27] не удалось после трёх попыток — записано в render.log
[28] уже есть — пропускаю: gate-28-risk-v1.png
[29] уже есть — пропускаю: gate-29-commitment-v1.png
[30] уже есть — пропускаю: gate-30-desire-v1.png
[31] уже есть — пропускаю: gate-31-leadership-v1.png
[32] уже есть — пропускаю: gate-32-continuity-v1.png
[33] уже есть — пропускаю: gate-33-retreat-v1.png
[34] уже есть — пропускаю: gate-34-power-v1.png
[35] уже есть — пропускаю: gate-35-change-v1.png
[36] уже есть — пропускаю: gate-36-crisis-v1.png
[37] уже есть — пропускаю: gate-37-belonging-v1.png
[38] уже есть — пропускаю: gate-38-struggle-v1.png
[39] уже есть — пропускаю: gate-39-provocation-v1.png
[40] уже есть — пропускаю: gate-40-solitude-v1.png
[41] попытка 1/3: The first spark of desire
OPENAI_API_KEY is set.
Calling Image API (edit) with 1 image(s).
Traceback (most recent call last):
  File "/Users/mac/.codex/skills/.system/imagegen/scripts/image_gen.py", line 995, in <module>
    raise SystemExit(main())
  File "/Users/mac/.codex/skills/.system/imagegen/scripts/image_gen.py", line 990, in main
    args.func(args)
  File "/Users/mac/.codex/skills/.system/imagegen/scripts/image_gen.py", line 831, in _edit
    result = client.images.edit(**request)
  File "/Users/mac/Library/Python/3.9/lib/python/site-packages/openai/_utils/_utils.py", line 298, in wrapper
    return func(*args, **kwargs)
  File "/Users/mac/Library/Python/3.9/lib/python/site-packages/openai/resources/images.py", line 570, in edit
    return self._post(
  File "/Users/mac/Library/Python/3.9/lib/python/site-packages/openai/_base_client.py", line 1360, in post
    return cast(ResponseT, self.request(cast_to, opts, stream=stream, stream_cls=stream_cls))
  File "/Users/mac/Library/Python/3.9/lib/python/site-packages/openai/_base_client.py", line 1133, in request
    raise self._make_status_error_from_response(err.response) from None
openai.RateLimitError: Error code: 429 - {'error': {'message': 'You have no credits remaining. Add credits to continue using the API at https://platform.openai.com/settings/organization/billing/.', 'type': 'insufficient_quota', 'param': None, 'code': 'credit_balance_exhausted'}}
[41] сбой сети/API; повтор через 20 секунд
[41] попытка 2/3: The first spark of desire
OPENAI_API_KEY is set.
Calling Image API (edit) with 1 image(s).
Traceback (most recent call last):
  File "/Users/mac/.codex/skills/.system/imagegen/scripts/image_gen.py", line 995, in <module>
    raise SystemExit(main())
  File "/Users/mac/.codex/skills/.system/imagegen/scripts/image_gen.py", line 990, in main
    args.func(args)
  File "/Users/mac/.codex/skills/.system/imagegen/scripts/image_gen.py", line 831, in _edit
    result = client.images.edit(**request)
  File "/Users/mac/Library/Python/3.9/lib/python/site-packages/openai/_utils/_utils.py", line 298, in wrapper
    return func(*args, **kwargs)
  File "/Users/mac/Library/Python/3.9/lib/python/site-packages/openai/resources/images.py", line 570, in edit
    return self._post(
  File "/Users/mac/Library/Python/3.9/lib/python/site-packages/openai/_base_client.py", line 1360, in post
    return cast(ResponseT, self.request(cast_to, opts, stream=stream, stream_cls=stream_cls))
  File "/Users/mac/Library/Python/3.9/lib/python/site-packages/openai/_base_client.py", line 1133, in request
    raise self._make_status_error_from_response(err.response) from None
openai.RateLimitError: Error code: 429 - {'error': {'message': 'You have no credits remaining. Add credits to continue using the API at https://platform.openai.com/settings/organization/billing/.', 'type': 'insufficient_quota', 'param': None, 'code': 'credit_balance_exhausted'}}
[41] сбой сети/API; повтор через 20 секунд
[41] попытка 3/3: The first spark of desire
OPENAI_API_KEY is set.
Calling Image API (edit) with 1 image(s).
Traceback (most recent call last):
  File "/Users/mac/.codex/skills/.system/imagegen/scripts/image_gen.py", line 995, in <module>
    raise SystemExit(main())
  File "/Users/mac/.codex/skills/.system/imagegen/scripts/image_gen.py", line 990, in main
    args.func(args)
  File "/Users/mac/.codex/skills/.system/imagegen/scripts/image_gen.py", line 831, in _edit
    result = client.images.edit(**request)
  File "/Users/mac/Library/Python/3.9/lib/python/site-packages/openai/_utils/_utils.py", line 298, in wrapper
    return func(*args, **kwargs)
  File "/Users/mac/Library/Python/3.9/lib/python/site-packages/openai/resources/images.py", line 570, in edit
    return self._post(
  File "/Users/mac/Library/Python/3.9/lib/python/site-packages/openai/_base_client.py", line 1360, in post
    return cast(ResponseT, self.request(cast_to, opts, stream=stream, stream_cls=stream_cls))
  File "/Users/mac/Library/Python/3.9/lib/python/site-packages/openai/_base_client.py", line 1133, in request
    raise self._make_status_error_from_response(err.response) from None
openai.RateLimitError: Error code: 429 - {'error': {'message': 'You have no credits remaining. Add credits to continue using the API at https://platform.openai.com/settings/organization/billing/.', 'type': 'insufficient_quota', 'param': None, 'code': 'credit_balance_exhausted'}}
[41] сбой сети/API; повтор через 20 секунд
[41] не удалось после трёх попыток — записано в render.log
[42] попытка 1/3: Growth and completion
OPENAI_API_KEY is set.
Calling Image API (edit) with 1 image(s).
Traceback (most recent call last):
  File "/Users/mac/.codex/skills/.system/imagegen/scripts/image_gen.py", line 995, in <module>
    raise SystemExit(main())
  File "/Users/mac/.codex/skills/.system/imagegen/scripts/image_gen.py", line 990, in main
    args.func(args)
  File "/Users/mac/.codex/skills/.system/imagegen/scripts/image_gen.py", line 831, in _edit
    result = client.images.edit(**request)
  File "/Users/mac/Library/Python/3.9/lib/python/site-packages/openai/_utils/_utils.py", line 298, in wrapper
    return func(*args, **kwargs)
  File "/Users/mac/Library/Python/3.9/lib/python/site-packages/openai/resources/images.py", line 570, in edit
    return self._post(
  File "/Users/mac/Library/Python/3.9/lib/python/site-packages/openai/_base_client.py", line 1360, in post
    return cast(ResponseT, self.request(cast_to, opts, stream=stream, stream_cls=stream_cls))
  File "/Users/mac/Library/Python/3.9/lib/python/site-packages/openai/_base_client.py", line 1133, in request
    raise self._make_status_error_from_response(err.response) from None
openai.RateLimitError: Error code: 429 - {'error': {'message': 'You have no credits remaining. Add credits to continue using the API at https://platform.openai.com/settings/organization/billing/.', 'type': 'insufficient_quota', 'param': None, 'code': 'credit_balance_exhausted'}}
[42] сбой сети/API; повтор через 20 секунд
[42] попытка 2/3: Growth and completion
OPENAI_API_KEY is set.
Calling Image API (edit) with 1 image(s).
Traceback (most recent call last):
  File "/Users/mac/.codex/skills/.system/imagegen/scripts/image_gen.py", line 995, in <module>
    raise SystemExit(main())
  File "/Users/mac/.codex/skills/.system/imagegen/scripts/image_gen.py", line 990, in main
    args.func(args)
  File "/Users/mac/.codex/skills/.system/imagegen/scripts/image_gen.py", line 831, in _edit
    result = client.images.edit(**request)
  File "/Users/mac/Library/Python/3.9/lib/python/site-packages/openai/_utils/_utils.py", line 298, in wrapper
    return func(*args, **kwargs)
  File "/Users/mac/Library/Python/3.9/lib/python/site-packages/openai/resources/images.py", line 570, in edit
    return self._post(
  File "/Users/mac/Library/Python/3.9/lib/python/site-packages/openai/_base_client.py", line 1360, in post
    return cast(ResponseT, self.request(cast_to, opts, stream=stream, stream_cls=stream_cls))
  File "/Users/mac/Library/Python/3.9/lib/python/site-packages/openai/_base_client.py", line 1133, in request
    raise self._make_status_error_from_response(err.response) from None
openai.RateLimitError: Error code: 429 - {'error': {'message': 'You have no credits remaining. Add credits to continue using the API at https://platform.openai.com/settings/organization/billing/.', 'type': 'insufficient_quota', 'param': None, 'code': 'credit_balance_exhausted'}}
[42] сбой сети/API; повтор через 20 секунд
[42] попытка 3/3: Growth and completion
OPENAI_API_KEY is set.
Calling Image API (edit) with 1 image(s).
Traceback (most recent call last):
  File "/Users/mac/.codex/skills/.system/imagegen/scripts/image_gen.py", line 995, in <module>
    raise SystemExit(main())
  File "/Users/mac/.codex/skills/.system/imagegen/scripts/image_gen.py", line 990, in main
    args.func(args)
  File "/Users/mac/.codex/skills/.system/imagegen/scripts/image_gen.py", line 831, in _edit
    result = client.images.edit(**request)
  File "/Users/mac/Library/Python/3.9/lib/python/site-packages/openai/_utils/_utils.py", line 298, in wrapper
    return func(*args, **kwargs)
  File "/Users/mac/Library/Python/3.9/lib/python/site-packages/openai/resources/images.py", line 570, in edit
    return self._post(
  File "/Users/mac/Library/Python/3.9/lib/python/site-packages/openai/_base_client.py", line 1360, in post
    return cast(ResponseT, self.request(cast_to, opts, stream=stream, stream_cls=stream_cls))
  File "/Users/mac/Library/Python/3.9/lib/python/site-packages/openai/_base_client.py", line 1133, in request
    raise self._make_status_error_from_response(err.response) from None
openai.RateLimitError: Error code: 429 - {'error': {'message': 'You have no credits remaining. Add credits to continue using the API at https://platform.openai.com/settings/organization/billing/.', 'type': 'insufficient_quota', 'param': None, 'code': 'credit_balance_exhausted'}}
[42] сбой сети/API; повтор через 20 секунд
[42] не удалось после трёх попыток — записано в render.log
[43] уже есть — пропускаю: gate-43-insight-v1.png
[44] уже есть — пропускаю: gate-44-alertness-v1.png
[45] уже есть — пропускаю: gate-45-gathering-v1.png
[46] уже есть — пропускаю: gate-46-embodiment-v1.png
[47] уже есть — пропускаю: gate-47-realization-v1.png
[48] уже есть — пропускаю: gate-48-depth-v1.png
[49] уже есть — пропускаю: gate-49-principles-v1.png
[50] уже есть — пропускаю: gate-50-values-v1.png
[51] уже есть — пропускаю: gate-51-shock-v1.png
[52] уже есть — пропускаю: gate-52-stillness-v1.png
[53] уже есть — пропускаю: gate-53-beginning-v1.png
[54] уже есть — пропускаю: gate-54-ambition-v1.png
[55] уже есть — пропускаю: gate-55-spirit-v1.png
[56] уже есть — пропускаю: gate-56-storytelling-v1.png
[57] уже есть — пропускаю: gate-57-intuition-v1.png
[58] уже есть — пропускаю: gate-58-joy-v1.png
[59] уже есть — пропускаю: gate-59-intimacy-v1.png
[60] уже есть — пропускаю: gate-60-limits-v1.png
[61] уже есть — пропускаю: gate-61-mystery-v1.png
[62] уже есть — пропускаю: gate-62-details-v1.png
[63] уже есть — пропускаю: gate-63-doubt-v1.png
[64] уже есть — пропускаю: gate-64-confusion-v1.png
